pull_id,borrower_id,loan_id,pull_date,bureau,fico_score,inquiries_6m,mths_since_last_delinq
1,9770,1,2022-12-22,TransUnion,701,5,62
2,540,2,2023-07-18,TransUnion,727,5,50
3,625,3,2022-12-07,TransUnion,757,1,14
4,7129,4,2023-02-23,Experian,654,5,
5,13026,5,2020-12-16,Equifax,849,3,
6,9417,6,2023-10-08,TransUnion,727,2,
7,4076,7,2023-04-21,Equifax,707,4,27
8,8069,8,2022-02-18,Experian,731,4,
9,12003,9,2023-06-01,Equifax,788,2,
10,3219,10,2020-07-01,TransUnion,719,0,
11,10035,11,2022-01-29,Experian,728,4,
12,4397,12,2023-08-07,Experian,732,3,
13,2470,13,2023-01-06,Experian,738,2,
14,5827,14,2020-02-02,Equifax,583,2,
15,9663,15,2022-09-10,Equifax,705,0,32
16,6470,16,2020-10-04,Equifax,582,5,
17,8446,17,2023-08-20,Experian,634,1,
18,10486,18,2022-03-03,Equifax,676,1,
19,13857,19,2021-09-02,TransUnion,731,3,
20,2822,20,2022-12-14,TransUnion,749,0,
21,9155,21,2024-03-06,TransUnion,650,2,
22,2281,22,2023-08-23,TransUnion,793,4,51
23,2908,23,2022-05-19,Experian,783,0,
24,4412,24,2022-09-13,Experian,690,1,28
25,2728,25,2021-01-02,Experian,781,1,
26,504,26,2023-11-07,TransUnion,597,1,
27,1435,27,2021-06-25,TransUnion,596,5,
28,4160,28,2020-03-03,TransUnion,784,0,
29,13094,29,2021-12-03,Experian,753,0,64
30,1445,30,2023-06-10,Experian,664,1,
31,1235,31,2023-11-10,TransUnion,784,2,10
32,12075,32,2021-07-10,Experian,613,1,23
33,3544,33,2020-11-12,Equifax,670,3,33
34,13209,34,2022-08-17,TransUnion,683,5,
35,7496,35,2020-10-17,Experian,681,0,
36,411,36,2022-12-20,Experian,636,0,14
37,14002,37,2023-05-15,Experian,620,5,
38,5878,38,2022-08-07,Experian,797,2,
39,13868,39,2021-03-30,Experian,702,2,
40,13792,40,2021-07-29,TransUnion,747,2,
41,14229,41,2022-06-17,Experian,580,3,8
42,7858,42,2022-08-31,Experian,768,1,
43,8845,43,2021-01-04,TransUnion,586,2,
44,3908,44,2020-05-21,Experian,832,4,
45,7441,45,2020-05-25,TransUnion,666,4,
46,8354,46,2024-04-03,Equifax,733,1,
47,5870,47,2024-04-13,Experian,760,2,
48,14861,48,2021-11-28,Equifax,724,5,
49,8778,49,2020-08-21,TransUnion,684,2,
50,2100,50,2020-11-19,TransUnion,793,4,58
51,4820,51,2023-09-28,Experian,739,2,
52,2586,52,2023-09-20,Equifax,782,2,
53,10237,53,2022-04-28,TransUnion,833,2,
54,8267,54,2023-11-14,Experian,839,0,52
55,1047,55,2021-11-04,Experian,743,4,
56,10155,56,2021-05-07,Experian,744,2,20
57,9643,57,2023-09-10,TransUnion,708,2,
58,6414,58,2023-02-10,Experian,740,5,
59,14883,59,2022-07-04,Experian,625,5,
60,7158,60,2021-10-13,Experian,619,2,21
61,7510,61,2020-07-18,Experian,601,2,47
62,10782,62,2022-11-30,Equifax,711,4,14
63,13537,63,2021-09-23,Experian,683,1,66
64,4599,64,2021-07-04,Equifax,704,3,
65,4350,65,2020-05-18,Experian,690,4,5
66,13681,66,2023-11-08,Experian,802,4,
67,9818,67,2021-04-25,Experian,705,3,
68,1954,68,2020-05-01,Experian,744,3,58
69,7837,69,2022-12-05,Equifax,769,3,12
70,6399,70,2021-01-07,TransUnion,674,5,
71,9897,71,2022-12-16,Experian,698,1,
72,13194,72,2020-12-11,Equifax,798,4,
73,2367,73,2024-02-25,Experian,636,4,
74,1364,74,2022-04-30,Equifax,630,0,
75,11762,75,2020-05-27,TransUnion,826,0,35
76,14121,76,2021-10-18,TransUnion,736,1,6
77,530,77,2021-06-28,Experian,731,2,
78,10886,78,2022-09-12,Experian,616,3,
79,4864,79,2022-07-08,Experian,685,1,24
80,11072,80,2023-11-28,Experian,671,2,
81,1947,81,2020-06-03,TransUnion,749,3,
82,7922,82,2020-04-12,Equifax,665,2,55
83,3559,83,2022-12-17,Experian,582,0,
84,1035,84,2023-06-23,TransUnion,641,3,
85,4244,85,2021-03-02,Experian,742,4,48
86,128,86,2021-10-21,Experian,584,2,42
87,12535,87,2022-01-26,Experian,671,5,
88,5967,88,2022-04-22,TransUnion,655,5,
89,12514,89,2022-05-20,TransUnion,640,1,
90,10830,90,2021-07-10,Equifax,633,2,33
91,2474,91,2022-10-07,Experian,585,1,12
92,2547,92,2022-04-24,Equifax,709,5,
93,11856,93,2020-06-28,TransUnion,806,2,
94,10199,94,2023-10-06,Experian,821,0,15
95,14283,95,2022-11-08,Experian,735,4,
96,4436,96,2021-07-23,TransUnion,719,1,23
97,9730,97,2020-02-11,TransUnion,590,4,
98,3442,98,2020-04-28,Equifax,831,5,42
99,12583,99,2020-03-25,Experian,700,3,
100,14136,100,2024-01-09,Experian,699,1,9
101,11603,101,2020-10-03,Equifax,644,4,
102,12637,102,2021-11-26,TransUnion,664,0,5
103,4595,103,2021-09-16,Experian,701,1,
104,2261,104,2020-06-22,TransUnion,809,0,70
105,12050,105,2022-12-29,TransUnion,635,3,
106,3569,106,2020-10-17,Equifax,702,5,29
107,12122,107,2022-05-23,Experian,690,0,
108,13554,108,2023-08-16,Equifax,602,3,23
109,13081,109,2022-12-25,Experian,743,2,
110,12127,110,2023-10-18,Experian,699,3,
111,6246,111,2024-03-02,TransUnion,734,3,51
112,10850,112,2020-07-21,Equifax,717,0,
113,474,113,2022-05-26,Equifax,739,0,
114,6324,114,2022-06-15,Equifax,749,2,
115,14197,115,2024-04-20,Equifax,780,1,68
116,12087,116,2021-02-16,Equifax,740,5,70
117,14297,117,2021-08-11,Equifax,597,2,
118,4809,118,2023-06-04,Experian,641,2,
119,2440,119,2024-05-23,Experian,615,4,
120,931,120,2023-09-19,Experian,658,2,32
121,9621,121,2023-04-02,TransUnion,704,4,17
122,4327,122,2021-03-05,TransUnion,827,3,
123,14675,123,2023-04-25,Experian,655,2,
124,9494,124,2023-09-14,TransUnion,706,1,67
125,13437,125,2022-02-02,TransUnion,698,0,
126,7459,126,2021-12-19,TransUnion,708,5,51
127,5364,127,2020-04-18,Experian,726,2,49
128,14719,128,2023-04-22,Equifax,788,2,
129,1393,129,2022-12-11,Equifax,703,2,
130,5999,130,2023-07-05,TransUnion,718,1,
131,13635,131,2024-04-03,Equifax,636,5,48
132,9729,132,2023-06-30,Experian,760,4,17
133,14561,133,2021-03-15,Experian,670,2,
134,2708,134,2022-02-25,Experian,807,2,
135,9029,135,2020-04-13,Experian,710,5,59
136,12418,136,2022-12-09,TransUnion,738,2,
137,13532,137,2020-04-02,TransUnion,756,5,
138,7408,138,2020-10-17,TransUnion,643,4,
139,6680,139,2021-02-01,Experian,741,4,
140,11809,140,2020-06-05,TransUnion,640,0,
141,4409,141,2021-01-19,Equifax,617,4,
142,10973,142,2020-08-08,Experian,592,5,
143,4024,143,2020-01-31,Equifax,663,2,
144,4951,144,2024-03-16,TransUnion,660,5,35
145,78,145,2021-12-25,Experian,715,2,
146,14958,146,2024-04-28,Experian,640,0,
147,9323,147,2022-01-12,Equifax,694,5,
148,13082,148,2020-09-07,Equifax,673,2,50
149,2547,149,2021-04-01,Experian,709,4,43
150,8665,150,2022-08-16,Experian,740,5,23
151,9415,151,2021-09-13,TransUnion,592,2,
152,1131,152,2020-08-11,Experian,588,1,47
153,10906,153,2022-06-22,Experian,730,0,
154,7815,154,2023-03-11,TransUnion,661,2,
155,13577,155,2023-01-15,Equifax,722,2,28
156,802,156,2022-06-30,Equifax,718,1,
157,4110,157,2020-01-06,TransUnion,738,4,
158,1773,158,2024-04-18,Experian,743,5,
159,7540,159,2023-12-10,TransUnion,694,4,
160,4964,160,2020-10-29,Experian,754,4,
161,13882,161,2024-01-16,Experian,752,5,16
162,11476,162,2020-05-01,Equifax,708,0,
163,8478,163,2021-12-17,Equifax,598,2,13
164,6024,164,2021-11-15,TransUnion,672,2,46
165,9987,165,2020-01-02,Equifax,722,2,
166,4961,166,2023-01-08,Equifax,777,2,10
167,1636,167,2020-02-24,TransUnion,612,4,
168,7490,168,2023-06-14,Equifax,631,0,
169,9850,169,2023-07-18,TransUnion,590,4,
170,13939,170,2020-03-08,Experian,617,3,
171,4217,171,2021-04-08,TransUnion,774,3,65
172,6798,172,2022-10-05,Equifax,740,1,
173,8400,173,2020-09-30,TransUnion,705,0,
174,791,174,2021-12-18,Equifax,712,3,71
175,12540,175,2020-02-04,Equifax,771,4,70
176,5485,176,2024-01-12,Experian,802,2,68
177,4502,177,2020-09-26,Experian,623,1,57
178,89,178,2022-02-22,Experian,737,5,
179,5249,179,2024-03-31,Equifax,731,3,26
180,5117,180,2021-06-28,TransUnion,809,1,
181,3461,181,2022-08-12,Equifax,632,4,59
182,4586,182,2021-06-28,TransUnion,584,0,
183,8049,183,2024-03-22,Experian,719,5,27
184,2301,184,2023-06-10,Equifax,731,3,25
185,12319,185,2023-12-09,Equifax,638,1,
186,10059,186,2023-09-05,Experian,674,5,
187,2335,187,2020-03-07,TransUnion,589,3,
188,8875,188,2020-02-20,Experian,694,1,
189,4660,189,2022-05-02,TransUnion,658,3,48
190,859,190,2023-03-23,TransUnion,736,0,
191,14102,191,2020-04-16,Experian,635,0,28
192,11542,192,2023-03-05,TransUnion,722,4,
193,11253,193,2020-02-27,Experian,609,4,57
194,5796,194,2022-06-23,Equifax,685,1,34
195,6200,195,2023-05-16,TransUnion,742,0,
196,10643,196,2022-08-12,Experian,693,2,
197,11472,197,2023-05-26,Experian,695,2,
198,471,198,2024-01-08,Experian,756,1,20
199,14758,199,2021-10-07,Experian,760,2,55
200,8615,200,2021-01-31,TransUnion,823,1,
201,5129,201,2023-09-19,Equifax,716,4,
202,13406,202,2021-07-31,Experian,703,0,
203,10090,203,2021-08-16,TransUnion,711,4,13
204,10158,204,2024-03-26,TransUnion,730,0,
205,3266,205,2022-12-16,Experian,733,4,
206,10818,206,2022-04-18,TransUnion,747,1,66
207,3039,207,2023-08-07,TransUnion,701,2,15
208,7289,208,2022-12-17,Equifax,608,2,56
209,14751,209,2021-05-23,TransUnion,639,3,13
210,6665,210,2022-10-06,Experian,712,4,
211,6307,211,2023-12-23,Experian,796,1,
212,11368,212,2024-01-15,TransUnion,698,0,
213,6422,213,2022-03-01,Experian,748,5,11
214,14098,214,2022-01-06,Experian,668,2,16
215,13347,215,2024-03-31,Experian,616,5,50
216,8182,216,2020-04-12,TransUnion,708,5,
217,14824,217,2022-08-07,Experian,646,4,66
218,6102,218,2022-10-16,TransUnion,611,4,
219,8230,219,2024-03-18,Equifax,692,2,42
220,9088,220,2022-01-01,TransUnion,647,1,
221,6706,221,2021-10-03,TransUnion,795,0,47
222,1727,222,2022-05-19,Equifax,736,0,
223,308,223,2024-03-18,TransUnion,799,4,43
224,9619,224,2020-09-06,Experian,778,0,
225,177,225,2020-12-18,TransUnion,687,0,
226,6696,226,2023-12-20,TransUnion,702,5,41
227,31,227,2023-12-23,Experian,658,4,
228,13199,228,2022-02-09,Equifax,760,3,
229,3337,229,2021-05-27,Experian,762,3,25
230,7757,230,2023-10-18,Equifax,737,2,
231,7400,231,2021-03-31,TransUnion,723,4,35
232,13800,232,2020-09-14,Equifax,737,5,
233,7675,233,2023-07-16,TransUnion,635,4,
234,1137,234,2023-09-24,Experian,736,0,
235,13559,235,2021-02-27,Equifax,649,3,
236,8526,236,2024-02-27,TransUnion,774,2,
237,7845,237,2020-09-09,TransUnion,842,1,
238,5586,238,2023-12-14,Equifax,723,2,6
239,3695,239,2022-04-14,TransUnion,597,2,51
240,6101,240,2022-11-08,Experian,653,4,
241,2597,241,2021-01-16,TransUnion,663,5,31
242,7818,242,2022-08-14,Experian,722,0,59
243,12360,243,2022-12-18,Equifax,750,1,12
244,12125,244,2024-01-11,Experian,651,0,7
245,9562,245,2022-11-25,Equifax,622,1,62
246,5552,246,2023-10-18,Experian,748,3,
247,6945,247,2020-12-29,Equifax,657,4,
248,5515,248,2021-01-05,Equifax,696,0,40
249,8399,249,2023-11-13,Equifax,682,1,
250,13689,250,2023-05-19,TransUnion,591,2,
251,1492,251,2020-06-03,TransUnion,740,3,61
252,9573,252,2021-02-06,TransUnion,643,1,
253,5540,253,2021-01-25,TransUnion,727,4,33
254,1476,254,2021-09-18,TransUnion,672,0,37
255,8322,255,2021-10-10,TransUnion,818,1,5
256,1572,256,2021-09-08,Equifax,644,5,
257,11882,257,2023-07-24,TransUnion,680,1,30
258,4601,258,2022-03-21,TransUnion,698,1,
259,13753,259,2021-11-19,Equifax,663,3,
260,10387,260,2020-02-28,Equifax,675,1,
261,12440,261,2023-08-15,Experian,667,1,
262,5646,262,2022-02-18,TransUnion,629,5,
263,1081,263,2024-03-17,TransUnion,720,5,
264,8093,264,2023-05-30,Experian,652,5,53
265,6352,265,2022-12-25,TransUnion,738,2,66
266,3402,266,2023-02-13,Equifax,649,4,62
267,2317,267,2023-06-15,TransUnion,849,5,16
268,10155,268,2020-10-30,Experian,744,0,14
269,6531,269,2020-03-23,TransUnion,793,2,
270,787,270,2020-02-04,Experian,800,1,14
271,12227,271,2020-01-31,TransUnion,691,3,
272,9879,272,2024-02-16,TransUnion,705,0,10
273,7127,273,2022-04-27,Experian,604,5,24
274,8578,274,2023-10-08,TransUnion,654,2,
275,367,275,2023-07-07,TransUnion,842,0,
276,762,276,2023-03-15,TransUnion,613,3,
277,4418,277,2022-01-29,Experian,813,2,54
278,2373,278,2022-07-22,TransUnion,726,1,
279,12892,279,2022-07-05,Equifax,769,2,
280,2552,280,2023-11-09,TransUnion,614,5,
281,3999,281,2023-03-02,TransUnion,673,0,7
282,14093,282,2024-04-02,TransUnion,780,3,27
283,5119,283,2024-01-15,Experian,775,3,
284,13395,284,2021-06-02,TransUnion,726,1,
285,5084,285,2023-04-20,Equifax,595,0,65
286,4356,286,2020-11-22,Experian,822,2,58
287,9310,287,2021-12-22,Experian,734,4,
288,5876,288,2024-03-06,Equifax,698,4,63
289,2193,289,2020-11-26,TransUnion,707,4,
290,4572,290,2020-03-04,Equifax,786,2,19
291,4114,291,2023-04-04,TransUnion,651,5,54
292,11664,292,2023-02-06,TransUnion,637,0,
293,3110,293,2022-06-30,Experian,656,4,34
294,5971,294,2022-07-19,Experian,591,2,
295,6070,295,2021-01-22,Experian,749,4,
296,14757,296,2023-12-14,Equifax,740,1,
297,3396,297,2022-09-11,Experian,755,3,
298,10634,298,2020-11-13,TransUnion,737,2,
299,13251,299,2020-11-05,TransUnion,808,4,
300,6382,300,2022-08-06,Equifax,707,3,25
301,8465,301,2021-06-22,TransUnion,726,3,43
302,3860,302,2020-10-14,Equifax,774,2,
303,10599,303,2023-01-04,TransUnion,625,1,
304,10837,304,2021-03-18,Experian,743,0,
305,7186,305,2023-04-19,Experian,603,5,
306,10157,306,2020-01-10,Equifax,830,1,
307,12053,307,2021-11-05,Equifax,773,4,5
308,8079,308,2022-05-12,TransUnion,774,1,
309,11870,309,2020-03-09,Experian,690,4,
310,11313,310,2023-02-13,TransUnion,733,5,5
311,1345,311,2020-01-08,TransUnion,595,2,
312,6584,312,2021-09-11,Experian,598,0,
313,4358,313,2022-11-12,Experian,704,2,
314,13895,314,2024-03-15,Equifax,693,1,57
315,6236,315,2021-06-29,TransUnion,764,3,6
316,13001,316,2022-09-22,TransUnion,798,3,
317,12054,317,2022-05-06,TransUnion,584,1,
318,11403,318,2021-06-12,Experian,657,1,
319,2537,319,2022-02-01,Equifax,655,0,49
320,7011,320,2020-10-13,Equifax,681,4,
321,13568,321,2023-08-19,TransUnion,697,3,
322,2338,322,2023-03-19,Equifax,706,3,
323,1951,323,2024-01-31,TransUnion,754,3,4
324,6696,324,2022-06-16,Experian,702,4,11
325,13817,325,2023-12-06,Experian,641,4,
326,7065,326,2022-11-06,Experian,699,0,
327,2556,327,2020-01-27,TransUnion,596,5,
328,9040,328,2022-08-14,TransUnion,644,1,55
329,11583,329,2024-02-21,Experian,580,1,21
330,5733,330,2020-03-11,Experian,844,2,
331,10191,331,2020-04-28,TransUnion,740,4,
332,2732,332,2023-07-31,Equifax,725,3,21
333,11615,333,2022-09-09,Equifax,810,5,6
334,1376,334,2020-08-10,TransUnion,631,2,68
335,887,335,2022-12-11,Experian,818,2,35
336,5458,336,2022-06-05,Experian,724,5,
337,13927,337,2022-06-03,Experian,705,0,62
338,13512,338,2021-09-30,Equifax,618,1,
339,3261,339,2021-06-16,TransUnion,612,5,
340,8923,340,2023-06-18,TransUnion,725,0,
341,13758,341,2020-01-02,Equifax,712,5,
342,8788,342,2021-12-02,Equifax,736,3,
343,13129,343,2020-03-31,TransUnion,718,3,
344,3823,344,2021-06-17,Equifax,833,3,8
345,9254,345,2023-06-01,Equifax,609,1,20
346,13550,346,2022-09-27,TransUnion,716,3,39
347,14569,347,2024-05-25,Experian,722,2,61
348,3709,348,2021-05-20,TransUnion,661,1,
349,8293,349,2023-04-09,TransUnion,705,3,47
350,12773,350,2024-01-31,Experian,825,2,45
351,292,351,2022-04-23,Equifax,694,1,22
352,10183,352,2021-05-09,Experian,750,4,19
353,12601,353,2022-08-01,TransUnion,715,4,56
354,7441,354,2022-06-20,Equifax,666,2,68
355,8463,355,2023-06-06,Equifax,675,1,
356,9196,356,2023-07-31,Experian,747,0,
357,5397,357,2023-03-12,Equifax,719,1,52
358,1244,358,2022-10-23,TransUnion,707,0,31
359,8005,359,2023-05-14,Experian,738,3,
360,1040,360,2020-03-17,Experian,719,2,
361,13474,361,2020-03-30,TransUnion,713,4,
362,12993,362,2021-09-27,Equifax,736,5,
363,5144,363,2020-11-11,Experian,630,5,
364,9215,364,2022-06-12,Experian,607,1,33
365,10022,365,2024-05-23,Experian,706,5,
366,14711,366,2024-04-10,Equifax,679,4,68
367,12281,367,2020-08-19,TransUnion,675,5,
368,8720,368,2020-04-12,Experian,759,1,5
369,14997,369,2024-02-06,Equifax,707,0,64
370,13118,370,2024-03-21,Experian,758,1,
371,2363,371,2022-08-22,Equifax,659,0,34
372,13421,372,2021-12-01,Equifax,638,1,
373,5011,373,2024-04-21,Experian,748,3,42
374,154,374,2022-03-13,Experian,616,2,
375,1606,375,2023-09-04,Experian,661,1,
376,2426,376,2022-09-09,Equifax,639,2,
377,10094,377,2023-03-03,Equifax,638,5,11
378,10511,378,2023-03-23,Experian,766,3,
379,1181,379,2021-07-16,Experian,816,0,
380,4161,380,2021-06-17,TransUnion,691,4,
381,7167,381,2023-08-21,Experian,678,2,
382,388,382,2023-05-02,Equifax,595,1,
383,7009,383,2022-06-02,Experian,591,0,21
384,5026,384,2021-10-02,Experian,738,4,
385,9217,385,2021-12-29,Experian,837,0,
386,1487,386,2022-02-05,TransUnion,663,2,30
387,6663,387,2021-01-02,Equifax,644,5,
388,5986,388,2022-09-13,TransUnion,690,0,
389,14606,389,2020-11-14,Experian,736,1,
390,12670,390,2022-10-19,TransUnion,789,4,
391,3206,391,2022-05-07,TransUnion,719,4,60
392,2798,392,2020-03-26,Equifax,691,5,24
393,5851,393,2020-07-30,Experian,713,0,22
394,3305,394,2022-08-20,Equifax,685,3,
395,5293,395,2021-08-15,Experian,617,4,
396,1763,396,2023-03-18,TransUnion,671,2,
397,9176,397,2024-04-03,Experian,583,1,
398,11279,398,2023-11-22,TransUnion,595,0,56
399,3526,399,2021-10-21,TransUnion,744,1,
400,3440,400,2023-07-19,Equifax,744,0,
401,13004,401,2023-12-30,Equifax,697,1,
402,6984,402,2021-04-04,TransUnion,584,1,
403,11483,403,2024-03-26,TransUnion,594,0,
404,12235,404,2020-06-01,Experian,825,2,33
405,2476,405,2022-11-02,TransUnion,711,0,
406,4416,406,2024-03-30,Experian,715,4,50
407,4448,407,2024-04-16,Equifax,748,1,
408,14262,408,2024-03-28,Equifax,700,1,18
409,4050,409,2020-08-19,Equifax,748,2,
410,2486,410,2021-10-07,Experian,712,0,54
411,6626,411,2022-09-21,Experian,691,5,
412,2207,412,2021-03-24,TransUnion,816,3,
413,3591,413,2020-05-29,Equifax,666,0,
414,77,414,2023-07-02,Experian,826,4,
415,10852,415,2020-02-22,Experian,730,1,
416,448,416,2024-01-05,TransUnion,709,0,
417,10972,417,2021-06-18,TransUnion,830,3,63
418,1723,418,2022-06-26,Experian,625,2,10
419,7665,419,2021-08-25,Equifax,823,3,
420,14284,420,2021-05-10,Experian,621,1,
421,4753,421,2021-05-09,TransUnion,672,3,47
422,5457,422,2024-02-08,Equifax,643,3,18
423,11801,423,2020-03-01,Experian,767,2,59
424,736,424,2020-03-26,Experian,798,3,
425,8182,425,2020-05-21,Equifax,708,2,
426,2617,426,2020-06-05,Experian,607,3,
427,4618,427,2021-10-20,TransUnion,696,4,
428,12685,428,2022-06-25,TransUnion,839,5,10
429,6665,429,2022-05-11,TransUnion,712,2,
430,6930,430,2021-02-07,Experian,678,1,22
431,7802,431,2023-04-17,Experian,661,2,
432,10224,432,2021-12-22,Experian,622,3,38
433,10689,433,2022-03-29,Equifax,745,1,
434,14043,434,2022-09-16,TransUnion,683,0,66
435,14399,435,2020-01-01,Experian,582,2,
436,12193,436,2021-05-22,Equifax,724,0,
437,11189,437,2022-11-24,Experian,775,4,
438,7330,438,2020-03-22,Equifax,683,4,
439,13564,439,2020-07-03,TransUnion,686,2,
440,10655,440,2024-04-12,Experian,716,2,
441,6501,441,2024-02-22,Equifax,793,1,
442,461,442,2021-10-22,Equifax,745,3,
443,8741,443,2021-12-28,Experian,587,5,57
444,10115,444,2022-01-08,Equifax,719,0,19
445,1170,445,2020-04-08,Experian,795,2,
446,4532,446,2022-08-23,Equifax,674,4,
447,14285,447,2021-04-02,Experian,690,1,
448,3242,448,2024-05-05,TransUnion,729,1,
449,8029,449,2021-11-03,Equifax,667,1,
450,9730,450,2020-10-02,TransUnion,590,5,43
451,6193,451,2022-04-30,Experian,680,3,
452,13533,452,2023-11-27,Equifax,661,5,
453,8160,453,2023-04-10,Equifax,693,1,
454,1415,454,2020-08-12,Experian,707,3,40
455,3018,455,2022-03-13,Experian,668,2,58
456,6775,456,2021-02-14,Equifax,704,4,
457,11105,457,2020-02-05,TransUnion,735,5,10
458,4284,458,2021-09-08,TransUnion,590,2,67
459,7325,459,2020-10-16,TransUnion,693,2,
460,8850,460,2024-01-10,Experian,828,0,
461,12880,461,2021-01-27,TransUnion,691,3,
462,12257,462,2024-03-04,TransUnion,709,4,
463,13924,463,2021-12-28,Equifax,690,0,
464,11202,464,2023-12-08,Experian,663,4,63
465,8026,465,2023-07-27,TransUnion,820,0,34
466,8879,466,2021-05-21,TransUnion,673,2,
467,13216,467,2024-03-29,Experian,805,4,32
468,11392,468,2022-05-25,Experian,746,5,
469,1098,469,2021-01-10,Equifax,678,1,
470,10429,470,2022-05-02,Experian,659,5,
471,6862,471,2020-11-04,Experian,692,4,
472,7012,472,2021-03-25,Experian,774,3,19
473,13151,473,2020-10-07,Experian,692,5,
474,9194,474,2020-10-30,Equifax,610,3,
475,6152,475,2020-09-27,TransUnion,640,4,
476,12285,476,2021-12-30,TransUnion,773,1,50
477,4117,477,2022-01-03,Experian,819,4,
478,4716,478,2020-05-05,Experian,744,3,
479,2426,479,2021-11-27,Experian,639,5,
480,3582,480,2022-09-08,TransUnion,597,4,
481,791,481,2020-07-02,TransUnion,712,2,55
482,11794,482,2022-08-12,TransUnion,715,4,29
483,9433,483,2021-02-16,Experian,850,1,
484,10314,484,2021-10-05,TransUnion,788,5,
485,47,485,2020-09-23,Equifax,690,3,
486,2175,486,2021-02-10,TransUnion,681,2,52
487,5407,487,2021-11-22,TransUnion,610,3,
488,9619,488,2023-07-22,TransUnion,778,2,39
489,6481,489,2020-11-12,Equifax,749,5,34
490,5678,490,2022-08-03,TransUnion,707,5,
491,11064,491,2021-03-19,TransUnion,678,4,70
492,41,492,2022-05-26,TransUnion,583,1,
493,1404,493,2020-09-08,Equifax,673,2,54
494,12618,494,2022-07-29,TransUnion,678,4,
495,14001,495,2022-09-02,TransUnion,655,3,
496,2578,496,2023-06-15,Equifax,770,4,38
497,8317,497,2023-05-23,TransUnion,704,2,
498,10914,498,2022-07-08,TransUnion,792,2,27
499,10701,499,2022-02-26,TransUnion,677,1,
500,12259,500,2022-04-04,Equifax,748,0,
501,3408,501,2024-04-01,Experian,638,3,22
502,899,502,2024-02-21,Equifax,655,4,
503,5340,503,2021-02-08,Experian,667,3,
504,3591,504,2022-07-28,Equifax,666,1,
505,9851,505,2024-01-09,Experian,722,1,9
506,6172,506,2022-10-27,Equifax,781,2,
507,12134,507,2022-07-10,Experian,841,0,62
508,13877,508,2020-02-15,TransUnion,835,2,66
509,14266,509,2023-07-08,Experian,726,4,49
510,2578,510,2022-11-14,Experian,770,1,
511,1228,511,2021-12-16,Equifax,769,1,
512,9404,512,2021-10-30,Experian,611,4,
513,5439,513,2023-08-22,Equifax,591,3,
514,4960,514,2023-07-30,Experian,701,1,
515,8388,515,2021-07-04,Experian,769,0,
516,5635,516,2023-09-04,Equifax,828,0,27
517,9983,517,2020-01-05,Experian,719,2,44
518,10412,518,2020-01-09,TransUnion,629,0,
519,1144,519,2020-03-23,TransUnion,677,5,
520,7347,520,2021-05-19,Equifax,697,2,
521,3818,521,2021-12-10,Equifax,592,2,64
522,10249,522,2023-12-20,TransUnion,686,2,47
523,2990,523,2023-07-20,Experian,664,3,
524,1335,524,2023-07-27,Equifax,769,0,18
525,13311,525,2023-06-05,Equifax,654,3,11
526,376,526,2024-05-12,Experian,820,0,
527,2902,527,2024-04-16,Equifax,663,0,51
528,11552,528,2021-03-01,Equifax,718,2,17
529,13720,529,2021-04-24,Experian,741,0,
530,3343,530,2021-10-23,Experian,727,4,
531,12362,531,2024-02-29,TransUnion,769,0,
532,13120,532,2023-10-29,Equifax,630,1,22
533,4062,533,2020-03-24,Equifax,674,4,6
534,6967,534,2020-02-13,TransUnion,761,5,35
535,316,535,2021-12-02,Equifax,744,4,36
536,9123,536,2021-06-01,Experian,834,3,
537,12428,537,2022-03-21,Equifax,737,3,71
538,4921,538,2022-11-21,Equifax,650,0,
539,1369,539,2023-05-12,Equifax,716,5,15
540,10545,540,2023-11-24,Experian,686,3,31
541,6347,541,2020-12-12,Equifax,738,1,50
542,12813,542,2024-05-22,TransUnion,740,4,35
543,11769,543,2023-12-23,TransUnion,596,2,10
544,8369,544,2023-09-13,TransUnion,581,4,55
545,9805,545,2023-10-05,Equifax,600,5,
546,9153,546,2023-08-06,Equifax,746,2,
547,9031,547,2023-02-05,Experian,678,2,
548,10610,548,2021-11-22,Equifax,737,3,
549,5860,549,2022-06-23,Equifax,762,3,60
550,14398,550,2024-05-13,TransUnion,731,2,
551,14768,551,2024-05-12,Experian,709,3,
552,6763,552,2022-09-22,TransUnion,749,4,8
553,11837,553,2022-06-22,Equifax,681,3,
554,13815,554,2021-11-26,Experian,715,0,
555,6673,555,2023-10-21,Equifax,593,0,
556,6525,556,2023-07-07,Experian,785,4,57
557,7786,557,2023-01-12,TransUnion,694,0,54
558,14288,558,2020-10-08,Equifax,689,2,
559,12464,559,2024-02-23,Equifax,585,1,
560,10746,560,2023-08-01,Equifax,712,5,32
561,2280,561,2023-12-31,TransUnion,677,2,
562,10272,562,2022-02-06,Experian,727,3,
563,11802,563,2020-12-05,Equifax,657,3,49
564,11777,564,2020-04-08,Experian,706,4,
565,408,565,2020-05-12,TransUnion,708,2,
566,131,566,2023-12-31,TransUnion,845,4,
567,12396,567,2022-10-23,Experian,647,4,
568,8544,568,2021-04-22,Equifax,615,3,37
569,1187,569,2021-04-05,Equifax,725,1,
570,4807,570,2021-02-09,Equifax,700,3,8
571,8277,571,2020-08-15,Experian,703,5,59
572,4426,572,2024-04-18,TransUnion,738,5,
573,12709,573,2021-12-03,Experian,666,0,24
574,12448,574,2020-12-07,TransUnion,593,3,13
575,13121,575,2023-08-26,Equifax,805,2,
576,7942,576,2021-06-23,Experian,684,0,
577,8749,577,2023-06-03,Experian,693,3,
578,12628,578,2023-02-14,Equifax,640,0,51
579,9372,579,2020-02-20,Experian,627,1,
580,11044,580,2021-01-12,TransUnion,802,4,
581,13634,581,2020-08-07,Equifax,692,4,11
582,9827,582,2024-02-27,Experian,689,5,
583,842,583,2023-09-24,Equifax,733,1,
584,11712,584,2020-06-03,Equifax,632,2,
585,5251,585,2023-11-27,Equifax,723,5,
586,8818,586,2022-01-15,Experian,710,3,6
587,8944,587,2020-11-19,TransUnion,590,4,48
588,9209,588,2021-03-21,Equifax,728,0,
589,2382,589,2022-07-02,Equifax,748,4,12
590,10962,590,2020-06-06,TransUnion,741,1,
591,13173,591,2020-08-04,Experian,690,2,
592,972,592,2020-02-20,Equifax,724,5,
593,6819,593,2021-07-04,TransUnion,744,0,
594,10074,594,2024-01-04,Experian,618,2,
595,14534,595,2021-01-01,Experian,793,1,54
596,13918,596,2021-04-25,TransUnion,720,3,
597,8606,597,2022-07-07,Experian,727,3,
598,5729,598,2021-08-26,Equifax,768,3,4
599,4685,599,2023-03-31,Experian,834,3,28
600,700,600,2024-05-26,TransUnion,673,5,69
601,13375,601,2024-03-12,Equifax,749,3,
602,3945,602,2021-06-30,TransUnion,834,4,
603,14057,603,2022-10-21,TransUnion,758,4,4
604,7230,604,2023-04-05,Experian,687,4,
605,11096,605,2022-07-23,TransUnion,590,3,29
606,13994,606,2021-08-15,TransUnion,604,4,
607,14174,607,2020-02-02,Equifax,746,1,
608,11920,608,2023-10-19,Equifax,759,2,
609,10401,609,2021-09-04,Equifax,593,4,
610,12019,610,2024-04-10,Equifax,594,4,
611,9812,611,2021-02-08,Equifax,685,3,
612,11782,612,2020-03-16,Experian,788,5,
613,14215,613,2023-04-20,Equifax,742,5,
614,10994,614,2023-11-14,Experian,825,1,14
615,10815,615,2023-10-12,TransUnion,779,0,
616,7430,616,2023-07-14,Experian,741,0,
617,2277,617,2023-03-29,Equifax,640,3,54
618,4271,618,2022-07-13,Experian,666,1,58
619,5034,619,2022-05-20,TransUnion,825,2,51
620,1877,620,2022-12-29,Equifax,710,4,
621,5215,621,2023-09-19,TransUnion,671,0,
622,11959,622,2020-12-13,TransUnion,706,2,32
623,14157,623,2022-04-06,Experian,640,1,69
624,8223,624,2022-09-13,Experian,583,3,
625,3917,625,2020-08-05,TransUnion,710,1,11
626,5602,626,2024-01-26,TransUnion,789,3,
627,609,627,2023-11-29,Equifax,676,0,
628,3736,628,2021-09-10,Experian,673,0,61
629,13903,629,2023-04-02,Equifax,687,3,67
630,11351,630,2023-12-08,Experian,716,5,
631,9820,631,2024-01-08,TransUnion,743,1,
632,8958,632,2021-11-25,Experian,831,3,
633,3072,633,2023-08-04,TransUnion,710,4,52
634,10239,634,2024-01-17,Experian,694,5,
635,8543,635,2024-04-15,Experian,799,2,
636,12028,636,2020-06-22,Equifax,716,3,
637,8185,637,2024-04-18,Equifax,729,2,54
638,10647,638,2021-09-04,Experian,608,3,
639,13402,639,2020-01-17,Equifax,600,2,
640,13498,640,2020-12-11,Experian,593,2,35
641,1695,641,2020-04-26,Experian,678,0,15
642,600,642,2021-03-03,Equifax,646,5,
643,14748,643,2020-05-02,TransUnion,706,4,66
644,8546,644,2023-12-27,Experian,636,0,
645,2452,645,2022-05-06,Experian,735,1,
646,7348,646,2021-06-18,TransUnion,670,4,25
647,13898,647,2021-02-11,Experian,749,3,
648,14264,648,2021-01-02,TransUnion,742,0,
649,2780,649,2020-12-23,Equifax,681,0,44
650,12583,650,2023-05-12,Equifax,700,4,
651,6739,651,2024-05-08,TransUnion,693,5,30
652,6714,652,2020-08-02,Experian,739,0,
653,12354,653,2021-03-16,Experian,712,3,
654,2031,654,2020-07-21,TransUnion,701,0,
655,1149,655,2024-03-24,TransUnion,701,1,46
656,7333,656,2022-09-20,Experian,581,2,
657,12782,657,2021-10-24,Equifax,848,1,24
658,5042,658,2023-07-10,TransUnion,584,1,
659,3785,659,2023-03-18,Equifax,683,5,
660,9139,660,2021-08-29,TransUnion,729,3,39
661,1059,661,2020-12-12,Experian,662,4,
662,4964,662,2022-10-02,Equifax,754,4,
663,9986,663,2024-01-19,TransUnion,718,0,
664,11268,664,2022-01-31,Experian,659,5,64
665,12847,665,2021-07-14,Equifax,598,2,
666,11864,666,2023-01-27,TransUnion,728,1,
667,11529,667,2022-02-19,TransUnion,691,2,54
668,3015,668,2023-01-26,Experian,678,2,
669,3007,669,2021-07-02,Equifax,818,5,51
670,6877,670,2020-10-06,Equifax,714,0,70
671,1767,671,2022-02-01,Experian,783,4,
672,7591,672,2022-02-26,TransUnion,673,3,12
673,14480,673,2020-04-30,Experian,717,2,
674,2059,674,2023-11-07,TransUnion,818,5,45
675,8710,675,2023-02-20,Experian,637,1,
676,7728,676,2020-12-20,Experian,705,0,
677,2707,677,2020-10-08,TransUnion,584,3,
678,5973,678,2022-01-07,TransUnion,694,5,
679,11246,679,2022-10-19,Experian,748,4,
680,2585,680,2021-12-14,Experian,698,4,
681,7908,681,2021-08-15,Experian,738,2,
682,9076,682,2021-01-05,Experian,709,3,
683,8086,683,2020-03-06,Experian,810,0,14
684,12589,684,2022-11-07,Experian,824,2,
685,11430,685,2021-10-31,TransUnion,750,0,
686,8457,686,2023-08-05,Equifax,735,4,53
687,14547,687,2023-04-24,TransUnion,648,5,
688,12391,688,2021-03-22,TransUnion,667,2,
689,10186,689,2023-05-31,Equifax,747,4,15
690,8774,690,2022-04-15,Equifax,742,3,
691,3293,691,2023-04-23,Experian,664,5,
692,16,692,2021-08-30,Equifax,754,0,
693,10103,693,2024-04-13,Experian,647,5,
694,5306,694,2021-08-29,Equifax,663,4,54
695,7974,695,2022-10-20,TransUnion,707,4,
696,4404,696,2021-09-04,Equifax,636,0,26
697,953,697,2022-02-04,TransUnion,747,3,
698,13835,698,2021-09-09,TransUnion,728,3,62
699,6597,699,2020-04-14,Experian,633,0,15
700,211,700,2020-04-24,Equifax,839,1,58
701,4797,701,2020-07-25,TransUnion,683,1,21
702,9189,702,2023-01-07,Experian,641,5,
703,4525,703,2022-05-02,Experian,835,3,
704,9077,704,2021-04-06,TransUnion,672,5,32
705,2045,705,2020-09-24,Equifax,748,4,19
706,14985,706,2023-05-20,Equifax,623,0,29
707,9101,707,2022-03-31,Equifax,749,1,
708,1797,708,2021-08-09,Equifax,668,4,52
709,11331,709,2020-10-24,Equifax,692,4,
710,14753,710,2024-05-20,Equifax,605,1,
711,1169,711,2021-08-12,Equifax,699,1,
712,12138,712,2022-08-31,Equifax,849,0,
713,6385,713,2021-01-18,Experian,693,0,
714,4847,714,2024-01-23,Equifax,849,1,
715,1724,715,2022-12-09,Experian,657,0,
716,6876,716,2023-03-14,Experian,818,2,
717,12244,717,2021-01-06,Equifax,720,0,
718,13987,718,2020-05-18,TransUnion,748,1,39
719,11531,719,2024-04-29,Equifax,710,4,
720,13986,720,2023-09-07,Equifax,616,5,27
721,11901,721,2022-10-15,Experian,802,0,
722,4554,722,2023-05-23,TransUnion,611,4,7
723,5020,723,2020-03-23,Experian,774,5,36
724,7129,724,2021-08-08,Equifax,654,4,56
725,9919,725,2021-08-23,Equifax,712,2,
726,12962,726,2020-07-08,Experian,729,1,
727,6097,727,2023-10-17,TransUnion,748,5,69
728,2518,728,2021-04-14,Experian,640,5,
729,13067,729,2022-09-17,TransUnion,784,0,3
730,1060,730,2023-09-24,Equifax,719,1,
731,2007,731,2021-01-17,Equifax,696,5,
732,8746,732,2020-08-15,TransUnion,712,4,
733,214,733,2020-04-08,Experian,703,2,
734,3981,734,2021-07-03,TransUnion,718,4,34
735,8612,735,2021-10-24,TransUnion,627,1,8
736,3945,736,2023-02-04,TransUnion,834,5,15
737,4617,737,2023-01-03,Experian,813,1,16
738,10499,738,2021-04-09,TransUnion,655,0,57
739,6721,739,2020-02-12,Experian,681,0,
740,7850,740,2023-11-24,TransUnion,708,4,30
741,7973,741,2023-11-25,Experian,809,5,22
742,8091,742,2021-07-27,TransUnion,734,2,
743,7440,743,2021-07-28,TransUnion,806,5,61
744,9066,744,2021-09-09,Equifax,719,2,7
745,5904,745,2021-09-28,TransUnion,712,5,9
746,11634,746,2023-06-27,Equifax,829,2,
747,12543,747,2023-06-30,Experian,662,2,
748,16,748,2020-07-16,TransUnion,754,5,
749,5759,749,2021-10-11,TransUnion,663,4,
750,12151,750,2023-11-04,TransUnion,611,3,
751,8837,751,2021-10-03,Experian,702,2,38
752,518,752,2022-04-23,Experian,728,2,
753,11687,753,2021-07-15,Equifax,704,0,
754,9960,754,2021-09-22,TransUnion,741,0,
755,3398,755,2023-09-04,TransUnion,645,4,4
756,13948,756,2021-08-05,Experian,684,0,
757,664,757,2021-01-16,Equifax,772,0,
758,1673,758,2020-11-04,Equifax,831,1,
759,14547,759,2020-03-10,TransUnion,648,1,
760,13120,760,2020-08-26,TransUnion,630,3,
761,13322,761,2020-06-06,TransUnion,598,2,
762,9721,762,2023-04-21,Equifax,588,3,
763,5304,763,2024-03-14,Equifax,814,4,
764,10829,764,2021-09-14,TransUnion,767,5,
765,5785,765,2023-08-30,TransUnion,666,4,54
766,12924,766,2021-08-29,TransUnion,735,3,
767,9253,767,2022-02-09,Equifax,698,5,
768,7980,768,2024-05-10,Equifax,686,2,3
769,1200,769,2020-08-02,Equifax,807,2,40
770,9403,770,2023-04-22,TransUnion,723,1,
771,8835,771,2021-11-30,TransUnion,812,5,
772,4767,772,2024-02-25,Experian,770,2,27
773,5661,773,2022-06-23,Equifax,782,1,29
774,11292,774,2021-02-23,TransUnion,820,5,52
775,12285,775,2021-09-05,TransUnion,773,5,
776,12628,776,2024-03-30,Equifax,640,5,
777,8534,777,2020-12-02,Equifax,702,0,
778,10112,778,2022-04-16,Equifax,695,2,
779,7121,779,2021-02-04,Equifax,705,0,
780,12682,780,2023-01-01,Experian,667,3,
781,9059,781,2023-06-14,Equifax,736,3,
782,10289,782,2020-03-31,TransUnion,803,1,66
783,5470,783,2023-10-28,Equifax,623,3,65
784,11042,784,2022-08-05,Equifax,700,2,
785,1972,785,2021-12-26,Equifax,601,4,
786,7618,786,2024-02-04,Equifax,736,3,
787,4091,787,2022-12-21,TransUnion,741,3,12
788,5045,788,2022-05-26,Equifax,666,2,
789,3261,789,2020-06-12,TransUnion,612,0,26
790,11915,790,2020-06-23,TransUnion,660,4,51
791,7944,791,2024-05-03,Equifax,813,5,
792,12972,792,2021-07-23,Experian,773,5,
793,14115,793,2024-04-18,Experian,664,3,
794,11674,794,2020-02-25,TransUnion,621,0,
795,2451,795,2021-11-19,TransUnion,700,0,
796,2703,796,2020-08-20,Equifax,711,2,55
797,1638,797,2023-04-23,Equifax,747,1,
798,12498,798,2021-10-13,Experian,720,3,
799,6312,799,2021-09-26,Equifax,813,0,
800,2839,800,2020-11-11,Equifax,799,4,63
801,12524,801,2020-12-05,Equifax,663,3,
802,5340,802,2021-10-05,Experian,667,5,
803,4029,803,2021-09-06,Experian,715,5,
804,8281,804,2022-03-21,Experian,663,2,3
805,10989,805,2020-07-04,Experian,721,0,
806,14317,806,2023-03-03,Experian,676,4,29
807,10457,807,2023-03-30,Equifax,594,4,69
808,5487,808,2022-12-30,Experian,623,0,47
809,10248,809,2023-07-26,Equifax,707,1,
810,7375,810,2022-07-17,TransUnion,706,5,
811,2387,811,2021-03-25,TransUnion,787,1,
812,10600,812,2021-04-21,TransUnion,637,2,9
813,8237,813,2020-12-31,Experian,781,2,6
814,984,814,2023-11-22,TransUnion,642,3,64
815,9345,815,2023-01-12,TransUnion,845,4,44
816,12347,816,2024-02-06,Experian,591,2,
817,3432,817,2021-10-08,Equifax,730,5,
818,12360,818,2024-04-18,Experian,750,1,
819,5249,819,2023-09-09,Equifax,731,2,
820,10835,820,2022-10-25,Equifax,652,4,56
821,4108,821,2022-08-04,Equifax,619,4,34
822,5322,822,2020-03-08,Experian,845,3,68
823,2347,823,2020-01-01,TransUnion,696,4,33
824,4072,824,2023-08-18,Experian,707,4,
825,12369,825,2020-06-09,Experian,811,2,71
826,2727,826,2024-05-19,TransUnion,600,3,
827,4869,827,2020-12-15,Experian,840,2,46
828,10089,828,2023-06-25,Equifax,824,4,
829,198,829,2021-07-12,TransUnion,718,2,47
830,3186,830,2022-02-04,Experian,781,4,61
831,9275,831,2022-06-19,Experian,776,1,
832,8431,832,2022-04-27,Experian,589,1,
833,8563,833,2023-09-07,TransUnion,745,3,12
834,3549,834,2024-04-08,TransUnion,624,0,58
835,13481,835,2022-10-04,Experian,720,1,23
836,9101,836,2022-11-02,Experian,749,2,
837,5000,837,2023-02-01,Equifax,650,2,51
838,10325,838,2021-09-18,Experian,732,0,
839,14591,839,2023-10-24,Experian,711,3,
840,8536,840,2021-08-29,Experian,735,4,8
841,5115,841,2024-03-23,Experian,581,1,
842,14236,842,2020-06-04,Equifax,672,1,
843,8128,843,2023-10-15,Experian,715,4,32
844,13021,844,2021-06-21,Equifax,608,5,
845,7147,845,2021-10-14,Experian,684,4,58
846,9694,846,2023-08-12,TransUnion,716,5,
847,14496,847,2021-04-02,Equifax,636,1,35
848,427,848,2023-02-01,TransUnion,590,5,66
849,5744,849,2021-10-11,TransUnion,723,5,42
850,11989,850,2020-08-20,Experian,736,5,52
851,11058,851,2023-11-18,Experian,591,2,
852,11645,852,2024-05-26,TransUnion,720,0,65
853,489,853,2020-04-23,TransUnion,696,3,4
854,178,854,2020-10-21,Equifax,675,2,
855,3920,855,2023-05-21,Experian,699,5,62
856,11619,856,2024-04-04,TransUnion,688,3,45
857,12122,857,2020-06-21,TransUnion,690,3,
858,11753,858,2023-07-27,Equifax,594,5,
859,13551,859,2023-04-06,Experian,739,1,
860,1786,860,2023-01-22,Experian,705,1,71
861,9454,861,2021-01-02,TransUnion,695,4,
862,11456,862,2023-05-15,Equifax,723,3,8
863,10376,863,2021-02-11,Equifax,690,0,
864,14579,864,2020-01-20,Experian,835,3,29
865,9771,865,2020-07-20,Experian,711,5,7
866,609,866,2024-05-31,Experian,676,0,50
867,2446,867,2022-08-03,Experian,668,5,42
868,12462,868,2023-02-24,TransUnion,818,2,49
869,7836,869,2020-01-31,Experian,587,0,7
870,7475,870,2021-02-26,TransUnion,718,5,
871,6198,871,2020-03-07,Equifax,702,1,
872,10055,872,2021-12-09,Equifax,802,4,
873,9557,873,2021-02-11,TransUnion,682,4,
874,1690,874,2022-04-01,TransUnion,603,5,
875,13955,875,2021-11-28,TransUnion,690,2,
876,10627,876,2023-12-14,Experian,605,2,
877,14029,877,2022-08-29,Experian,704,3,40
878,9988,878,2024-05-15,Equifax,714,1,29
879,2576,879,2021-09-30,Experian,737,2,55
880,13728,880,2020-05-28,Experian,735,5,55
881,1308,881,2020-09-14,TransUnion,629,3,14
882,6756,882,2022-10-21,TransUnion,603,0,
883,11624,883,2023-12-21,Equifax,587,4,
884,11490,884,2021-10-30,TransUnion,641,0,59
885,12095,885,2022-05-10,Equifax,618,0,
886,1677,886,2023-02-26,TransUnion,731,2,
887,3347,887,2023-08-13,Experian,749,1,
888,5405,888,2022-12-29,Experian,649,5,39
889,6553,889,2023-06-16,TransUnion,679,1,
890,6606,890,2020-09-03,Equifax,580,0,
891,6148,891,2024-03-17,Experian,692,0,56
892,2631,892,2020-04-11,Equifax,699,1,
893,11018,893,2022-01-30,TransUnion,689,5,
894,2622,894,2020-07-12,TransUnion,746,4,
895,2903,895,2023-09-19,Experian,722,3,
896,13384,896,2020-06-15,Experian,682,2,
897,2781,897,2020-05-16,Equifax,745,2,
898,5219,898,2023-07-02,TransUnion,639,0,
899,10723,899,2022-02-21,TransUnion,711,2,
900,13640,900,2021-02-21,Experian,648,1,7
901,8952,901,2022-11-13,TransUnion,716,1,49
902,14679,902,2020-07-30,Equifax,838,2,
903,8763,903,2022-01-22,TransUnion,676,5,27
904,3545,904,2024-04-01,Experian,696,4,
905,5215,905,2021-06-14,Experian,671,5,12
906,12067,906,2021-10-27,TransUnion,722,4,23
907,5044,907,2021-12-30,Experian,720,0,
908,1513,908,2021-08-10,TransUnion,601,3,6
909,766,909,2021-07-08,Equifax,734,0,13
910,2881,910,2020-05-24,TransUnion,775,0,8
911,5050,911,2022-04-04,Equifax,669,4,
912,14063,912,2023-12-26,TransUnion,708,4,13
913,5914,913,2021-10-18,TransUnion,817,1,
914,6283,914,2020-03-17,Experian,805,3,5
915,14774,915,2021-04-28,TransUnion,815,2,
916,7830,916,2023-06-02,TransUnion,652,0,
917,12582,917,2020-10-03,Equifax,732,2,
918,5638,918,2020-12-04,Experian,641,4,
919,8362,919,2023-08-24,TransUnion,737,2,
920,11602,920,2021-10-19,TransUnion,698,1,11
921,2991,921,2024-04-27,TransUnion,848,3,
922,516,922,2023-07-12,Equifax,729,4,
923,10876,923,2022-06-27,TransUnion,668,0,
924,2778,924,2020-02-27,Equifax,620,2,54
925,9484,925,2022-05-25,TransUnion,711,0,
926,10462,926,2021-07-13,Equifax,723,1,
927,12100,927,2022-09-30,Experian,625,4,
928,1382,928,2023-08-05,TransUnion,692,3,
929,6584,929,2020-05-04,Experian,598,2,
930,7621,930,2020-04-24,TransUnion,651,4,71
931,8214,931,2022-11-24,Experian,673,4,
932,6396,932,2021-12-10,Equifax,744,5,35
933,3674,933,2023-10-28,Experian,716,5,
934,10630,934,2022-05-20,Equifax,708,3,
935,4498,935,2023-05-07,Equifax,737,2,51
936,6497,936,2020-06-27,Equifax,666,0,14
937,2643,937,2021-04-24,Equifax,663,4,69
938,12926,938,2021-03-29,Experian,822,2,
939,7716,939,2020-07-01,Equifax,805,1,
940,84,940,2022-07-18,Experian,706,4,
941,7267,941,2022-06-05,TransUnion,681,0,17
942,2932,942,2022-06-19,Equifax,683,4,9
943,7107,943,2024-03-24,TransUnion,672,2,
944,8038,944,2022-03-21,Experian,734,4,7
945,5770,945,2021-11-17,Equifax,813,1,
946,1607,946,2021-07-18,Experian,664,4,9
947,115,947,2024-04-27,TransUnion,600,5,
948,9599,948,2020-08-26,TransUnion,763,3,12
949,8025,949,2022-06-03,Experian,595,2,
950,14557,950,2022-02-19,TransUnion,595,1,
951,52,951,2021-06-26,TransUnion,743,1,
952,7472,952,2020-01-04,Experian,689,1,67
953,917,953,2022-03-27,Experian,693,3,
954,12413,954,2022-02-01,TransUnion,716,4,70
955,7551,955,2020-10-15,Equifax,689,0,
956,8109,956,2023-05-22,TransUnion,696,2,
957,6581,957,2021-05-13,Experian,666,1,
958,4917,958,2023-07-03,Experian,640,5,57
959,8457,959,2020-09-20,Experian,735,1,
960,12614,960,2020-11-09,TransUnion,749,0,15
961,14405,961,2021-10-21,TransUnion,713,5,
962,1824,962,2022-03-15,TransUnion,736,0,15
963,6915,963,2020-07-20,Equifax,688,2,
964,7604,964,2020-02-18,TransUnion,792,3,
965,7490,965,2020-04-12,TransUnion,631,3,54
966,7964,966,2021-01-10,Experian,685,2,20
967,7564,967,2022-01-17,Equifax,758,0,
968,13066,968,2022-07-26,Equifax,720,4,49
969,8598,969,2020-08-12,Experian,612,5,
970,11788,970,2022-05-15,Equifax,849,5,
971,5502,971,2024-05-20,Equifax,736,1,24
972,2435,972,2021-10-13,TransUnion,803,0,
973,14297,973,2021-06-05,Equifax,597,1,43
974,6777,974,2022-08-01,Equifax,737,4,38
975,14127,975,2020-05-29,Experian,676,0,
976,9630,976,2020-11-05,Equifax,747,5,
977,3319,977,2021-05-31,TransUnion,817,2,
978,12520,978,2021-07-16,TransUnion,714,4,70
979,12699,979,2022-05-29,Experian,735,1,
980,1639,980,2021-10-22,TransUnion,646,3,
981,7540,981,2020-04-12,Equifax,694,5,
982,7581,982,2023-06-14,Equifax,815,2,
983,1173,983,2020-11-05,TransUnion,649,4,11
984,2367,984,2021-03-19,Experian,636,1,
985,5338,985,2022-03-24,TransUnion,689,4,
986,5396,986,2021-06-19,Experian,671,4,
987,7746,987,2022-08-05,Experian,632,0,
988,14305,988,2022-02-01,Experian,622,1,30
989,6163,989,2020-08-06,Experian,723,1,58
990,5278,990,2021-05-03,Equifax,684,0,
991,4907,991,2020-07-11,Equifax,710,0,
992,3796,992,2023-08-04,TransUnion,768,5,8
993,7100,993,2020-08-04,Equifax,811,5,
994,8767,994,2022-12-31,Experian,592,4,3
995,2381,995,2023-07-29,Equifax,746,3,
996,519,996,2023-04-01,Equifax,658,5,39
997,13734,997,2020-04-08,TransUnion,784,3,29
998,7659,998,2024-02-17,TransUnion,845,4,
999,3880,999,2021-01-14,TransUnion,580,0,
1000,8133,1000,2022-09-25,TransUnion,634,4,
1001,10597,1001,2020-06-16,Equifax,755,1,23
1002,13919,1002,2022-12-07,Experian,760,5,60
1003,6116,1003,2023-09-13,Equifax,806,2,
1004,11867,1004,2022-08-03,Equifax,742,4,
1005,2794,1005,2021-06-22,Equifax,730,3,37
1006,5112,1006,2022-11-02,TransUnion,697,1,
1007,6798,1007,2021-06-03,Experian,740,2,51
1008,6527,1008,2023-10-10,TransUnion,762,0,
1009,4697,1009,2023-08-30,TransUnion,637,5,
1010,31,1010,2024-03-18,Equifax,658,0,
1011,11006,1011,2024-05-04,TransUnion,740,2,17
1012,10013,1012,2021-08-11,Equifax,657,1,
1013,5107,1013,2023-06-16,Equifax,650,0,
1014,14489,1014,2022-10-05,TransUnion,675,1,56
1015,10439,1015,2020-10-13,TransUnion,799,5,
1016,47,1016,2021-01-13,Experian,690,0,
1017,7379,1017,2022-07-14,TransUnion,676,2,26
1018,8070,1018,2024-01-28,Experian,745,1,
1019,10582,1019,2022-11-03,Equifax,616,5,
1020,3306,1020,2021-09-26,TransUnion,816,5,
1021,3111,1021,2021-03-04,TransUnion,802,5,
1022,14989,1022,2020-03-09,TransUnion,732,2,
1023,6860,1023,2020-06-13,TransUnion,721,2,
1024,13001,1024,2022-11-04,Equifax,798,0,
1025,10791,1025,2023-12-02,TransUnion,723,4,50
1026,5109,1026,2024-01-18,TransUnion,715,2,
1027,6970,1027,2023-07-17,Experian,725,1,
1028,10591,1028,2021-01-04,TransUnion,746,0,10
1029,3581,1029,2023-12-31,TransUnion,685,5,56
1030,14137,1030,2020-08-12,TransUnion,815,3,70
1031,10572,1031,2021-10-10,Equifax,798,2,
1032,11625,1032,2023-10-23,Equifax,808,3,34
1033,13771,1033,2024-05-12,Equifax,732,3,
1034,10934,1034,2021-11-25,Equifax,695,3,
1035,11742,1035,2021-03-01,Experian,706,1,
1036,13488,1036,2023-05-18,TransUnion,730,3,10
1037,12857,1037,2021-06-29,Equifax,834,0,
1038,2899,1038,2023-08-13,Experian,651,5,38
1039,9286,1039,2023-09-20,Experian,756,0,
1040,9972,1040,2021-12-13,Experian,594,0,22
1041,2943,1041,2022-02-02,Experian,808,3,57
1042,14860,1042,2021-01-04,TransUnion,799,3,54
1043,269,1043,2021-04-26,Equifax,741,0,
1044,9406,1044,2022-06-04,Experian,832,1,
1045,10692,1045,2023-03-19,Equifax,725,1,
1046,14628,1046,2023-09-16,Equifax,583,1,
1047,8972,1047,2020-07-15,TransUnion,846,5,16
1048,11,1048,2022-12-31,Experian,827,0,64
1049,5917,1049,2024-02-24,Equifax,648,0,
1050,9345,1050,2023-10-17,Equifax,845,1,
1051,6765,1051,2020-09-05,Experian,831,1,
1052,11273,1052,2022-07-17,Equifax,609,5,
1053,2223,1053,2021-12-16,TransUnion,630,3,
1054,3867,1054,2022-07-22,TransUnion,656,0,54
1055,14574,1055,2021-04-09,Equifax,813,3,30
1056,12999,1056,2023-06-22,TransUnion,699,5,23
1057,2296,1057,2023-03-01,Equifax,658,3,
1058,12599,1058,2020-08-16,Equifax,730,2,
1059,4814,1059,2023-04-27,TransUnion,745,0,
1060,176,1060,2020-01-22,Experian,686,2,36
1061,948,1061,2024-04-15,TransUnion,583,3,
1062,1613,1062,2022-09-21,TransUnion,687,2,49
1063,8120,1063,2021-07-13,Equifax,678,3,12
1064,8000,1064,2023-01-15,Equifax,715,2,
1065,10935,1065,2020-08-17,TransUnion,841,2,41
1066,14203,1066,2022-07-01,TransUnion,643,3,
1067,8154,1067,2024-02-23,Experian,684,0,39
1068,4949,1068,2020-09-29,Equifax,659,2,71
1069,4008,1069,2020-08-05,Experian,850,2,
1070,7733,1070,2020-02-24,Equifax,800,5,48
1071,10454,1071,2022-08-31,Experian,749,4,4
1072,1037,1072,2020-09-01,TransUnion,590,1,
1073,2510,1073,2024-03-13,Experian,611,3,
1074,949,1074,2022-08-07,TransUnion,735,3,
1075,9737,1075,2020-01-10,Equifax,747,5,44
1076,12541,1076,2023-06-18,TransUnion,766,3,30
1077,1819,1077,2024-05-05,Experian,596,0,22
1078,7917,1078,2020-04-09,Experian,739,1,26
1079,4008,1079,2024-01-05,Experian,850,4,
1080,1968,1080,2020-07-05,Experian,694,0,
1081,4641,1081,2020-11-08,Equifax,676,4,61
1082,1888,1082,2020-01-17,Experian,779,5,
1083,11190,1083,2022-08-19,TransUnion,685,3,
1084,5726,1084,2021-07-25,Experian,833,1,64
1085,12648,1085,2020-07-10,TransUnion,676,5,
1086,5512,1086,2021-12-21,Equifax,644,1,
1087,9781,1087,2020-05-09,Experian,723,5,
1088,9397,1088,2021-10-10,Equifax,593,3,36
1089,1247,1089,2020-03-30,TransUnion,580,3,
1090,11603,1090,2024-05-25,TransUnion,644,1,39
1091,4440,1091,2024-01-11,Experian,715,5,52
1092,11926,1092,2023-06-29,Equifax,677,0,
1093,11242,1093,2021-01-20,Experian,838,3,
1094,5504,1094,2023-09-01,Experian,731,1,
1095,671,1095,2024-05-28,TransUnion,812,0,56
1096,4599,1096,2022-03-10,TransUnion,704,1,
1097,5673,1097,2023-05-28,Equifax,701,4,
1098,5979,1098,2022-06-12,Equifax,655,0,
1099,9165,1099,2023-01-17,Equifax,681,4,
1100,2206,1100,2021-02-23,Equifax,691,0,
1101,12996,1101,2022-04-23,TransUnion,702,2,
1102,5827,1102,2022-08-17,Equifax,583,1,67
1103,8976,1103,2023-05-05,Equifax,649,2,69
1104,6227,1104,2021-07-02,Equifax,724,2,40
1105,9276,1105,2021-01-04,TransUnion,712,4,50
1106,5773,1106,2022-06-01,Experian,734,4,
1107,10304,1107,2023-09-17,Experian,674,3,
1108,5544,1108,2021-12-05,Equifax,657,2,
1109,8641,1109,2024-03-16,Experian,724,3,6
1110,1973,1110,2023-11-23,Equifax,678,1,
1111,10636,1111,2022-09-23,Equifax,774,1,
1112,8159,1112,2023-01-22,Experian,583,2,
1113,6629,1113,2022-01-20,TransUnion,752,4,
1114,6255,1114,2022-08-08,Equifax,727,5,
1115,10229,1115,2021-06-05,Experian,660,5,42
1116,3352,1116,2023-11-11,Equifax,721,0,
1117,2343,1117,2021-11-03,Experian,674,3,
1118,8152,1118,2021-09-09,TransUnion,696,5,
1119,6355,1119,2021-12-29,Equifax,816,0,68
1120,5682,1120,2024-02-21,TransUnion,688,4,
1121,392,1121,2022-12-04,Equifax,748,1,
1122,2410,1122,2020-02-06,Equifax,713,5,
1123,12465,1123,2023-07-13,TransUnion,701,4,
1124,4909,1124,2022-03-14,Equifax,727,1,54
1125,13560,1125,2024-03-29,TransUnion,597,2,
1126,7563,1126,2020-09-19,Experian,660,4,
1127,9369,1127,2021-08-16,TransUnion,638,4,40
1128,5150,1128,2020-06-12,Equifax,730,1,
1129,14466,1129,2023-05-16,Experian,679,1,
1130,11755,1130,2020-01-14,Equifax,841,2,71
1131,11584,1131,2023-01-16,TransUnion,669,3,
1132,14779,1132,2020-09-11,TransUnion,699,2,
1133,14021,1133,2023-12-02,Experian,720,1,
1134,4687,1134,2021-02-26,Equifax,694,4,33
1135,12930,1135,2020-03-11,Experian,594,3,
1136,1988,1136,2020-05-23,TransUnion,835,2,71
1137,5042,1137,2023-09-21,Experian,584,2,
1138,5867,1138,2021-12-11,Experian,633,5,
1139,11570,1139,2021-07-19,Equifax,695,0,
1140,14254,1140,2022-03-05,Experian,608,2,
1141,10062,1141,2021-06-27,Equifax,672,3,57
1142,11453,1142,2021-06-17,Equifax,590,1,
1143,6826,1143,2023-10-26,TransUnion,737,1,
1144,578,1144,2022-04-14,TransUnion,688,3,
1145,9057,1145,2022-07-17,Equifax,676,5,19
1146,4914,1146,2020-08-23,Experian,603,2,49
1147,9208,1147,2020-05-24,Experian,836,5,
1148,3299,1148,2023-07-05,TransUnion,661,2,
1149,2166,1149,2020-09-15,TransUnion,701,5,
1150,12669,1150,2021-04-03,Equifax,651,4,17
1151,7131,1151,2021-01-23,Experian,735,5,
1152,11750,1152,2022-12-09,Experian,720,5,
1153,8074,1153,2021-10-07,Experian,742,3,
1154,14488,1154,2023-04-17,TransUnion,640,3,
1155,469,1155,2020-12-15,TransUnion,589,0,
1156,7834,1156,2021-03-31,Equifax,623,1,
1157,5562,1157,2020-08-28,Equifax,764,0,
1158,8212,1158,2021-10-08,TransUnion,684,1,
1159,8248,1159,2021-07-27,TransUnion,670,4,27
1160,8678,1160,2021-11-18,TransUnion,808,0,
1161,8967,1161,2020-10-03,TransUnion,727,0,5
1162,12715,1162,2022-10-30,Equifax,709,5,25
1163,10993,1163,2023-05-13,Equifax,580,5,42
1164,14215,1164,2024-02-07,TransUnion,742,0,
1165,1258,1165,2023-12-20,Equifax,709,0,45
1166,481,1166,2023-12-12,TransUnion,825,3,41
1167,14752,1167,2021-11-29,Equifax,724,4,40
1168,14791,1168,2021-07-06,TransUnion,742,3,
1169,7493,1169,2022-01-03,Equifax,727,0,
1170,4163,1170,2021-02-20,Equifax,585,3,70
1171,11208,1171,2022-06-08,Equifax,596,1,
1172,5227,1172,2024-03-06,Experian,832,2,10
1173,11079,1173,2024-04-29,Experian,846,0,
1174,12175,1174,2023-09-15,Equifax,609,3,
1175,4123,1175,2021-10-14,Equifax,838,5,16
1176,10378,1176,2020-07-01,Equifax,667,3,
1177,5134,1177,2022-02-21,TransUnion,742,1,
1178,14255,1178,2022-07-05,TransUnion,694,3,
1179,13838,1179,2020-12-05,Experian,665,0,6
1180,3251,1180,2021-08-13,TransUnion,598,3,65
1181,5155,1181,2024-02-04,TransUnion,708,0,22
1182,8197,1182,2022-10-11,Equifax,679,2,32
1183,11981,1183,2022-03-29,TransUnion,697,1,35
1184,6551,1184,2023-01-31,Experian,633,5,56
1185,597,1185,2020-12-23,TransUnion,747,1,
1186,13408,1186,2022-01-24,TransUnion,749,1,64
1187,4566,1187,2023-10-21,Equifax,714,5,
1188,1944,1188,2023-08-26,Equifax,675,0,14
1189,4194,1189,2022-08-07,Equifax,741,4,
1190,13227,1190,2022-02-17,Equifax,634,2,
1191,3067,1191,2023-03-25,Experian,705,1,
1192,12992,1192,2023-07-15,Experian,669,3,
1193,12730,1193,2020-05-28,Equifax,745,4,
1194,871,1194,2022-05-19,TransUnion,766,4,
1195,5314,1195,2020-05-08,Experian,739,4,
1196,11215,1196,2024-01-28,Experian,691,4,
1197,1627,1197,2021-03-31,Experian,715,1,34
1198,9253,1198,2022-12-03,TransUnion,698,0,
1199,913,1199,2023-12-01,Experian,673,5,45
1200,7722,1200,2022-01-11,Equifax,700,3,
1201,8573,1201,2020-09-13,Experian,678,1,34
1202,2818,1202,2023-09-26,TransUnion,726,2,69
1203,11090,1203,2021-11-13,Experian,637,5,
1204,14765,1204,2021-07-06,Equifax,781,0,
1205,10192,1205,2023-08-24,Equifax,679,1,
1206,9817,1206,2021-11-06,Equifax,704,0,
1207,12305,1207,2023-11-22,Experian,699,4,61
1208,14871,1208,2023-07-02,Equifax,712,0,
1209,10024,1209,2024-04-06,Equifax,670,0,
1210,13969,1210,2021-02-21,TransUnion,587,4,59
1211,11908,1211,2020-05-25,Equifax,806,0,34
1212,13239,1212,2021-10-16,TransUnion,748,1,
1213,12745,1213,2023-04-02,Equifax,778,5,41
1214,2684,1214,2022-04-20,Equifax,693,5,
1215,8735,1215,2024-02-07,Experian,587,2,19
1216,12551,1216,2022-12-25,Experian,642,1,62
1217,9938,1217,2021-09-09,Experian,787,1,71
1218,8595,1218,2021-06-27,TransUnion,739,5,
1219,1920,1219,2023-12-13,TransUnion,703,3,
1220,9413,1220,2023-08-01,TransUnion,766,2,57
1221,1581,1221,2020-01-18,Equifax,684,1,
1222,8009,1222,2022-03-28,TransUnion,788,4,36
1223,12689,1223,2023-07-29,Experian,730,3,
1224,14008,1224,2020-05-06,TransUnion,709,5,
1225,8646,1225,2024-04-18,Experian,677,4,19
1226,13970,1226,2023-01-29,Experian,680,1,
1227,1695,1227,2021-01-13,TransUnion,678,1,14
1228,3951,1228,2022-11-07,TransUnion,702,4,58
1229,10649,1229,2022-05-26,Equifax,659,4,14
1230,2968,1230,2021-05-09,Equifax,705,1,25
1231,12995,1231,2023-08-12,Experian,721,3,70
1232,9835,1232,2020-04-09,TransUnion,584,3,
1233,8148,1233,2023-05-24,Experian,694,3,
1234,7618,1234,2023-05-15,Experian,736,2,
1235,6235,1235,2021-09-07,Experian,628,3,44
1236,393,1236,2023-06-08,Equifax,769,3,
1237,1672,1237,2023-04-18,Experian,783,5,
1238,13689,1238,2023-08-30,TransUnion,591,5,53
1239,3338,1239,2022-08-07,TransUnion,738,2,57
1240,10481,1240,2020-02-14,TransUnion,624,1,
1241,5381,1241,2023-02-09,TransUnion,697,1,
1242,2944,1242,2023-03-14,Equifax,660,1,
1243,14412,1243,2023-10-23,TransUnion,673,3,65
1244,9178,1244,2020-04-02,Experian,705,2,62
1245,1479,1245,2022-08-14,Equifax,683,0,39
1246,13275,1246,2021-05-07,TransUnion,670,0,
1247,895,1247,2021-02-18,Experian,735,2,22
1248,12923,1248,2020-02-04,Experian,707,1,14
1249,6649,1249,2020-05-05,Experian,682,0,
1250,6881,1250,2020-11-27,Equifax,748,5,
1251,14641,1251,2022-07-19,Equifax,796,4,63
1252,9619,1252,2022-09-30,Experian,778,4,
1253,1373,1253,2021-05-06,Equifax,680,3,4
1254,4089,1254,2022-02-13,TransUnion,837,2,
1255,11624,1255,2024-03-21,TransUnion,587,2,
1256,7476,1256,2021-08-23,Experian,661,2,
1257,8886,1257,2024-04-16,Equifax,804,4,
1258,3617,1258,2021-10-27,Equifax,835,4,69
1259,12659,1259,2020-01-08,Equifax,821,5,29
1260,5420,1260,2020-02-11,TransUnion,833,0,
1261,2516,1261,2022-12-16,Equifax,715,2,
1262,2712,1262,2022-03-06,TransUnion,724,4,68
1263,6300,1263,2020-04-23,Experian,732,1,
1264,2695,1264,2023-09-19,Experian,777,1,
1265,88,1265,2021-02-08,TransUnion,792,5,
1266,5766,1266,2023-01-23,Experian,708,5,
1267,644,1267,2020-01-25,TransUnion,710,3,48
1268,4049,1268,2023-08-18,Experian,583,0,
1269,14158,1269,2024-01-09,TransUnion,597,2,
1270,177,1270,2022-10-28,TransUnion,687,0,57
1271,2149,1271,2023-04-05,Equifax,754,1,
1272,4538,1272,2020-05-14,Equifax,729,4,
1273,10776,1273,2022-11-23,TransUnion,798,3,57
1274,251,1274,2022-06-03,Experian,772,5,69
1275,1453,1275,2020-06-14,Experian,773,1,
1276,10119,1276,2020-06-08,TransUnion,657,5,
1277,8539,1277,2020-08-09,Experian,830,4,
1278,7713,1278,2020-09-24,TransUnion,603,4,
1279,187,1279,2020-07-05,Equifax,612,2,37
1280,12055,1280,2020-06-19,TransUnion,720,2,
1281,2577,1281,2020-07-04,Experian,706,2,
1282,14465,1282,2023-03-06,Equifax,646,2,
1283,487,1283,2023-05-31,Equifax,713,5,
1284,6908,1284,2020-03-29,TransUnion,727,4,
1285,8942,1285,2022-08-07,Experian,631,2,
1286,11167,1286,2023-04-24,TransUnion,738,1,55
1287,12001,1287,2022-05-27,Equifax,776,5,27
1288,13485,1288,2024-04-03,Equifax,615,0,
1289,14506,1289,2021-07-11,TransUnion,650,4,
1290,1075,1290,2021-09-24,Equifax,695,1,
1291,7990,1291,2021-04-26,TransUnion,674,2,
1292,6544,1292,2022-06-21,TransUnion,585,2,
1293,11866,1293,2020-10-01,TransUnion,581,5,4
1294,1136,1294,2024-04-22,Equifax,599,1,
1295,9036,1295,2020-06-25,TransUnion,693,3,
1296,10373,1296,2023-11-21,Equifax,748,4,
1297,338,1297,2021-02-19,Experian,721,0,
1298,8402,1298,2022-02-28,Equifax,747,4,
1299,5654,1299,2022-10-06,TransUnion,837,0,
1300,7577,1300,2021-08-18,Equifax,725,5,22
1301,4407,1301,2020-04-22,TransUnion,707,2,
1302,4091,1302,2021-12-17,Equifax,741,4,
1303,2301,1303,2023-12-07,Experian,731,5,49
1304,11036,1304,2021-10-25,TransUnion,718,3,64
1305,9534,1305,2022-10-29,TransUnion,621,3,43
1306,6465,1306,2021-12-12,Experian,845,0,
1307,6385,1307,2021-03-31,Experian,693,4,22
1308,5800,1308,2021-03-19,Equifax,725,3,61
1309,1321,1309,2023-09-29,TransUnion,705,2,38
1310,11069,1310,2023-12-19,Experian,745,0,52
1311,4153,1311,2021-11-23,Equifax,638,3,
1312,9081,1312,2023-03-08,TransUnion,830,5,
1313,847,1313,2023-01-21,TransUnion,785,3,28
1314,10111,1314,2021-12-29,Experian,608,0,
1315,4830,1315,2023-07-16,Equifax,762,2,
1316,5155,1316,2022-03-15,Experian,708,1,
1317,9010,1317,2020-05-27,TransUnion,705,2,
1318,2101,1318,2023-07-25,Experian,681,1,50
1319,2454,1319,2021-05-31,Equifax,753,5,64
1320,10246,1320,2023-08-09,Equifax,634,5,
1321,11108,1321,2023-08-25,TransUnion,735,2,20
1322,6138,1322,2023-02-10,Equifax,761,5,
1323,8930,1323,2023-08-01,Equifax,734,3,21
1324,13710,1324,2022-12-16,Experian,837,3,60
1325,856,1325,2022-02-26,Experian,602,3,30
1326,3255,1326,2021-04-30,Equifax,658,5,
1327,7869,1327,2022-07-01,Experian,730,0,3
1328,2295,1328,2022-04-27,Experian,694,0,
1329,4379,1329,2023-12-01,Equifax,722,2,
1330,4476,1330,2020-06-21,TransUnion,684,0,62
1331,14864,1331,2023-05-07,Experian,664,0,
1332,14754,1332,2021-08-14,Experian,713,0,
1333,5788,1333,2020-05-31,Equifax,720,5,45
1334,9677,1334,2024-01-03,Experian,600,3,
1335,3747,1335,2023-11-20,TransUnion,708,0,53
1336,12773,1336,2021-01-24,Equifax,825,1,63
1337,3656,1337,2021-04-18,Equifax,701,1,
1338,7467,1338,2023-11-26,TransUnion,735,3,47
1339,12167,1339,2020-07-03,TransUnion,688,1,23
1340,9690,1340,2023-10-10,Equifax,762,5,
1341,3292,1341,2024-05-05,Equifax,696,0,21
1342,12346,1342,2021-12-19,TransUnion,726,5,35
1343,11113,1343,2020-07-09,TransUnion,834,3,
1344,6259,1344,2023-02-24,Equifax,833,4,
1345,14069,1345,2022-06-24,Equifax,621,3,
1346,8724,1346,2023-04-25,TransUnion,799,5,
1347,9507,1347,2020-08-03,Equifax,820,5,58
1348,10075,1348,2022-12-06,Experian,735,2,
1349,9847,1349,2022-01-15,TransUnion,590,5,36
1350,9181,1350,2020-02-12,Equifax,701,3,17
1351,14370,1351,2023-10-10,Equifax,609,2,
1352,5131,1352,2023-06-11,TransUnion,816,2,
1353,8999,1353,2023-09-30,Equifax,585,4,24
1354,3715,1354,2023-01-28,Experian,758,0,
1355,11546,1355,2020-05-18,Experian,640,0,
1356,14346,1356,2022-07-10,TransUnion,723,3,68
1357,9074,1357,2022-08-14,TransUnion,727,4,
1358,14748,1358,2020-09-22,TransUnion,706,4,
1359,11126,1359,2021-12-07,Experian,840,3,
1360,1502,1360,2021-08-22,Equifax,828,4,19
1361,3124,1361,2022-07-20,Equifax,773,4,
1362,9529,1362,2024-03-19,TransUnion,720,0,70
1363,1501,1363,2021-03-03,TransUnion,705,4,
1364,7309,1364,2021-07-02,Experian,805,3,
1365,11675,1365,2020-10-15,Equifax,711,0,40
1366,3052,1366,2023-09-25,Experian,669,3,
1367,6935,1367,2022-06-26,Equifax,592,3,4
1368,7999,1368,2020-11-02,TransUnion,709,2,63
1369,2901,1369,2021-11-15,Equifax,655,2,
1370,13135,1370,2020-02-07,Experian,838,1,17
1371,13269,1371,2022-11-07,Experian,847,1,
1372,8490,1372,2023-12-09,Equifax,737,4,20
1373,13666,1373,2023-12-13,TransUnion,741,2,22
1374,14994,1374,2022-01-24,Equifax,756,2,
1375,13188,1375,2024-05-30,TransUnion,670,3,
1376,14850,1376,2023-08-03,Experian,733,2,62
1377,10644,1377,2020-12-05,TransUnion,690,3,63
1378,11852,1378,2020-09-14,Equifax,671,5,45
1379,8432,1379,2021-03-31,Equifax,666,4,
1380,9982,1380,2020-12-25,Equifax,717,2,32
1381,8553,1381,2023-01-15,Equifax,743,3,
1382,7814,1382,2020-05-02,TransUnion,759,2,
1383,5135,1383,2020-07-23,TransUnion,679,2,
1384,9970,1384,2022-06-07,Experian,781,3,
1385,6432,1385,2023-07-05,Equifax,698,1,
1386,13420,1386,2020-08-15,TransUnion,685,1,
1387,11335,1387,2022-03-08,Equifax,679,1,
1388,5845,1388,2023-03-20,Experian,720,1,
1389,10563,1389,2022-01-30,TransUnion,691,0,
1390,11861,1390,2023-05-23,Equifax,707,5,30
1391,5125,1391,2020-11-13,Experian,845,5,
1392,9837,1392,2023-02-26,Equifax,811,4,
1393,12454,1393,2021-07-04,Experian,780,3,
1394,13440,1394,2022-06-28,Experian,632,1,
1395,6562,1395,2022-08-26,TransUnion,777,3,
1396,1242,1396,2022-02-09,Experian,642,4,
1397,5377,1397,2024-01-13,Equifax,838,3,6
1398,8528,1398,2021-01-27,TransUnion,682,5,
1399,12589,1399,2022-09-27,Equifax,824,4,
1400,10714,1400,2023-11-22,TransUnion,724,1,41
1401,12367,1401,2020-10-31,Equifax,651,4,
1402,14281,1402,2023-02-03,Experian,633,0,
1403,13968,1403,2022-06-18,Experian,648,0,20
1404,14488,1404,2022-10-18,TransUnion,640,5,
1405,5129,1405,2023-01-20,TransUnion,716,1,5
1406,2168,1406,2022-12-06,TransUnion,711,0,
1407,1101,1407,2023-07-07,Experian,590,5,34
1408,177,1408,2020-06-23,Experian,687,1,
1409,2308,1409,2022-08-08,Equifax,663,4,21
1410,13084,1410,2023-06-26,Experian,675,0,51
1411,13340,1411,2023-06-09,Experian,724,1,29
1412,12693,1412,2023-08-23,TransUnion,730,1,
1413,8113,1413,2023-02-14,Experian,817,1,29
1414,8234,1414,2024-04-26,Equifax,721,4,
1415,3243,1415,2023-12-09,Experian,706,2,
1416,2252,1416,2022-08-15,TransUnion,688,2,
1417,14060,1417,2022-06-01,Equifax,621,4,
1418,3992,1418,2021-01-03,TransUnion,793,5,
1419,3553,1419,2021-01-18,Experian,801,1,34
1420,13454,1420,2023-07-27,Experian,727,3,
1421,3698,1421,2020-06-22,Equifax,700,5,
1422,12139,1422,2023-01-24,Equifax,718,1,
1423,354,1423,2022-04-13,TransUnion,683,3,
1424,14742,1424,2023-09-13,TransUnion,734,0,
1425,11984,1425,2022-11-23,Equifax,753,1,
1426,13935,1426,2023-06-01,Equifax,748,5,
1427,5142,1427,2024-03-12,Equifax,726,1,
1428,7528,1428,2020-05-25,Equifax,709,5,68
1429,5855,1429,2023-11-27,TransUnion,590,2,
1430,14316,1430,2022-09-01,Experian,629,3,
1431,12346,1431,2023-05-20,Equifax,726,5,53
1432,3209,1432,2020-09-03,Equifax,757,2,
1433,4406,1433,2022-07-01,Experian,581,3,
1434,1284,1434,2022-09-21,Equifax,700,3,9
1435,7479,1435,2022-12-07,Equifax,708,3,
1436,4563,1436,2024-04-01,Equifax,707,0,35
1437,8359,1437,2020-02-15,Experian,823,5,
1438,1640,1438,2023-04-26,Experian,714,0,
1439,8801,1439,2020-04-09,Experian,598,1,45
1440,2459,1440,2021-05-07,Experian,757,0,
1441,5772,1441,2021-01-08,Experian,743,5,
1442,6503,1442,2021-02-09,Experian,661,1,
1443,8937,1443,2022-12-11,Experian,580,1,
1444,3716,1444,2022-09-11,Equifax,746,1,5
1445,13287,1445,2021-09-21,TransUnion,662,4,
1446,11314,1446,2023-11-14,Equifax,705,3,
1447,11680,1447,2024-05-08,Experian,732,5,26
1448,10604,1448,2024-02-27,TransUnion,671,5,14
1449,7244,1449,2022-10-20,TransUnion,636,0,
1450,2106,1450,2022-06-29,Experian,599,0,27
1451,13787,1451,2022-01-23,Experian,768,5,
1452,10375,1452,2020-10-24,Equifax,671,3,36
1453,9249,1453,2022-02-05,Experian,675,2,6
1454,10707,1454,2022-03-26,TransUnion,704,5,
1455,12292,1455,2023-08-11,TransUnion,668,4,39
1456,11118,1456,2020-05-13,TransUnion,728,0,71
1457,7550,1457,2023-07-02,TransUnion,665,4,
1458,9396,1458,2020-08-20,TransUnion,651,3,56
1459,720,1459,2023-11-20,TransUnion,730,5,16
1460,11072,1460,2020-08-10,TransUnion,671,2,
1461,14610,1461,2021-01-08,Experian,683,5,22
1462,9881,1462,2024-01-04,TransUnion,740,2,8
1463,6185,1463,2020-01-07,Experian,680,2,32
1464,9618,1464,2022-10-28,TransUnion,761,3,
1465,13205,1465,2023-01-07,Equifax,737,4,16
1466,2835,1466,2023-01-28,Experian,839,3,15
1467,7104,1467,2020-12-07,Experian,726,2,10
1468,3350,1468,2020-03-15,Experian,724,3,
1469,14719,1469,2020-01-28,Equifax,788,2,
1470,11248,1470,2022-02-27,TransUnion,683,2,
1471,10035,1471,2020-12-01,TransUnion,728,3,48
1472,7581,1472,2022-02-25,TransUnion,815,2,10
1473,13116,1473,2020-04-07,Equifax,699,5,49
1474,1128,1474,2023-05-25,TransUnion,736,3,59
1475,9697,1475,2023-12-23,Experian,684,5,
1476,2806,1476,2020-04-12,Equifax,719,5,
1477,7513,1477,2022-04-30,TransUnion,608,3,32
1478,10483,1478,2020-09-18,Experian,732,1,14
1479,656,1479,2023-07-02,Experian,740,4,62
1480,5345,1480,2020-04-22,Experian,658,0,
1481,12225,1481,2021-03-18,Equifax,649,5,
1482,6634,1482,2022-08-29,Experian,673,2,46
1483,9027,1483,2024-05-22,Experian,748,2,
1484,10023,1484,2021-07-20,TransUnion,655,5,
1485,4968,1485,2022-07-19,Equifax,793,1,47
1486,9952,1486,2023-10-12,Equifax,670,2,
1487,9569,1487,2022-12-22,Experian,669,3,32
1488,10677,1488,2022-05-10,Equifax,660,5,
1489,1520,1489,2021-06-09,Equifax,714,1,41
1490,8062,1490,2022-04-12,TransUnion,818,1,14
1491,5861,1491,2024-05-14,Experian,693,4,
1492,1511,1492,2023-03-07,Equifax,672,5,
1493,8645,1493,2023-07-15,TransUnion,702,4,14
1494,12697,1494,2022-08-04,Experian,703,3,
1495,6948,1495,2022-11-25,TransUnion,749,0,54
1496,11241,1496,2020-03-24,Equifax,705,0,41
1497,4874,1497,2020-01-09,Experian,662,3,
1498,3975,1498,2023-08-20,Experian,654,4,45
1499,8236,1499,2022-01-08,Experian,680,3,
1500,1803,1500,2022-11-02,TransUnion,715,2,
1501,5189,1501,2020-12-11,TransUnion,709,2,
1502,781,1502,2023-07-08,TransUnion,780,2,
1503,12577,1503,2023-10-24,TransUnion,639,4,
1504,10443,1504,2020-03-19,Equifax,663,0,56
1505,2131,1505,2020-04-28,TransUnion,599,4,
1506,3935,1506,2021-09-13,TransUnion,709,1,
1507,13156,1507,2021-12-04,Experian,745,4,
1508,10617,1508,2020-11-14,Experian,671,0,33
1509,2296,1509,2022-04-08,Equifax,658,3,53
1510,14789,1510,2020-09-10,Equifax,597,4,
1511,5203,1511,2022-07-13,TransUnion,720,3,
1512,6183,1512,2022-09-13,TransUnion,705,2,29
1513,12512,1513,2020-11-14,Equifax,674,3,14
1514,3275,1514,2021-06-28,TransUnion,707,5,28
1515,3472,1515,2022-05-06,Experian,744,3,
1516,7313,1516,2020-06-05,TransUnion,714,0,
1517,14882,1517,2022-03-27,TransUnion,725,1,12
1518,1697,1518,2024-03-24,TransUnion,721,0,
1519,11973,1519,2021-08-17,Equifax,592,1,
1520,13012,1520,2022-10-21,TransUnion,676,4,66
1521,13485,1521,2023-03-07,Experian,615,4,
1522,7020,1522,2022-08-04,TransUnion,661,1,
1523,386,1523,2023-09-03,TransUnion,760,3,
1524,4585,1524,2020-02-07,Experian,662,1,
1525,6055,1525,2021-09-09,Equifax,627,0,70
1526,12208,1526,2020-12-05,TransUnion,653,1,
1527,11404,1527,2023-10-07,Experian,661,0,
1528,10095,1528,2023-04-11,Experian,661,0,36
1529,7490,1529,2022-06-22,Experian,631,5,
1530,13797,1530,2020-01-26,TransUnion,710,2,
1531,3338,1531,2023-08-09,Equifax,738,3,
1532,7422,1532,2021-04-09,Equifax,735,4,
1533,879,1533,2022-10-30,TransUnion,697,0,
1534,2849,1534,2022-10-28,TransUnion,793,0,
1535,10071,1535,2023-12-26,TransUnion,693,2,31
1536,12409,1536,2020-05-21,Experian,587,0,22
1537,169,1537,2022-11-21,Equifax,781,5,36
1538,3574,1538,2023-12-14,Equifax,727,3,
1539,14497,1539,2022-08-28,TransUnion,755,1,
1540,12916,1540,2022-12-30,Equifax,770,0,
1541,11123,1541,2023-07-22,TransUnion,665,5,
1542,14295,1542,2023-10-08,Equifax,647,4,
1543,11496,1543,2020-09-30,Experian,670,1,23
1544,9108,1544,2023-05-21,TransUnion,754,0,61
1545,7200,1545,2021-05-25,Equifax,697,1,23
1546,1120,1546,2023-07-04,Equifax,739,1,
1547,5806,1547,2023-08-24,Experian,742,2,32
1548,7398,1548,2022-03-31,TransUnion,667,0,4
1549,11778,1549,2022-05-19,Equifax,703,1,
1550,11753,1550,2022-08-12,TransUnion,594,2,
1551,12865,1551,2020-12-26,TransUnion,726,0,
1552,1599,1552,2023-12-08,Experian,599,0,
1553,4956,1553,2022-01-17,TransUnion,621,4,22
1554,11575,1554,2023-03-25,Experian,751,3,58
1555,13992,1555,2020-04-09,Equifax,779,1,
1556,9452,1556,2022-07-19,Equifax,757,0,
1557,773,1557,2022-06-25,Equifax,580,1,
1558,3784,1558,2020-01-16,TransUnion,661,3,58
1559,2945,1559,2020-05-19,Equifax,730,1,
1560,8006,1560,2023-08-30,Equifax,666,4,
1561,7183,1561,2023-05-29,Experian,707,0,
1562,7551,1562,2020-06-15,TransUnion,689,1,52
1563,3853,1563,2023-01-17,Experian,792,4,
1564,2760,1564,2022-02-17,Experian,606,1,
1565,8483,1565,2020-11-03,Equifax,837,3,
1566,6714,1566,2020-12-29,Experian,739,4,21
1567,1858,1567,2022-09-10,Experian,580,3,
1568,11213,1568,2020-01-02,TransUnion,759,0,
1569,767,1569,2023-01-17,Equifax,751,0,11
1570,7109,1570,2020-09-09,Experian,677,1,53
1571,3765,1571,2023-03-10,TransUnion,784,3,
1572,9341,1572,2022-10-21,Equifax,606,1,55
1573,4269,1573,2022-05-02,Experian,672,4,
1574,13809,1574,2023-03-09,Experian,799,0,66
1575,645,1575,2020-03-25,Equifax,813,0,
1576,10440,1576,2023-03-10,TransUnion,729,1,
1577,5441,1577,2023-10-05,TransUnion,604,2,16
1578,356,1578,2023-07-18,Experian,647,4,
1579,8966,1579,2020-08-24,Equifax,715,0,
1580,8868,1580,2023-08-25,TransUnion,747,1,
1581,11405,1581,2023-01-10,Equifax,679,5,
1582,8314,1582,2024-05-05,Experian,594,1,9
1583,2294,1583,2020-07-12,Experian,721,5,
1584,7412,1584,2022-03-03,Experian,723,0,
1585,14906,1585,2022-05-28,Equifax,730,3,
1586,5184,1586,2020-05-08,Equifax,689,2,
1587,12832,1587,2020-08-29,TransUnion,705,0,
1588,437,1588,2021-11-21,Equifax,672,0,7
1589,5737,1589,2020-01-08,Experian,795,4,30
1590,10211,1590,2022-10-23,TransUnion,635,4,
1591,7700,1591,2023-07-20,TransUnion,676,4,
1592,9977,1592,2024-04-01,Equifax,631,2,
1593,50,1593,2021-08-14,Equifax,752,0,71
1594,3132,1594,2020-05-13,Experian,813,0,
1595,963,1595,2021-05-02,Equifax,683,4,
1596,5442,1596,2024-04-29,Experian,720,5,
1597,4535,1597,2020-12-20,Experian,714,1,
1598,14795,1598,2023-02-24,Equifax,727,2,
1599,10521,1599,2021-04-23,Equifax,587,5,38
1600,10477,1600,2021-09-13,TransUnion,668,3,41
1601,13250,1601,2020-01-30,TransUnion,739,1,32
1602,14954,1602,2022-06-17,TransUnion,696,1,59
1603,14789,1603,2024-04-17,Experian,597,2,
1604,12993,1604,2020-02-01,Experian,736,4,50
1605,174,1605,2021-11-21,Experian,695,4,
1606,3610,1606,2022-05-27,TransUnion,771,5,64
1607,5908,1607,2022-07-15,Experian,815,1,26
1608,6657,1608,2022-02-26,Equifax,735,5,51
1609,6925,1609,2021-12-11,Equifax,846,4,
1610,1463,1610,2021-04-20,Experian,759,3,46
1611,7219,1611,2022-10-12,Equifax,731,1,
1612,13913,1612,2021-08-11,Equifax,627,5,
1613,1290,1613,2020-12-09,TransUnion,670,1,
1614,13679,1614,2020-04-17,TransUnion,686,2,14
1615,14081,1615,2024-01-11,TransUnion,778,2,
1616,11220,1616,2024-02-10,Equifax,688,2,
1617,6958,1617,2022-09-05,Equifax,636,0,
1618,7143,1618,2022-09-26,Experian,822,0,
1619,613,1619,2024-04-29,Equifax,737,5,56
1620,8346,1620,2021-06-05,Equifax,723,0,
1621,4464,1621,2022-11-25,Experian,713,2,
1622,505,1622,2022-03-26,Equifax,695,2,
1623,3922,1623,2020-12-07,Experian,721,5,66
1624,1282,1624,2024-04-17,TransUnion,709,1,21
1625,9684,1625,2021-06-06,TransUnion,677,0,
1626,4703,1626,2020-02-08,Experian,707,2,
1627,2919,1627,2022-07-19,TransUnion,723,5,
1628,10293,1628,2023-10-05,Equifax,612,4,35
1629,1149,1629,2022-12-01,Equifax,701,5,
1630,4352,1630,2022-12-20,Equifax,636,1,
1631,7066,1631,2020-09-06,Experian,798,0,8
1632,12263,1632,2020-08-25,TransUnion,761,2,
1633,3561,1633,2024-01-30,Experian,677,4,7
1634,12535,1634,2022-09-11,Experian,671,0,32
1635,5783,1635,2020-12-31,Equifax,819,5,43
1636,9541,1636,2023-11-12,Experian,708,0,53
1637,1098,1637,2021-05-10,Experian,678,5,
1638,6481,1638,2023-10-03,TransUnion,749,4,
1639,14233,1639,2021-08-01,Equifax,740,4,
1640,5039,1640,2021-11-04,Equifax,697,3,
1641,1386,1641,2021-06-23,TransUnion,674,3,11
1642,14592,1642,2020-03-16,Equifax,700,3,
1643,7091,1643,2022-08-25,TransUnion,720,3,
1644,11774,1644,2021-07-24,TransUnion,589,1,
1645,9549,1645,2022-04-04,TransUnion,650,2,
1646,11328,1646,2023-09-09,Experian,696,3,60
1647,11403,1647,2023-10-06,Experian,657,0,
1648,14937,1648,2020-06-23,Equifax,680,4,
1649,505,1649,2021-11-17,Experian,695,2,
1650,3640,1650,2023-12-12,TransUnion,737,1,21
1651,5495,1651,2020-02-16,Experian,710,0,
1652,12367,1652,2024-02-18,Equifax,651,1,
1653,3590,1653,2023-12-19,TransUnion,600,2,
1654,1235,1654,2020-01-20,Equifax,784,2,27
1655,11954,1655,2020-03-01,TransUnion,668,5,
1656,1656,1656,2022-08-05,TransUnion,669,4,65
1657,6405,1657,2024-01-03,Experian,636,3,
1658,14240,1658,2022-09-08,Experian,717,3,67
1659,13839,1659,2023-12-16,TransUnion,663,5,
1660,6140,1660,2022-05-29,TransUnion,735,2,
1661,9051,1661,2020-12-16,Experian,769,0,71
1662,5177,1662,2020-05-16,TransUnion,582,2,
1663,8449,1663,2024-04-20,Equifax,683,1,43
1664,2727,1664,2022-05-05,Experian,600,4,71
1665,1693,1665,2022-02-20,Experian,688,1,66
1666,2125,1666,2020-07-07,Experian,804,5,
1667,6458,1667,2020-04-02,TransUnion,680,0,
1668,10831,1668,2022-11-21,Experian,745,4,
1669,11158,1669,2020-06-10,Equifax,707,2,21
1670,5415,1670,2023-10-01,Experian,775,0,
1671,6244,1671,2022-02-24,Experian,721,4,
1672,2047,1672,2022-06-28,Experian,827,2,32
1673,5122,1673,2023-06-08,TransUnion,720,3,35
1674,238,1674,2020-09-11,Experian,735,3,
1675,13682,1675,2021-06-21,Experian,657,2,
1676,11843,1676,2020-06-04,Equifax,743,2,
1677,11693,1677,2021-06-05,TransUnion,837,2,18
1678,7024,1678,2020-07-07,TransUnion,689,4,
1679,9827,1679,2022-04-27,Experian,689,2,
1680,12380,1680,2021-05-23,Equifax,643,5,33
1681,4500,1681,2023-09-18,Equifax,664,2,61
1682,997,1682,2022-05-19,Equifax,779,4,6
1683,14077,1683,2023-01-07,TransUnion,717,2,
1684,9159,1684,2020-09-22,Equifax,639,5,16
1685,4771,1685,2022-01-30,Experian,650,5,
1686,14369,1686,2020-01-17,Experian,638,2,28
1687,9950,1687,2023-01-09,TransUnion,684,2,62
1688,3143,1688,2020-05-31,Experian,703,1,
1689,6658,1689,2024-04-02,Experian,604,2,7
1690,8566,1690,2024-01-01,Experian,711,3,
1691,4771,1691,2024-01-13,TransUnion,650,1,
1692,8615,1692,2020-01-08,Experian,823,4,
1693,14754,1693,2022-12-02,TransUnion,713,2,67
1694,11634,1694,2021-04-26,TransUnion,829,1,
1695,6933,1695,2024-01-10,TransUnion,635,2,29
1696,9840,1696,2020-01-15,Equifax,793,5,42
1697,6846,1697,2023-12-23,Equifax,637,5,67
1698,6335,1698,2020-03-08,Equifax,732,2,
1699,4097,1699,2022-01-18,Experian,793,3,
1700,9961,1700,2021-04-09,TransUnion,774,2,
1701,14489,1701,2024-02-18,TransUnion,675,2,34
1702,7096,1702,2024-02-04,Equifax,703,0,42
1703,5848,1703,2023-04-15,TransUnion,700,5,
1704,2867,1704,2022-10-18,Equifax,668,0,
1705,6444,1705,2021-07-31,TransUnion,742,0,40
1706,11705,1706,2022-07-08,Experian,681,4,
1707,2824,1707,2023-07-29,Equifax,720,5,32
1708,10397,1708,2022-05-04,TransUnion,840,5,
1709,750,1709,2023-05-22,Experian,673,3,
1710,12584,1710,2021-07-23,Equifax,652,0,27
1711,7309,1711,2020-12-07,TransUnion,805,0,44
1712,2124,1712,2021-04-01,Equifax,701,4,39
1713,10941,1713,2022-10-17,Equifax,704,5,
1714,1306,1714,2023-07-28,TransUnion,604,2,38
1715,6947,1715,2023-10-27,TransUnion,669,2,
1716,7431,1716,2021-09-29,Experian,706,0,9
1717,3061,1717,2023-04-09,TransUnion,646,5,
1718,9624,1718,2023-03-31,Equifax,676,3,
1719,14999,1719,2022-03-06,Experian,775,3,
1720,796,1720,2023-01-10,TransUnion,700,2,
1721,3663,1721,2021-10-13,Experian,609,4,
1722,5264,1722,2024-03-20,Equifax,718,5,
1723,13000,1723,2023-01-04,Experian,659,1,
1724,101,1724,2020-12-23,Experian,607,4,20
1725,546,1725,2023-08-01,TransUnion,580,3,58
1726,2047,1726,2023-04-25,Equifax,827,5,
1727,4112,1727,2021-07-18,Equifax,727,1,
1728,12387,1728,2020-04-10,TransUnion,702,2,
1729,6265,1729,2023-10-06,Experian,626,2,24
1730,11663,1730,2023-06-02,Equifax,737,3,
1731,3110,1731,2021-03-20,Experian,656,4,
1732,4251,1732,2022-03-19,Experian,723,2,24
1733,6283,1733,2022-07-18,TransUnion,805,1,66
1734,10528,1734,2023-04-21,Experian,734,0,
1735,9055,1735,2020-11-12,TransUnion,722,2,
1736,2693,1736,2023-09-02,Experian,661,3,
1737,5271,1737,2023-01-23,Equifax,654,2,
1738,14686,1738,2023-04-29,TransUnion,744,3,
1739,1713,1739,2022-08-24,TransUnion,687,2,40
1740,13168,1740,2021-05-09,Equifax,681,5,
1741,7699,1741,2020-04-01,Equifax,634,3,
1742,14527,1742,2022-03-22,Equifax,691,2,
1743,1963,1743,2021-06-25,TransUnion,738,5,43
1744,2821,1744,2021-11-19,Experian,583,3,
1745,11974,1745,2023-07-10,Experian,825,3,
1746,5369,1746,2023-10-22,Experian,682,4,9
1747,2791,1747,2023-09-15,Equifax,803,4,
1748,29,1748,2023-10-27,TransUnion,779,2,
1749,8000,1749,2020-09-15,TransUnion,715,2,67
1750,7864,1750,2022-05-15,Experian,721,2,52
1751,9407,1751,2022-05-01,Experian,687,3,18
1752,573,1752,2022-09-28,Equifax,698,1,
1753,831,1753,2023-06-09,TransUnion,738,4,10
1754,6183,1754,2022-03-28,Equifax,705,4,
1755,6581,1755,2023-07-14,Experian,666,2,
1756,11715,1756,2021-07-04,Experian,747,4,17
1757,12255,1757,2021-06-10,Equifax,849,2,
1758,10464,1758,2023-10-03,TransUnion,643,2,12
1759,9094,1759,2024-03-06,Equifax,659,1,
1760,2272,1760,2024-01-21,Equifax,602,3,
1761,1933,1761,2023-03-01,Equifax,690,4,10
1762,1524,1762,2023-08-29,Equifax,664,3,
1763,2643,1763,2022-09-18,TransUnion,663,2,
1764,3956,1764,2022-12-19,Equifax,731,1,
1765,5996,1765,2021-05-27,TransUnion,663,2,
1766,2963,1766,2022-04-25,TransUnion,797,5,
1767,6709,1767,2021-03-01,TransUnion,709,0,
1768,3576,1768,2020-07-25,Equifax,731,1,
1769,1353,1769,2023-04-29,TransUnion,692,5,29
1770,3135,1770,2020-08-04,TransUnion,798,1,3
1771,12391,1771,2021-12-14,TransUnion,667,4,
1772,11156,1772,2022-09-07,TransUnion,675,3,6
1773,2939,1773,2023-09-19,Experian,706,0,60
1774,12838,1774,2022-01-02,TransUnion,622,3,
1775,1904,1775,2024-01-13,Equifax,613,4,
1776,14368,1776,2021-09-01,TransUnion,662,3,
1777,11061,1777,2022-11-24,Experian,702,4,20
1778,13118,1778,2024-05-05,TransUnion,758,0,
1779,9551,1779,2023-12-18,Equifax,592,1,
1780,14225,1780,2023-11-28,Experian,719,4,21
1781,14995,1781,2020-06-27,Equifax,682,5,
1782,14241,1782,2023-11-12,Experian,679,0,
1783,11654,1783,2022-07-30,TransUnion,787,0,
1784,3723,1784,2024-02-25,Experian,699,1,51
1785,8485,1785,2020-02-09,TransUnion,682,2,47
1786,9372,1786,2024-05-25,Equifax,627,4,
1787,3531,1787,2021-01-28,TransUnion,720,2,71
1788,6682,1788,2023-03-06,TransUnion,702,2,
1789,2867,1789,2023-05-13,TransUnion,668,4,
1790,3802,1790,2023-05-06,TransUnion,817,0,
1791,401,1791,2021-11-30,Experian,689,1,44
1792,3824,1792,2021-03-31,Experian,749,5,
1793,8596,1793,2022-08-11,Equifax,604,5,64
1794,3786,1794,2021-10-25,TransUnion,661,1,
1795,6614,1795,2023-06-09,Experian,793,0,
1796,6227,1796,2022-01-20,Equifax,724,0,53
1797,4505,1797,2020-02-26,Experian,644,5,3
1798,4531,1798,2021-01-15,Experian,628,0,
1799,10318,1799,2020-07-23,Experian,656,3,
1800,663,1800,2024-05-05,TransUnion,723,1,
1801,8358,1801,2020-05-12,TransUnion,810,2,
1802,12503,1802,2021-02-02,Equifax,707,4,25
1803,8130,1803,2020-08-11,TransUnion,734,3,22
1804,2277,1804,2023-03-11,TransUnion,640,4,
1805,8754,1805,2023-08-28,Equifax,705,5,
1806,12155,1806,2023-01-01,TransUnion,837,2,
1807,6817,1807,2020-12-18,Experian,685,4,
1808,7540,1808,2022-05-03,TransUnion,694,3,
1809,37,1809,2021-01-31,Equifax,667,2,41
1810,7240,1810,2021-08-10,TransUnion,785,1,45
1811,5779,1811,2022-01-21,Equifax,720,1,
1812,13312,1812,2022-09-18,Equifax,713,4,7
1813,839,1813,2020-06-17,Experian,810,0,
1814,7558,1814,2021-12-12,TransUnion,711,2,
1815,8727,1815,2021-06-22,Equifax,840,1,
1816,2476,1816,2021-08-24,TransUnion,711,1,17
1817,357,1817,2023-06-10,TransUnion,681,4,57
1818,1184,1818,2022-02-23,Experian,725,2,
1819,6931,1819,2022-01-07,TransUnion,602,2,
1820,5020,1820,2024-01-02,Equifax,774,1,31
1821,7558,1821,2020-06-19,Equifax,711,0,
1822,7958,1822,2023-09-03,TransUnion,608,1,33
1823,12973,1823,2022-05-19,TransUnion,719,5,
1824,11922,1824,2024-01-08,Equifax,729,2,8
1825,7041,1825,2022-10-20,Experian,697,1,
1826,9567,1826,2022-12-13,Experian,724,1,5
1827,8774,1827,2021-10-25,Equifax,742,4,56
1828,2725,1828,2020-08-20,TransUnion,621,2,
1829,6025,1829,2020-07-26,TransUnion,839,0,
1830,972,1830,2022-07-06,Equifax,724,5,13
1831,11749,1831,2021-04-27,Equifax,717,1,
1832,3757,1832,2023-10-11,TransUnion,652,0,
1833,8226,1833,2020-01-18,Equifax,630,0,53
1834,4254,1834,2020-03-02,Experian,712,1,
1835,8086,1835,2020-01-05,Equifax,810,0,
1836,6971,1836,2022-12-08,Experian,614,1,
1837,2020,1837,2022-02-14,Experian,744,0,
1838,6558,1838,2021-11-05,TransUnion,668,0,
1839,10769,1839,2021-08-29,Equifax,729,2,
1840,6219,1840,2022-02-19,Equifax,701,3,50
1841,1949,1841,2023-07-04,TransUnion,689,1,18
1842,1894,1842,2023-05-25,Equifax,676,5,
1843,7074,1843,2021-02-04,Experian,708,1,71
1844,6566,1844,2023-10-17,TransUnion,676,3,
1845,5342,1845,2021-09-24,Experian,728,3,30
1846,13952,1846,2022-02-03,Experian,834,5,15
1847,13291,1847,2021-06-16,Experian,847,0,
1848,6548,1848,2020-09-21,Experian,817,1,49
1849,5598,1849,2023-01-12,Equifax,808,0,
1850,5612,1850,2021-03-25,Experian,695,2,
1851,3398,1851,2021-05-10,Equifax,645,2,
1852,13600,1852,2020-12-24,Equifax,738,0,29
1853,12200,1853,2020-12-25,Equifax,683,4,
1854,5116,1854,2022-05-26,TransUnion,825,2,
1855,3042,1855,2020-11-01,Experian,816,2,
1856,10642,1856,2023-03-01,Experian,739,5,55
1857,11234,1857,2021-11-08,Equifax,641,1,
1858,395,1858,2021-06-01,TransUnion,685,5,27
1859,11724,1859,2022-12-07,TransUnion,823,4,
1860,13932,1860,2020-07-25,TransUnion,699,5,3
1861,11732,1861,2021-01-19,TransUnion,636,4,
1862,8850,1862,2020-09-13,Equifax,828,0,
1863,8150,1863,2021-12-12,Equifax,708,3,64
1864,6631,1864,2023-02-10,Equifax,832,4,4
1865,3624,1865,2022-12-27,Equifax,619,1,
1866,14761,1866,2023-05-14,Experian,721,5,
1867,11221,1867,2022-01-29,TransUnion,754,5,
1868,9441,1868,2021-03-14,TransUnion,750,0,66
1869,2465,1869,2021-07-10,Equifax,614,4,4
1870,14545,1870,2022-01-08,TransUnion,748,5,47
1871,2686,1871,2023-08-06,Equifax,813,3,
1872,5916,1872,2021-04-14,TransUnion,807,1,
1873,8290,1873,2021-06-05,TransUnion,715,4,
1874,1559,1874,2020-08-02,Experian,698,5,
1875,5604,1875,2021-02-19,Equifax,769,4,
1876,12057,1876,2023-09-09,Equifax,616,5,36
1877,12309,1877,2023-12-21,TransUnion,701,1,
1878,2629,1878,2020-04-30,Experian,641,2,
1879,14616,1879,2020-01-14,Equifax,704,0,13
1880,7883,1880,2023-01-01,TransUnion,667,3,
1881,1828,1881,2022-04-17,Equifax,721,4,48
1882,3142,1882,2022-07-05,TransUnion,725,4,
1883,5633,1883,2023-11-27,TransUnion,766,2,
1884,9794,1884,2020-06-01,TransUnion,755,5,45
1885,2405,1885,2022-03-04,Experian,646,3,46
1886,9262,1886,2022-12-01,Experian,740,3,
1887,4178,1887,2020-01-15,TransUnion,739,3,62
1888,13201,1888,2024-03-26,Experian,693,2,59
1889,14430,1889,2023-06-26,TransUnion,585,2,
1890,7132,1890,2020-05-03,TransUnion,731,0,
1891,1465,1891,2022-09-22,Equifax,666,1,20
1892,13695,1892,2022-12-16,Experian,739,4,
1893,157,1893,2020-10-30,Equifax,634,3,
1894,8799,1894,2022-01-26,Equifax,747,2,
1895,2131,1895,2022-06-08,Experian,599,3,
1896,14691,1896,2022-12-11,Equifax,807,3,
1897,13029,1897,2023-01-27,TransUnion,717,1,3
1898,10985,1898,2022-04-16,Equifax,730,3,
1899,3750,1899,2020-07-31,Equifax,672,2,15
1900,3598,1900,2023-02-28,Experian,812,2,13
1901,10469,1901,2022-04-27,Equifax,828,3,
1902,11691,1902,2024-02-06,Experian,625,2,37
1903,1807,1903,2021-05-01,TransUnion,721,0,
1904,7591,1904,2023-07-19,Equifax,673,5,52
1905,7842,1905,2023-02-07,Equifax,664,3,
1906,14070,1906,2023-03-08,Experian,689,3,27
1907,14589,1907,2023-03-25,Equifax,848,3,
1908,2596,1908,2023-05-25,Experian,602,2,
1909,12437,1909,2020-10-06,Experian,837,1,32
1910,6199,1910,2024-03-26,Experian,846,0,
1911,3142,1911,2023-06-23,Equifax,725,0,29
1912,7349,1912,2020-11-09,TransUnion,680,1,
1913,1345,1913,2021-05-31,Equifax,595,5,
1914,9621,1914,2020-06-10,Experian,704,1,
1915,699,1915,2021-01-22,TransUnion,804,4,3
1916,3669,1916,2021-05-07,Equifax,698,2,14
1917,13241,1917,2022-11-29,Equifax,696,5,
1918,8787,1918,2021-12-23,Experian,600,3,
1919,5706,1919,2021-10-14,Experian,731,3,
1920,13696,1920,2022-03-12,TransUnion,714,3,
1921,12497,1921,2022-03-10,Experian,755,1,50
1922,14852,1922,2023-02-06,Equifax,732,2,8
1923,7302,1923,2022-08-25,Experian,625,2,34
1924,934,1924,2022-09-06,Experian,687,3,22
1925,4691,1925,2021-12-08,Equifax,628,4,53
1926,10407,1926,2022-09-06,Experian,735,1,
1927,12101,1927,2021-05-22,Experian,585,3,55
1928,14422,1928,2024-02-22,TransUnion,699,3,
1929,14677,1929,2021-02-06,Equifax,694,1,36
1930,1276,1930,2023-09-11,Equifax,742,1,62
1931,12915,1931,2022-09-15,Equifax,839,0,48
1932,13714,1932,2020-09-19,TransUnion,675,1,
1933,9048,1933,2020-04-25,Experian,743,1,44
1934,8544,1934,2023-10-15,Experian,615,2,
1935,13687,1935,2022-12-05,TransUnion,678,1,
1936,10957,1936,2020-07-08,Equifax,613,3,
1937,11304,1937,2023-09-25,Equifax,652,1,42
1938,6063,1938,2022-04-17,Experian,659,3,
1939,14559,1939,2024-01-19,Experian,779,0,49
1940,13150,1940,2023-02-19,Equifax,783,2,
1941,11639,1941,2023-05-12,Experian,606,5,14
1942,1841,1942,2021-04-01,Equifax,818,2,
1943,11039,1943,2022-05-14,Experian,850,4,
1944,4248,1944,2023-09-28,Equifax,714,1,
1945,1995,1945,2023-10-26,Experian,674,4,
1946,13843,1946,2024-02-28,Equifax,630,1,
1947,14360,1947,2021-06-04,Experian,740,5,
1948,3681,1948,2023-04-07,TransUnion,749,4,17
1949,8937,1949,2022-07-31,Experian,580,2,20
1950,4153,1950,2020-04-30,Experian,638,5,4
1951,3357,1951,2020-07-24,TransUnion,597,5,
1952,1484,1952,2020-10-17,Equifax,692,0,8
1953,13049,1953,2021-01-28,TransUnion,782,5,22
1954,3357,1954,2021-09-20,Equifax,597,3,22
1955,6432,1955,2022-01-03,Experian,698,4,51
1956,3583,1956,2024-01-16,Experian,595,0,64
1957,6299,1957,2020-06-28,TransUnion,593,3,
1958,2105,1958,2020-01-27,Equifax,634,4,8
1959,7720,1959,2020-07-02,Experian,717,3,
1960,4208,1960,2022-06-08,Equifax,615,4,
1961,11349,1961,2023-04-03,Equifax,725,4,69
1962,13428,1962,2022-09-07,TransUnion,790,4,
1963,8104,1963,2021-03-26,Experian,613,1,
1964,3890,1964,2021-04-10,TransUnion,699,0,
1965,13669,1965,2024-04-11,Experian,695,2,
1966,13761,1966,2022-05-29,TransUnion,680,0,
1967,10831,1967,2024-02-20,Experian,745,3,
1968,11775,1968,2021-11-08,Experian,699,0,69
1969,9725,1969,2020-11-27,Equifax,838,2,
1970,1122,1970,2023-02-24,TransUnion,675,0,50
1971,14486,1971,2022-12-17,Equifax,701,1,
1972,11771,1972,2021-11-06,Equifax,749,4,
1973,2352,1973,2023-04-07,TransUnion,745,2,
1974,156,1974,2023-08-13,Experian,825,1,
1975,1892,1975,2023-11-13,Equifax,725,4,15
1976,14474,1976,2021-10-30,Equifax,650,5,68
1977,2029,1977,2021-01-22,Equifax,727,4,47
1978,2716,1978,2022-04-18,Equifax,739,5,22
1979,13965,1979,2020-12-01,Experian,733,4,
1980,6974,1980,2021-11-19,TransUnion,627,1,
1981,14844,1981,2024-02-17,Equifax,715,1,
1982,6923,1982,2021-03-03,Experian,733,1,
1983,3693,1983,2021-12-28,Experian,786,5,
1984,8165,1984,2020-06-22,Equifax,773,4,16
1985,174,1985,2022-08-07,Experian,695,0,
1986,5926,1986,2022-02-08,TransUnion,742,5,
1987,2727,1987,2022-06-16,TransUnion,600,1,
1988,10895,1988,2020-07-31,TransUnion,741,3,16
1989,1022,1989,2023-12-16,Equifax,724,1,
1990,8661,1990,2021-07-12,Experian,725,1,
1991,6785,1991,2022-05-20,Equifax,800,5,
1992,139,1992,2023-12-16,TransUnion,732,5,
1993,2667,1993,2020-06-04,Experian,692,4,23
1994,14713,1994,2023-02-27,Equifax,595,5,14
1995,10126,1995,2021-03-23,Equifax,680,5,45
1996,1342,1996,2020-01-29,Equifax,649,3,
1997,6320,1997,2023-03-31,Equifax,598,3,24
1998,3913,1998,2022-10-17,Experian,582,1,
1999,8502,1999,2021-12-14,Equifax,742,4,
2000,9858,2000,2023-06-23,TransUnion,590,5,45
2001,6290,2001,2023-04-11,TransUnion,674,3,
2002,5747,2002,2022-09-12,Experian,843,2,
2003,8848,2003,2024-03-03,Equifax,678,1,45
2004,14880,2004,2022-08-18,Equifax,745,3,63
2005,2767,2005,2022-02-09,Equifax,713,5,6
2006,9406,2006,2023-05-01,Equifax,832,0,4
2007,14575,2007,2022-10-14,Experian,624,3,
2008,8848,2008,2021-12-26,TransUnion,678,1,
2009,1192,2009,2022-09-18,Equifax,687,0,17
2010,3077,2010,2021-11-24,Experian,751,0,
2011,11111,2011,2022-10-19,Equifax,815,3,
2012,12965,2012,2022-02-18,Equifax,724,1,69
2013,6,2013,2022-10-27,Experian,740,3,48
2014,273,2014,2021-06-28,Equifax,760,4,
2015,14487,2015,2021-07-18,TransUnion,645,5,
2016,303,2016,2021-08-20,Experian,641,4,11
2017,784,2017,2020-05-03,Equifax,695,2,57
2018,2353,2018,2022-06-15,Experian,679,0,
2019,4363,2019,2020-06-07,TransUnion,726,3,58
2020,8617,2020,2020-10-02,TransUnion,699,1,50
2021,5817,2021,2023-04-01,TransUnion,682,3,22
2022,326,2022,2022-08-29,TransUnion,650,5,
2023,4704,2023,2022-08-02,Equifax,691,2,4
2024,14123,2024,2020-09-27,Equifax,712,4,44
2025,7740,2025,2024-03-07,Equifax,733,2,
2026,1311,2026,2021-11-22,Equifax,744,5,25
2027,1113,2027,2020-01-22,Experian,594,2,34
2028,9814,2028,2022-10-20,TransUnion,710,0,
2029,14802,2029,2023-07-10,TransUnion,725,3,71
2030,6133,2030,2020-07-31,TransUnion,789,5,
2031,10462,2031,2021-10-30,Experian,723,0,
2032,6424,2032,2024-02-24,Equifax,664,5,
2033,5569,2033,2022-08-03,Equifax,722,2,53
2034,10354,2034,2023-02-03,Equifax,629,0,
2035,12932,2035,2020-08-13,TransUnion,812,5,56
2036,11644,2036,2021-08-22,Experian,683,0,
2037,4019,2037,2022-01-22,TransUnion,584,3,40
2038,2125,2038,2023-02-17,Experian,804,0,39
2039,5542,2039,2023-10-10,Experian,680,5,
2040,6386,2040,2024-01-17,TransUnion,762,2,
2041,3369,2041,2020-03-31,TransUnion,739,0,
2042,6882,2042,2021-10-22,Equifax,726,2,
2043,11418,2043,2021-03-26,TransUnion,660,4,40
2044,6097,2044,2021-08-03,TransUnion,748,0,27
2045,10177,2045,2020-12-12,TransUnion,745,5,
2046,1392,2046,2023-05-02,Experian,735,3,
2047,12852,2047,2023-07-08,TransUnion,673,4,18
2048,7549,2048,2022-09-06,Equifax,670,0,17
2049,2188,2049,2024-04-10,TransUnion,634,5,
2050,3965,2050,2021-11-12,Experian,739,0,
2051,5199,2051,2022-03-08,Equifax,696,5,50
2052,10627,2052,2021-12-12,Experian,605,2,
2053,9319,2053,2020-06-03,TransUnion,677,3,
2054,14783,2054,2020-02-08,Experian,689,0,68
2055,4845,2055,2020-07-05,TransUnion,744,2,
2056,10076,2056,2021-05-02,Experian,693,0,
2057,5116,2057,2022-10-07,Equifax,825,3,
2058,1755,2058,2024-01-26,TransUnion,734,1,59
2059,9440,2059,2022-04-25,Equifax,832,4,
2060,12169,2060,2022-03-28,TransUnion,807,3,
2061,9384,2061,2023-07-21,Equifax,730,2,69
2062,5157,2062,2022-04-20,TransUnion,635,3,
2063,9559,2063,2024-05-07,Experian,646,5,
2064,4681,2064,2020-05-03,TransUnion,769,2,
2065,9062,2065,2023-11-07,TransUnion,807,5,
2066,4759,2066,2022-06-10,Experian,602,5,
2067,8165,2067,2022-11-16,TransUnion,773,4,
2068,7834,2068,2021-12-10,TransUnion,623,0,49
2069,633,2069,2021-08-30,Equifax,721,0,
2070,2917,2070,2024-04-15,Equifax,675,2,40
2071,1949,2071,2021-01-15,TransUnion,689,4,
2072,13404,2072,2022-02-03,Experian,739,2,
2073,5882,2073,2020-03-08,Equifax,697,4,
2074,12172,2074,2021-03-24,Equifax,734,0,6
2075,11239,2075,2021-06-29,TransUnion,705,5,
2076,598,2076,2022-09-23,TransUnion,721,4,18
2077,3844,2077,2020-11-02,TransUnion,586,3,
2078,4374,2078,2023-02-17,Experian,628,1,
2079,14254,2079,2021-02-15,Equifax,608,0,49
2080,14734,2080,2021-10-24,TransUnion,611,5,
2081,11119,2081,2023-02-21,TransUnion,746,5,
2082,878,2082,2023-10-04,Equifax,743,3,42
2083,11233,2083,2023-11-21,TransUnion,636,3,22
2084,3202,2084,2021-06-06,Equifax,691,1,66
2085,2711,2085,2023-11-18,TransUnion,811,2,
2086,14492,2086,2021-06-07,Experian,755,3,
2087,9813,2087,2021-03-15,Equifax,715,3,46
2088,8238,2088,2020-01-18,Experian,815,3,32
2089,3565,2089,2022-08-01,Equifax,615,4,57
2090,5925,2090,2020-06-28,TransUnion,670,4,34
2091,8568,2091,2023-12-12,Equifax,676,5,
2092,8113,2092,2024-01-09,Equifax,817,5,
2093,2148,2093,2023-03-19,Experian,728,1,
2094,1955,2094,2023-03-17,TransUnion,666,1,
2095,9990,2095,2022-11-13,Equifax,695,5,47
2096,11915,2096,2020-06-09,Equifax,660,2,51
2097,7577,2097,2020-09-13,Experian,725,1,68
2098,189,2098,2022-01-10,Experian,689,1,
2099,5749,2099,2022-05-26,TransUnion,747,1,
2100,11662,2100,2020-08-31,Experian,696,2,23
2101,5699,2101,2020-12-28,TransUnion,845,2,52
2102,7905,2102,2020-08-28,TransUnion,718,2,
2103,9497,2103,2022-05-13,Equifax,729,4,6
2104,12912,2104,2024-05-02,TransUnion,722,5,43
2105,9898,2105,2022-09-30,Experian,787,4,
2106,4281,2106,2021-12-11,Equifax,698,5,60
2107,2976,2107,2024-04-14,TransUnion,672,1,
2108,3319,2108,2024-01-22,Experian,817,4,
2109,12483,2109,2022-09-21,Experian,643,3,
2110,7096,2110,2021-04-19,TransUnion,703,1,65
2111,7458,2111,2021-08-05,Equifax,807,5,49
2112,1929,2112,2023-06-07,Experian,649,4,47
2113,5643,2113,2023-03-24,Experian,644,1,34
2114,6236,2114,2023-05-21,Equifax,764,1,
2115,10342,2115,2021-07-07,TransUnion,590,0,
2116,3570,2116,2022-01-27,Experian,726,4,
2117,13857,2117,2023-10-02,Equifax,731,0,15
2118,11267,2118,2023-07-07,Experian,829,1,59
2119,9217,2119,2023-09-18,Experian,837,1,
2120,7227,2120,2022-09-19,TransUnion,740,5,
2121,13386,2121,2021-11-13,Experian,729,4,
2122,12279,2122,2024-02-29,Experian,768,0,49
2123,7634,2123,2024-01-15,Experian,736,0,61
2124,6268,2124,2022-05-21,Equifax,665,3,4
2125,4249,2125,2024-05-29,TransUnion,748,1,61
2126,14797,2126,2023-03-08,Equifax,624,0,
2127,1391,2127,2021-12-21,TransUnion,678,4,
2128,9682,2128,2021-07-11,Equifax,712,2,11
2129,8046,2129,2021-04-10,Equifax,769,1,70
2130,12934,2130,2020-01-19,Equifax,619,5,
2131,8634,2131,2024-04-03,Equifax,692,5,
2132,9690,2132,2021-04-09,TransUnion,762,0,
2133,1999,2133,2021-01-06,Equifax,809,3,
2134,10905,2134,2020-08-28,Experian,633,4,3
2135,7297,2135,2024-03-11,TransUnion,743,0,30
2136,14673,2136,2023-07-09,Experian,721,1,
2137,8910,2137,2020-01-21,Equifax,643,2,10
2138,9412,2138,2020-01-26,Equifax,744,0,19
2139,1483,2139,2020-12-29,Equifax,681,2,
2140,4463,2140,2020-09-19,TransUnion,696,3,53
2141,10368,2141,2020-03-14,Experian,708,5,
2142,4595,2142,2020-11-08,TransUnion,701,2,
2143,12924,2143,2024-01-24,Experian,735,5,
2144,2475,2144,2020-07-16,TransUnion,684,3,
2145,110,2145,2023-03-05,Equifax,724,5,6
2146,642,2146,2021-03-10,TransUnion,815,3,
2147,12901,2147,2021-08-09,Experian,586,5,69
2148,4254,2148,2021-11-01,Equifax,712,0,
2149,8202,2149,2023-07-17,TransUnion,826,4,71
2150,183,2150,2021-07-20,TransUnion,711,2,
2151,10924,2151,2023-04-08,TransUnion,698,5,
2152,9856,2152,2023-05-10,TransUnion,741,4,58
2153,5046,2153,2023-04-08,Equifax,685,5,66
2154,3415,2154,2024-02-19,Equifax,743,4,
2155,11433,2155,2022-04-28,TransUnion,668,4,38
2156,1697,2156,2023-08-10,Equifax,721,2,
2157,4931,2157,2020-05-24,Equifax,687,0,64
2158,5769,2158,2022-02-04,Experian,615,0,38
2159,5324,2159,2020-05-30,Equifax,710,0,
2160,1229,2160,2020-09-27,Experian,632,1,
2161,6176,2161,2022-03-14,TransUnion,717,4,
2162,9707,2162,2020-02-26,Equifax,655,1,
2163,11867,2163,2020-06-10,Experian,742,2,71
2164,234,2164,2020-11-05,TransUnion,611,0,5
2165,14468,2165,2021-03-18,Experian,747,4,
2166,3218,2166,2021-11-16,TransUnion,723,1,18
2167,4443,2167,2022-07-18,Equifax,724,0,15
2168,14299,2168,2022-03-28,Experian,706,0,68
2169,2633,2169,2021-09-08,Experian,749,2,22
2170,8011,2170,2020-03-05,TransUnion,823,5,
2171,2834,2171,2021-11-05,Experian,745,0,
2172,14387,2172,2021-04-18,Experian,667,4,
2173,6732,2173,2020-11-30,Experian,703,0,
2174,3767,2174,2022-03-15,Equifax,738,1,
2175,7659,2175,2023-07-25,Experian,845,5,
2176,9718,2176,2023-12-23,Equifax,694,5,
2177,7015,2177,2020-12-01,Experian,732,2,
2178,10579,2178,2022-06-14,Equifax,715,0,
2179,13873,2179,2021-08-21,Experian,643,0,
2180,3811,2180,2021-01-03,TransUnion,588,4,41
2181,7096,2181,2023-06-02,Experian,703,1,
2182,10887,2182,2023-11-12,TransUnion,722,3,67
2183,3579,2183,2021-02-26,TransUnion,785,4,
2184,1451,2184,2022-02-28,TransUnion,747,5,
2185,14458,2185,2022-07-20,TransUnion,670,3,
2186,527,2186,2023-08-07,Experian,731,1,26
2187,2389,2187,2024-01-15,Experian,756,4,
2188,6896,2188,2022-11-18,Experian,661,0,4
2189,5478,2189,2021-12-17,Experian,827,4,
2190,14754,2190,2022-03-11,Experian,713,5,21
2191,6711,2191,2021-02-22,TransUnion,733,1,
2192,4438,2192,2020-09-14,Equifax,655,3,
2193,1808,2193,2021-12-11,Experian,584,2,38
2194,3025,2194,2022-01-01,Equifax,680,1,5
2195,9760,2195,2024-03-24,TransUnion,760,1,
2196,530,2196,2022-03-18,Equifax,731,4,14
2197,8320,2197,2021-08-05,Experian,741,3,8
2198,12725,2198,2022-09-18,Experian,585,5,
2199,3586,2199,2021-11-01,Equifax,741,2,
2200,14487,2200,2024-03-29,Experian,645,0,
2201,7343,2201,2023-08-07,TransUnion,748,5,
2202,10125,2202,2023-09-04,Equifax,700,0,50
2203,2675,2203,2023-05-10,Experian,611,0,46
2204,9921,2204,2023-08-27,TransUnion,708,4,
2205,3166,2205,2022-08-16,Equifax,642,0,66
2206,1090,2206,2020-08-21,Experian,597,3,7
2207,2603,2207,2021-10-11,Equifax,671,2,
2208,8857,2208,2023-06-01,Experian,740,4,21
2209,12610,2209,2023-02-17,Equifax,707,0,
2210,6395,2210,2022-02-15,TransUnion,652,0,71
2211,14261,2211,2023-12-26,Experian,621,0,34
2212,8917,2212,2021-12-18,Equifax,661,1,49
2213,8126,2213,2021-07-15,Equifax,802,2,10
2214,12785,2214,2022-01-06,Equifax,617,3,
2215,3137,2215,2023-08-20,Experian,592,0,
2216,10075,2216,2020-08-31,TransUnion,735,2,
2217,12422,2217,2022-10-02,TransUnion,718,2,
2218,3752,2218,2020-06-27,Experian,694,2,
2219,10560,2219,2020-07-31,Equifax,735,3,42
2220,11623,2220,2023-04-27,Equifax,718,2,
2221,11112,2221,2021-04-13,Experian,686,4,34
2222,13172,2222,2022-04-07,TransUnion,708,4,
2223,1434,2223,2024-01-27,Equifax,642,0,
2224,11083,2224,2020-08-07,Experian,669,4,6
2225,1530,2225,2020-03-23,Experian,785,0,
2226,1998,2226,2020-10-05,Equifax,742,3,
2227,3388,2227,2023-02-15,Equifax,630,3,66
2228,1720,2228,2020-06-12,TransUnion,689,5,
2229,9049,2229,2022-07-21,Experian,636,0,
2230,13888,2230,2020-10-16,Equifax,691,0,69
2231,7963,2231,2020-01-25,Equifax,849,3,
2232,12597,2232,2022-05-01,Equifax,776,0,
2233,4813,2233,2021-05-19,TransUnion,620,3,62
2234,12815,2234,2024-02-02,Experian,790,2,
2235,4149,2235,2020-10-03,Equifax,738,3,67
2236,10022,2236,2022-09-12,TransUnion,706,2,58
2237,8647,2237,2021-05-09,TransUnion,751,2,
2238,1828,2238,2022-08-13,TransUnion,721,2,
2239,1096,2239,2023-07-04,Equifax,756,5,
2240,14767,2240,2021-03-01,Equifax,744,2,
2241,13131,2241,2021-07-24,Experian,807,5,
2242,11898,2242,2020-09-16,Experian,691,2,
2243,4593,2243,2022-01-28,Experian,641,0,
2244,11959,2244,2022-11-20,Equifax,706,3,27
2245,421,2245,2023-01-10,TransUnion,678,2,
2246,13863,2246,2021-01-02,Equifax,607,4,
2247,6656,2247,2021-06-07,Experian,746,1,62
2248,1965,2248,2021-12-15,Experian,699,4,9
2249,9822,2249,2021-04-11,Equifax,720,5,26
2250,10517,2250,2020-08-24,Experian,732,3,
2251,2215,2251,2021-03-16,Equifax,666,0,
2252,9020,2252,2020-02-27,Experian,800,4,46
2253,3926,2253,2024-02-14,Experian,630,2,
2254,11073,2254,2020-03-30,Equifax,656,3,
2255,11748,2255,2023-02-02,Experian,615,4,
2256,3499,2256,2023-05-20,Experian,644,2,
2257,6060,2257,2023-11-04,TransUnion,743,0,63
2258,5989,2258,2024-03-09,TransUnion,843,4,17
2259,10984,2259,2023-04-06,TransUnion,782,2,61
2260,5855,2260,2023-04-06,TransUnion,590,3,
2261,64,2261,2022-11-24,Equifax,636,3,
2262,13194,2262,2022-06-10,Equifax,798,4,43
2263,2132,2263,2020-04-03,TransUnion,825,5,
2264,10561,2264,2021-05-05,Equifax,587,2,
2265,10486,2265,2023-06-09,Equifax,676,1,
2266,727,2266,2023-05-02,Experian,660,5,
2267,14458,2267,2024-01-08,Experian,670,0,
2268,12907,2268,2023-12-01,Equifax,667,5,
2269,427,2269,2020-10-06,Experian,590,4,
2270,7399,2270,2022-12-02,Experian,692,4,23
2271,13192,2271,2020-07-15,TransUnion,661,0,10
2272,12253,2272,2020-11-04,Experian,678,4,46
2273,1402,2273,2022-08-13,TransUnion,746,3,
2274,9728,2274,2024-04-30,Equifax,832,5,
2275,13624,2275,2023-04-15,Experian,749,5,
2276,8253,2276,2020-06-18,Experian,692,2,
2277,7081,2277,2023-03-24,TransUnion,732,5,49
2278,4853,2278,2020-09-20,Experian,624,0,57
2279,8179,2279,2020-04-26,Equifax,703,3,70
2280,6217,2280,2022-06-03,TransUnion,738,5,
2281,8040,2281,2022-02-28,Equifax,586,4,32
2282,9004,2282,2022-12-05,Experian,718,4,
2283,14972,2283,2024-05-15,Equifax,690,4,
2284,14253,2284,2021-12-12,TransUnion,682,5,44
2285,2495,2285,2023-02-07,TransUnion,730,2,23
2286,6018,2286,2022-04-28,TransUnion,643,0,50
2287,8006,2287,2021-08-05,Experian,666,3,
2288,12088,2288,2021-10-06,TransUnion,645,1,
2289,11746,2289,2021-12-31,TransUnion,671,4,
2290,14524,2290,2020-12-13,TransUnion,696,1,58
2291,13325,2291,2022-09-02,TransUnion,645,1,
2292,12198,2292,2023-11-23,Experian,797,5,28
2293,6838,2293,2023-08-01,Equifax,656,3,15
2294,5815,2294,2024-01-13,Equifax,690,5,
2295,5957,2295,2023-05-19,TransUnion,740,1,
2296,1268,2296,2020-01-13,Equifax,749,2,58
2297,3957,2297,2023-10-31,Equifax,729,4,65
2298,8836,2298,2021-11-12,Experian,590,2,
2299,6990,2299,2023-04-18,Experian,797,1,
2300,10097,2300,2024-03-17,Experian,633,5,
2301,614,2301,2020-10-31,TransUnion,762,2,6
2302,8991,2302,2021-05-13,Equifax,605,5,
2303,13036,2303,2024-02-27,TransUnion,730,3,
2304,4718,2304,2021-03-30,Equifax,601,2,55
2305,14395,2305,2024-02-12,TransUnion,628,1,
2306,9186,2306,2022-08-05,Experian,658,2,
2307,10893,2307,2022-12-04,Experian,730,2,15
2308,11311,2308,2021-12-15,TransUnion,731,1,62
2309,4870,2309,2022-02-22,Equifax,793,0,
2310,5557,2310,2020-06-01,TransUnion,645,5,
2311,3589,2311,2021-07-24,Experian,584,5,37
2312,9971,2312,2023-02-17,Equifax,691,1,42
2313,9499,2313,2022-10-31,TransUnion,749,5,3
2314,758,2314,2021-03-23,Equifax,734,1,
2315,9836,2315,2023-10-15,TransUnion,802,5,
2316,6551,2316,2023-02-19,Experian,633,5,20
2317,7294,2317,2020-11-10,Equifax,672,2,47
2318,14182,2318,2022-12-09,TransUnion,731,5,
2319,4470,2319,2024-04-08,TransUnion,706,4,24
2320,7189,2320,2020-04-20,TransUnion,709,1,17
2321,8470,2321,2021-02-16,Experian,718,3,66
2322,2627,2322,2020-03-25,Experian,682,5,
2323,3646,2323,2020-08-28,Experian,739,2,32
2324,163,2324,2023-01-30,Equifax,770,0,6
2325,13845,2325,2024-03-12,Equifax,663,4,14
2326,3932,2326,2023-06-25,TransUnion,673,5,
2327,37,2327,2021-02-23,Equifax,667,5,70
2328,13592,2328,2023-07-30,Experian,762,0,61
2329,2616,2329,2020-11-08,TransUnion,654,5,
2330,877,2330,2023-04-04,Experian,617,2,
2331,11407,2331,2022-12-09,Experian,711,4,
2332,4639,2332,2023-06-01,TransUnion,633,4,
2333,8017,2333,2024-01-11,Equifax,650,4,5
2334,1245,2334,2020-08-29,Experian,669,3,56
2335,6647,2335,2021-11-30,Experian,668,0,
2336,6083,2336,2021-01-23,TransUnion,701,3,
2337,3674,2337,2024-01-25,Equifax,716,1,59
2338,9433,2338,2023-12-31,Equifax,850,4,
2339,5523,2339,2020-09-15,Experian,796,4,
2340,3459,2340,2022-01-01,Equifax,634,5,
2341,4920,2341,2022-06-12,Equifax,836,3,3
2342,7948,2342,2021-03-21,Experian,826,5,
2343,9857,2343,2021-05-04,Equifax,840,0,
2344,10390,2344,2022-07-03,Experian,674,3,
2345,4683,2345,2022-08-24,Equifax,674,4,8
2346,8697,2346,2022-10-21,Experian,737,3,
2347,14830,2347,2023-10-12,TransUnion,669,1,55
2348,893,2348,2024-01-29,TransUnion,691,0,
2349,4752,2349,2022-05-20,TransUnion,681,0,
2350,13742,2350,2021-09-19,Equifax,809,0,7
2351,6068,2351,2024-02-04,Equifax,681,2,22
2352,13507,2352,2022-04-29,Experian,628,2,
2353,13844,2353,2022-09-28,TransUnion,725,0,4
2354,6617,2354,2021-09-01,TransUnion,810,5,
2355,13493,2355,2022-11-02,Equifax,714,2,25
2356,14502,2356,2021-04-03,Experian,787,5,
2357,3553,2357,2021-08-30,Experian,801,3,
2358,4333,2358,2022-12-01,TransUnion,705,4,63
2359,13373,2359,2021-11-06,Experian,727,2,
2360,6290,2360,2024-03-07,Experian,674,1,61
2361,11750,2361,2022-12-24,Experian,720,1,
2362,12051,2362,2023-09-04,Experian,841,5,
2363,4637,2363,2023-12-07,Equifax,669,3,44
2364,8431,2364,2023-06-12,Experian,589,3,54
2365,5393,2365,2020-04-13,TransUnion,618,5,
2366,13424,2366,2023-01-16,Experian,784,2,
2367,8574,2367,2022-11-16,Experian,809,1,
2368,2982,2368,2022-05-21,Equifax,745,2,46
2369,4909,2369,2020-11-20,Experian,727,5,
2370,3843,2370,2021-09-25,Experian,640,2,13
2371,11630,2371,2020-09-25,TransUnion,794,0,20
2372,9684,2372,2022-11-24,Equifax,677,3,55
2373,13025,2373,2022-04-10,TransUnion,813,1,53
2374,3312,2374,2021-07-04,Experian,732,5,
2375,14489,2375,2023-11-21,TransUnion,675,0,30
2376,9304,2376,2020-02-16,Equifax,735,5,55
2377,469,2377,2020-11-26,TransUnion,589,4,
2378,2809,2378,2020-12-02,TransUnion,703,4,
2379,11346,2379,2020-09-27,Equifax,721,5,56
2380,4460,2380,2023-08-06,Experian,706,5,49
2381,1802,2381,2022-07-19,TransUnion,732,0,
2382,12639,2382,2022-01-09,Experian,765,2,28
2383,60,2383,2022-05-19,Experian,656,2,
2384,4700,2384,2020-04-05,Equifax,603,5,
2385,11838,2385,2020-12-09,Experian,599,3,60
2386,14532,2386,2022-05-07,Equifax,742,0,63
2387,10299,2387,2021-07-27,TransUnion,607,5,4
2388,10020,2388,2023-10-14,TransUnion,752,4,21
2389,4750,2389,2020-01-08,Equifax,709,3,
2390,12659,2390,2020-05-23,Experian,821,2,
2391,12285,2391,2024-01-23,Equifax,773,0,
2392,3907,2392,2023-07-29,Experian,849,4,52
2393,11051,2393,2021-01-08,Experian,719,3,
2394,1889,2394,2021-02-09,Experian,692,0,
2395,14916,2395,2021-07-30,Equifax,679,1,11
2396,6401,2396,2022-02-24,TransUnion,687,5,63
2397,7628,2397,2020-10-09,TransUnion,666,3,25
2398,256,2398,2020-01-13,Experian,699,1,
2399,7746,2399,2020-01-18,TransUnion,632,1,21
2400,10216,2400,2022-12-09,Experian,755,3,
2401,801,2401,2022-11-12,TransUnion,677,3,55
2402,4412,2402,2023-08-23,TransUnion,690,5,
2403,10593,2403,2021-08-21,TransUnion,746,3,
2404,7667,2404,2024-01-28,Equifax,642,1,40
2405,14255,2405,2023-02-12,TransUnion,694,3,
2406,4485,2406,2022-08-04,TransUnion,727,3,
2407,12193,2407,2024-01-01,TransUnion,724,2,3
2408,4891,2408,2024-05-29,Experian,682,4,
2409,2561,2409,2023-07-23,Equifax,619,1,6
2410,10173,2410,2022-06-09,TransUnion,623,5,41
2411,12810,2411,2021-12-26,TransUnion,585,2,38
2412,8103,2412,2021-07-07,TransUnion,822,2,
2413,11043,2413,2021-02-15,Equifax,716,0,4
2414,11214,2414,2023-11-21,Equifax,653,4,68
2415,13250,2415,2022-12-23,Experian,739,2,
2416,4635,2416,2023-09-15,Equifax,667,2,28
2417,11650,2417,2021-11-20,Equifax,742,5,
2418,14386,2418,2021-11-20,Equifax,727,1,51
2419,2767,2419,2023-10-26,Experian,713,1,41
2420,14191,2420,2020-01-06,Experian,580,1,30
2421,5285,2421,2024-05-02,TransUnion,648,3,11
2422,936,2422,2021-01-27,TransUnion,651,1,
2423,14003,2423,2020-01-10,TransUnion,749,3,
2424,10915,2424,2022-01-05,TransUnion,805,0,
2425,11237,2425,2020-11-18,TransUnion,820,4,
2426,8926,2426,2023-02-01,Experian,715,2,34
2427,4685,2427,2021-07-23,Equifax,834,0,
2428,3679,2428,2022-07-13,Equifax,667,5,
2429,1270,2429,2021-10-09,TransUnion,789,2,
2430,2426,2430,2022-07-03,TransUnion,639,3,11
2431,5917,2431,2022-07-13,TransUnion,648,4,53
2432,7873,2432,2024-02-12,TransUnion,619,3,10
2433,12792,2433,2022-07-09,Equifax,825,5,
2434,12019,2434,2020-11-09,Equifax,594,0,
2435,6686,2435,2022-09-29,TransUnion,655,4,
2436,7214,2436,2022-04-24,Experian,733,4,41
2437,589,2437,2022-07-05,Equifax,738,4,
2438,13066,2438,2023-12-12,Equifax,720,3,14
2439,9490,2439,2022-09-15,TransUnion,683,2,51
2440,12852,2440,2020-09-25,Experian,673,0,54
2441,6500,2441,2020-03-10,Equifax,709,1,68
2442,5279,2442,2021-08-10,TransUnion,727,5,21
2443,4861,2443,2023-06-13,Equifax,634,4,41
2444,12581,2444,2023-07-27,Equifax,710,3,14
2445,13581,2445,2021-07-23,Equifax,722,0,
2446,6496,2446,2022-11-01,TransUnion,833,1,7
2447,7958,2447,2020-03-02,TransUnion,608,4,
2448,2484,2448,2021-11-01,TransUnion,766,1,59
2449,7695,2449,2020-08-09,Equifax,700,4,
2450,13356,2450,2021-01-18,Equifax,739,4,22
2451,458,2451,2020-01-27,Equifax,679,0,
2452,4306,2452,2021-08-23,Equifax,741,3,
2453,5283,2453,2024-02-19,Experian,680,1,22
2454,6168,2454,2021-12-17,TransUnion,739,2,26
2455,7917,2455,2023-01-30,Experian,739,2,55
2456,7009,2456,2022-11-14,Equifax,591,3,
2457,12807,2457,2020-12-23,TransUnion,806,0,
2458,3752,2458,2020-10-24,TransUnion,694,2,
2459,11741,2459,2022-04-13,Equifax,661,1,31
2460,2765,2460,2023-10-18,Equifax,798,4,22
2461,12588,2461,2022-05-21,TransUnion,669,0,61
2462,987,2462,2023-06-17,Experian,705,1,7
2463,2399,2463,2022-12-05,Experian,713,2,19
2464,13823,2464,2022-03-12,Equifax,701,2,
2465,8884,2465,2023-04-19,Experian,733,0,
2466,7590,2466,2021-07-05,Equifax,713,1,
2467,8227,2467,2022-04-24,Equifax,630,0,
2468,12872,2468,2023-02-11,Equifax,795,3,
2469,9677,2469,2020-12-05,Experian,600,3,43
2470,2394,2470,2024-02-25,TransUnion,747,4,
2471,1480,2471,2022-11-25,Equifax,742,0,
2472,10405,2472,2021-08-19,Experian,645,0,17
2473,1518,2473,2021-05-01,TransUnion,709,4,
2474,14266,2474,2023-05-03,Experian,726,5,29
2475,12849,2475,2021-08-11,Equifax,663,4,21
2476,7125,2476,2022-08-06,TransUnion,726,0,46
2477,9332,2477,2023-01-07,Equifax,734,3,
2478,3798,2478,2021-07-18,TransUnion,785,2,
2479,13987,2479,2021-09-02,TransUnion,748,0,61
2480,3079,2480,2024-05-28,Experian,739,5,
2481,1854,2481,2021-11-29,Experian,681,1,
2482,5756,2482,2022-01-04,Experian,744,4,
2483,8681,2483,2024-02-17,Equifax,846,5,
2484,7838,2484,2022-01-30,Equifax,653,4,36
2485,13783,2485,2021-03-11,Equifax,707,2,
2486,6552,2486,2020-10-28,Equifax,601,1,41
2487,9217,2487,2024-03-09,Experian,837,2,
2488,13078,2488,2021-11-29,Experian,843,5,10
2489,2462,2489,2022-07-14,Experian,814,2,36
2490,10469,2490,2020-03-05,Experian,828,1,
2491,11465,2491,2023-08-08,Equifax,739,1,
2492,13775,2492,2023-03-05,Equifax,633,1,
2493,12761,2493,2020-02-12,TransUnion,703,0,15
2494,964,2494,2020-07-23,TransUnion,749,1,14
2495,8294,2495,2020-03-10,Experian,738,4,
2496,8805,2496,2021-12-02,Equifax,596,4,64
2497,2808,2497,2021-02-01,Experian,679,5,33
2498,11625,2498,2023-06-20,Equifax,808,4,54
2499,11582,2499,2022-02-20,Equifax,648,4,29
2500,10014,2500,2022-06-12,Experian,644,4,30
2501,500,2501,2021-04-19,TransUnion,769,3,47
2502,1343,2502,2021-02-20,Equifax,710,4,
2503,1453,2503,2024-04-15,Experian,773,0,
2504,2156,2504,2020-03-19,TransUnion,616,2,
2505,7598,2505,2023-01-20,Equifax,631,2,
2506,1228,2506,2020-03-01,Equifax,769,1,
2507,7686,2507,2023-09-30,Experian,704,2,41
2508,12628,2508,2024-02-23,Experian,640,5,
2509,7915,2509,2021-01-12,TransUnion,610,0,
2510,14978,2510,2023-07-18,Experian,798,3,
2511,2577,2511,2023-08-10,TransUnion,706,1,46
2512,7080,2512,2022-05-30,Experian,845,5,14
2513,8037,2513,2022-06-15,TransUnion,704,4,61
2514,10778,2514,2024-05-06,Equifax,846,3,
2515,2659,2515,2020-08-23,Equifax,659,4,
2516,8009,2516,2020-04-23,Experian,788,3,
2517,10620,2517,2022-07-11,Equifax,757,2,40
2518,7557,2518,2022-10-27,Equifax,670,5,26
2519,7875,2519,2024-03-12,TransUnion,707,2,
2520,11949,2520,2023-12-02,TransUnion,738,4,
2521,13984,2521,2022-04-22,Equifax,772,1,
2522,10589,2522,2023-01-02,Experian,638,0,
2523,14161,2523,2020-08-04,TransUnion,703,1,
2524,8577,2524,2024-03-29,Equifax,723,1,34
2525,5378,2525,2023-07-20,Equifax,634,2,46
2526,14936,2526,2021-08-20,TransUnion,716,0,
2527,8207,2527,2021-08-12,Equifax,792,2,66
2528,8565,2528,2021-12-19,Experian,615,2,
2529,2607,2529,2024-05-08,TransUnion,766,5,
2530,5666,2530,2020-10-13,Experian,848,2,63
2531,8143,2531,2024-04-04,TransUnion,849,0,
2532,1219,2532,2023-01-20,Experian,674,2,
2533,7074,2533,2020-04-27,Equifax,708,4,22
2534,13208,2534,2020-05-20,Experian,648,5,41
2535,3361,2535,2020-04-17,Experian,703,1,
2536,13860,2536,2020-08-12,Equifax,712,2,
2537,8599,2537,2022-07-09,Equifax,668,5,
2538,10919,2538,2020-09-05,Equifax,737,5,
2539,3291,2539,2020-04-27,TransUnion,814,5,
2540,14066,2540,2021-01-25,Experian,748,1,4
2541,12730,2541,2020-02-29,Experian,745,3,29
2542,314,2542,2020-11-11,Equifax,774,2,
2543,738,2543,2020-07-16,TransUnion,823,0,
2544,4713,2544,2024-02-20,Equifax,609,0,
2545,14148,2545,2021-03-08,Experian,717,5,
2546,12340,2546,2021-05-01,TransUnion,686,2,16
2547,14484,2547,2021-04-16,Experian,709,1,
2548,3814,2548,2023-01-25,Experian,584,0,
2549,4964,2549,2021-04-15,Equifax,754,1,
2550,5029,2550,2021-04-08,TransUnion,648,2,
2551,2169,2551,2023-08-18,Experian,735,4,35
2552,7144,2552,2022-06-30,Experian,705,1,
2553,9232,2553,2022-10-11,Experian,725,5,
2554,2892,2554,2024-03-15,Equifax,651,5,
2555,7661,2555,2023-12-05,TransUnion,617,4,18
2556,201,2556,2022-05-15,Experian,692,1,
2557,13428,2557,2022-12-02,Equifax,790,3,29
2558,7236,2558,2022-10-03,TransUnion,669,3,54
2559,1238,2559,2022-06-13,Equifax,802,2,46
2560,1212,2560,2020-07-04,Equifax,705,2,
2561,3027,2561,2022-01-04,Equifax,603,1,42
2562,1148,2562,2022-10-20,TransUnion,692,1,
2563,1316,2563,2021-10-26,TransUnion,762,3,60
2564,878,2564,2020-02-11,TransUnion,743,4,
2565,11858,2565,2021-11-30,Experian,605,5,
2566,13054,2566,2023-02-25,Experian,665,4,65
2567,8230,2567,2021-07-27,TransUnion,692,4,
2568,9881,2568,2021-11-06,TransUnion,740,3,
2569,2276,2569,2023-07-27,TransUnion,685,3,70
2570,6758,2570,2023-01-13,Experian,672,3,
2571,1711,2571,2022-05-18,Equifax,673,0,
2572,11100,2572,2021-10-13,TransUnion,674,2,
2573,2985,2573,2023-09-25,Equifax,735,5,50
2574,5828,2574,2021-04-01,TransUnion,770,3,
2575,10902,2575,2023-08-07,TransUnion,743,4,
2576,6912,2576,2022-02-19,Equifax,686,2,
2577,5792,2577,2021-01-11,Equifax,704,1,48
2578,1901,2578,2022-01-11,Equifax,681,4,
2579,10665,2579,2020-09-12,Equifax,669,3,62
2580,13976,2580,2023-09-29,Equifax,588,3,
2581,9430,2581,2022-10-31,TransUnion,699,4,
2582,8215,2582,2021-11-21,Experian,717,3,5
2583,14543,2583,2020-04-19,Equifax,846,0,
2584,2542,2584,2021-02-13,TransUnion,737,5,
2585,897,2585,2020-03-14,Equifax,700,5,14
2586,12644,2586,2023-11-11,TransUnion,777,2,
2587,12822,2587,2023-02-25,TransUnion,632,4,
2588,707,2588,2023-03-02,Experian,822,2,
2589,4495,2589,2021-09-09,Experian,649,4,
2590,2115,2590,2022-10-09,Equifax,740,5,
2591,5461,2591,2021-04-21,Experian,703,3,
2592,10036,2592,2022-01-03,Equifax,661,3,
2593,7877,2593,2023-02-16,TransUnion,738,4,69
2594,3867,2594,2020-02-27,Equifax,656,3,
2595,11275,2595,2023-11-29,Equifax,833,3,
2596,2707,2596,2020-03-29,Experian,584,2,
2597,6282,2597,2020-09-20,Experian,722,1,9
2598,13692,2598,2022-08-27,Equifax,734,5,51
2599,11200,2599,2021-12-26,TransUnion,710,5,23
2600,2486,2600,2023-10-29,TransUnion,712,5,
2601,4758,2601,2022-05-08,Experian,785,3,61
2602,8005,2602,2021-06-26,TransUnion,738,5,33
2603,103,2603,2023-07-10,Equifax,673,2,
2604,8568,2604,2023-12-13,TransUnion,676,2,36
2605,9160,2605,2020-06-18,TransUnion,597,3,
2606,14962,2606,2022-11-07,Experian,741,4,3
2607,8948,2607,2021-11-21,Equifax,722,4,35
2608,12992,2608,2022-03-21,Experian,669,5,
2609,4804,2609,2020-10-11,TransUnion,731,3,51
2610,14851,2610,2022-04-12,TransUnion,697,4,43
2611,13773,2611,2020-07-31,TransUnion,741,3,
2612,11507,2612,2022-02-12,Experian,705,5,31
2613,10300,2613,2023-10-15,TransUnion,698,5,
2614,978,2614,2021-01-28,Equifax,661,3,
2615,10209,2615,2021-10-06,Equifax,666,1,
2616,10603,2616,2022-07-17,Experian,648,2,
2617,10861,2617,2024-03-16,TransUnion,756,2,
2618,12897,2618,2022-10-13,TransUnion,689,2,
2619,7477,2619,2022-01-05,Experian,653,3,
2620,2861,2620,2022-01-30,Experian,671,5,
2621,7195,2621,2023-12-05,Experian,767,3,54
2622,10562,2622,2020-03-09,TransUnion,668,4,
2623,12391,2623,2021-12-05,Experian,667,0,
2624,244,2624,2022-06-14,Experian,645,2,
2625,13292,2625,2020-10-08,Experian,820,0,
2626,2512,2626,2022-05-24,TransUnion,713,3,24
2627,8345,2627,2022-06-26,Experian,739,1,35
2628,3654,2628,2023-09-03,Equifax,808,1,40
2629,3143,2629,2022-07-21,Equifax,703,4,
2630,13622,2630,2021-01-21,TransUnion,687,4,
2631,9873,2631,2023-10-13,Experian,670,1,48
2632,5909,2632,2022-08-15,Equifax,699,2,32
2633,783,2633,2021-03-13,TransUnion,658,1,
2634,12892,2634,2021-01-07,TransUnion,769,1,
2635,9612,2635,2023-10-10,Experian,707,3,
2636,11572,2636,2023-08-18,Experian,719,3,
2637,8617,2637,2023-11-24,Experian,699,4,15
2638,11327,2638,2021-10-29,Experian,776,1,56
2639,4402,2639,2023-04-20,Equifax,829,2,
2640,5047,2640,2020-01-24,TransUnion,801,1,23
2641,9304,2641,2023-04-13,TransUnion,735,3,
2642,755,2642,2020-12-16,TransUnion,778,5,54
2643,10834,2643,2020-03-24,TransUnion,710,0,21
2644,6461,2644,2023-06-17,Experian,583,1,
2645,13554,2645,2020-06-01,TransUnion,602,2,
2646,13486,2646,2023-09-17,TransUnion,726,5,
2647,9498,2647,2021-06-28,Equifax,675,5,
2648,11787,2648,2022-05-24,Equifax,676,1,
2649,9241,2649,2022-10-27,TransUnion,652,5,53
2650,3997,2650,2020-08-22,Equifax,684,4,
2651,1844,2651,2021-07-02,Experian,651,4,
2652,13537,2652,2020-10-15,Experian,683,3,53
2653,10083,2653,2023-12-05,TransUnion,654,3,56
2654,11201,2654,2023-10-22,Equifax,704,3,40
2655,10758,2655,2024-01-23,TransUnion,641,3,
2656,9948,2656,2022-09-04,Experian,745,4,
2657,2126,2657,2020-10-02,Equifax,710,3,
2658,13240,2658,2022-07-26,TransUnion,643,0,
2659,9376,2659,2020-10-18,Equifax,713,0,27
2660,7451,2660,2021-05-22,Equifax,654,2,
2661,1436,2661,2023-12-03,Experian,711,3,
2662,14703,2662,2020-01-29,Equifax,701,5,53
2663,9287,2663,2020-05-30,Experian,593,2,59
2664,14155,2664,2021-09-22,Equifax,717,4,
2665,12440,2665,2022-08-13,Equifax,667,2,
2666,3027,2666,2020-02-26,TransUnion,603,2,62
2667,2020,2667,2022-06-09,TransUnion,744,5,41
2668,9968,2668,2021-04-10,Experian,773,2,11
2669,6183,2669,2023-11-05,Equifax,705,1,
2670,6538,2670,2021-08-01,Experian,670,3,
2671,3374,2671,2023-04-11,Experian,709,2,
2672,614,2672,2023-07-20,Experian,762,0,61
2673,13235,2673,2021-09-12,Experian,677,4,24
2674,8038,2674,2021-11-22,TransUnion,734,0,
2675,789,2675,2020-01-25,Equifax,671,0,
2676,1635,2676,2023-09-03,Equifax,658,0,
2677,8729,2677,2020-04-25,Experian,612,3,
2678,2948,2678,2023-11-09,TransUnion,664,5,51
2679,6805,2679,2020-05-08,Equifax,736,3,11
2680,3757,2680,2023-05-17,TransUnion,652,5,9
2681,6439,2681,2022-06-29,Equifax,733,5,
2682,5725,2682,2023-07-19,Equifax,590,0,
2683,6513,2683,2020-07-16,TransUnion,650,0,33
2684,2831,2684,2021-05-05,TransUnion,775,1,
2685,11453,2685,2021-12-17,TransUnion,590,5,
2686,4419,2686,2020-11-20,TransUnion,645,5,66
2687,12750,2687,2020-01-11,TransUnion,727,1,9
2688,13844,2688,2022-08-30,Experian,725,2,3
2689,11826,2689,2021-06-24,Equifax,772,4,
2690,12996,2690,2020-12-04,Experian,702,0,
2691,2,2691,2022-06-20,TransUnion,719,1,
2692,6531,2692,2020-05-06,Equifax,793,2,68
2693,4670,2693,2023-08-16,Equifax,774,4,48
2694,13418,2694,2020-03-04,Experian,669,3,6
2695,6981,2695,2021-09-23,Experian,669,5,
2696,1388,2696,2023-03-05,Equifax,749,2,24
2697,9495,2697,2020-05-17,Equifax,749,4,
2698,989,2698,2020-12-14,Equifax,773,2,34
2699,9658,2699,2020-10-28,TransUnion,692,3,48
2700,12692,2700,2022-08-20,Equifax,687,4,68
2701,5967,2701,2021-03-16,TransUnion,655,1,
2702,12485,2702,2021-04-25,Equifax,745,1,
2703,467,2703,2023-12-23,TransUnion,850,4,40
2704,14141,2704,2020-10-27,TransUnion,682,2,
2705,8716,2705,2021-11-27,Equifax,678,2,
2706,7301,2706,2021-05-05,Experian,736,2,39
2707,12744,2707,2021-03-22,Equifax,719,0,58
2708,5011,2708,2021-04-25,TransUnion,748,2,6
2709,11312,2709,2020-07-13,TransUnion,738,1,32
2710,7961,2710,2023-11-21,Equifax,841,5,6
2711,6747,2711,2023-07-05,Experian,684,5,
2712,3376,2712,2023-12-07,Experian,717,1,
2713,12693,2713,2020-09-21,Experian,730,4,50
2714,1970,2714,2023-10-14,Experian,679,3,28
2715,13551,2715,2021-02-26,Experian,739,0,
2716,9262,2716,2023-10-21,Experian,740,2,
2717,12266,2717,2022-12-23,Equifax,778,0,
2718,8801,2718,2021-07-29,Experian,598,4,
2719,2549,2719,2022-09-26,Experian,748,1,26
2720,13861,2720,2023-11-13,Experian,732,5,69
2721,5793,2721,2020-02-13,Experian,747,3,12
2722,3684,2722,2021-03-13,Equifax,725,4,
2723,4287,2723,2020-04-15,Experian,720,4,17
2724,8875,2724,2020-05-12,Experian,694,4,
2725,11409,2725,2021-11-19,Equifax,695,0,
2726,9352,2726,2022-01-18,Equifax,771,1,
2727,11914,2727,2020-01-10,TransUnion,605,4,
2728,3990,2728,2020-07-08,Experian,723,4,
2729,3720,2729,2022-04-17,TransUnion,737,3,39
2730,12546,2730,2023-07-14,Experian,721,0,41
2731,11898,2731,2023-06-28,Equifax,691,1,
2732,3534,2732,2020-10-09,Experian,658,2,
2733,12743,2733,2022-05-07,Experian,757,5,
2734,14706,2734,2023-12-09,TransUnion,685,5,10
2735,5377,2735,2020-11-21,Equifax,838,0,
2736,14463,2736,2023-11-09,TransUnion,646,5,
2737,2517,2737,2023-09-06,TransUnion,583,0,10
2738,7853,2738,2023-10-22,Equifax,676,1,32
2739,8825,2739,2021-11-18,Equifax,742,0,
2740,7850,2740,2022-05-08,Experian,708,2,
2741,8237,2741,2022-12-01,Experian,781,5,18
2742,5680,2742,2020-01-08,Equifax,667,1,19
2743,4017,2743,2021-09-01,Equifax,656,5,
2744,742,2744,2021-01-27,TransUnion,821,5,4
2745,5620,2745,2024-04-03,TransUnion,701,0,
2746,13653,2746,2021-01-12,TransUnion,743,1,
2747,11125,2747,2022-06-01,TransUnion,607,0,
2748,7091,2748,2023-02-17,Experian,720,2,
2749,5797,2749,2023-03-10,Experian,842,0,
2750,10630,2750,2022-01-28,TransUnion,708,2,38
2751,7600,2751,2020-07-18,TransUnion,680,2,62
2752,5927,2752,2020-01-22,Experian,845,0,
2753,3959,2753,2024-05-11,Experian,706,5,
2754,10768,2754,2022-02-03,Equifax,596,4,25
2755,59,2755,2020-10-11,Equifax,705,4,
2756,104,2756,2022-12-20,Experian,716,1,
2757,14538,2757,2020-06-03,Equifax,696,5,
2758,7823,2758,2024-05-16,TransUnion,766,3,
2759,2279,2759,2022-04-25,Experian,678,1,
2760,3492,2760,2020-07-14,Experian,662,2,63
2761,4332,2761,2020-09-28,TransUnion,605,5,
2762,12778,2762,2021-07-01,Experian,727,0,
2763,5351,2763,2020-12-16,TransUnion,582,4,11
2764,10630,2764,2022-01-19,Equifax,708,5,35
2765,9235,2765,2023-12-28,Experian,703,1,36
2766,4397,2766,2020-03-05,Experian,732,3,
2767,13554,2767,2023-02-19,Experian,602,3,
2768,7889,2768,2024-02-07,TransUnion,769,3,28
2769,9666,2769,2024-03-04,Equifax,661,2,
2770,14575,2770,2021-05-13,TransUnion,624,5,35
2771,3966,2771,2020-05-25,Equifax,728,5,68
2772,3099,2772,2023-02-27,TransUnion,626,2,
2773,14614,2773,2020-09-02,TransUnion,661,5,33
2774,3206,2774,2022-04-27,Experian,719,1,
2775,137,2775,2020-04-15,Equifax,784,1,
2776,13754,2776,2020-05-21,TransUnion,685,1,
2777,6502,2777,2020-09-04,TransUnion,796,0,
2778,2011,2778,2021-06-11,Experian,685,4,
2779,7836,2779,2023-12-30,Experian,587,4,54
2780,7293,2780,2022-01-27,TransUnion,843,5,
2781,6642,2781,2020-06-06,Experian,787,0,18
2782,6439,2782,2023-02-21,TransUnion,733,3,58
2783,7233,2783,2021-04-21,Equifax,706,4,
2784,931,2784,2020-05-03,TransUnion,658,3,
2785,12884,2785,2023-07-25,Experian,711,1,27
2786,12722,2786,2022-10-25,Equifax,670,3,
2787,10132,2787,2021-01-26,TransUnion,737,0,
2788,8255,2788,2021-03-05,Equifax,587,0,70
2789,4645,2789,2021-04-06,TransUnion,729,1,
2790,5912,2790,2020-09-05,Equifax,727,3,
2791,9610,2791,2021-06-09,Experian,797,3,40
2792,13161,2792,2023-05-05,TransUnion,582,0,33
2793,9585,2793,2024-03-11,Experian,784,1,
2794,5048,2794,2021-07-15,Experian,689,2,
2795,7657,2795,2021-07-14,TransUnion,749,1,
2796,9860,2796,2020-03-22,Equifax,682,2,
2797,9103,2797,2020-10-26,Experian,715,5,4
2798,488,2798,2023-03-25,Equifax,720,2,
2799,998,2799,2022-06-23,TransUnion,790,1,
2800,5432,2800,2023-05-03,Experian,615,5,4
2801,4647,2801,2022-06-30,TransUnion,597,3,
2802,12955,2802,2020-06-21,Equifax,672,1,
2803,9351,2803,2024-03-17,Equifax,697,4,
2804,3302,2804,2021-03-21,TransUnion,691,5,
2805,4668,2805,2021-05-23,Experian,713,4,9
2806,13740,2806,2022-11-12,Equifax,614,4,
2807,2451,2807,2021-04-20,Equifax,700,4,18
2808,1437,2808,2023-06-11,Experian,610,3,12
2809,12369,2809,2020-06-17,TransUnion,811,1,
2810,3552,2810,2021-05-19,Experian,698,5,
2811,12026,2811,2020-07-16,Experian,738,5,
2812,6930,2812,2023-06-08,Experian,678,0,
2813,7732,2813,2021-12-27,TransUnion,773,3,
2814,1416,2814,2023-05-29,TransUnion,613,1,44
2815,14512,2815,2023-03-23,TransUnion,749,0,
2816,14823,2816,2021-03-16,Experian,588,2,
2817,3383,2817,2020-01-14,TransUnion,721,1,69
2818,10898,2818,2024-04-03,Experian,750,3,
2819,13991,2819,2024-02-22,Equifax,766,2,28
2820,11710,2820,2020-10-30,TransUnion,642,1,8
2821,2489,2821,2020-07-23,Equifax,662,1,
2822,9611,2822,2024-02-01,Experian,647,0,4
2823,3184,2823,2020-01-28,TransUnion,631,0,
2824,2784,2824,2022-08-29,Equifax,637,0,12
2825,1359,2825,2020-09-08,TransUnion,635,2,
2826,14880,2826,2024-02-06,Experian,745,2,12
2827,13637,2827,2020-07-14,TransUnion,648,3,
2828,3898,2828,2022-09-22,Equifax,650,4,
2829,12521,2829,2024-04-20,Experian,736,1,
2830,1802,2830,2021-12-29,Experian,732,1,45
2831,12031,2831,2022-12-28,Equifax,736,2,14
2832,5627,2832,2023-07-22,TransUnion,702,2,53
2833,12635,2833,2021-02-02,TransUnion,733,2,66
2834,943,2834,2022-05-18,TransUnion,746,0,
2835,1281,2835,2023-05-13,Equifax,829,5,28
2836,7599,2836,2020-07-15,Equifax,743,4,
2837,12693,2837,2020-07-15,Equifax,730,0,
2838,1433,2838,2021-12-03,Equifax,670,3,
2839,1382,2839,2021-01-22,Equifax,692,3,
2840,14137,2840,2021-11-27,TransUnion,815,4,41
2841,14146,2841,2022-05-29,Equifax,744,4,
2842,5737,2842,2021-06-04,Equifax,795,1,
2843,768,2843,2021-05-31,Experian,821,4,
2844,14513,2844,2023-11-26,Equifax,592,1,
2845,9489,2845,2022-11-11,Experian,738,4,71
2846,6802,2846,2022-02-27,Equifax,586,4,
2847,12661,2847,2020-09-26,TransUnion,706,3,
2848,13864,2848,2023-03-20,Experian,829,0,
2849,14277,2849,2020-05-24,Experian,830,1,
2850,14264,2850,2021-12-21,Equifax,742,4,
2851,6387,2851,2023-04-18,Equifax,721,2,13
2852,5885,2852,2022-06-19,Equifax,726,3,44
2853,10272,2853,2021-11-09,Experian,727,3,
2854,9036,2854,2021-04-23,TransUnion,693,1,
2855,9899,2855,2023-03-19,Equifax,680,0,57
2856,12685,2856,2023-04-02,Experian,839,0,
2857,5733,2857,2022-07-28,Equifax,844,5,34
2858,2013,2858,2022-09-18,TransUnion,664,1,
2859,14124,2859,2020-09-03,TransUnion,627,3,
2860,8223,2860,2022-12-13,TransUnion,583,1,
2861,7686,2861,2024-02-02,Equifax,704,4,
2862,8966,2862,2021-10-28,TransUnion,715,1,
2863,11155,2863,2022-04-09,Equifax,637,5,57
2864,12539,2864,2021-09-11,Experian,671,2,
2865,3500,2865,2023-01-25,TransUnion,741,2,
2866,267,2866,2023-07-23,TransUnion,821,0,
2867,3428,2867,2021-08-16,TransUnion,836,4,
2868,1167,2868,2020-01-04,TransUnion,720,2,
2869,11908,2869,2020-12-30,Equifax,806,1,
2870,13126,2870,2020-07-24,TransUnion,661,5,
2871,12392,2871,2022-10-15,Experian,681,0,
2872,11197,2872,2023-04-15,Experian,684,0,12
2873,10372,2873,2021-04-14,Experian,596,2,24
2874,7410,2874,2022-12-20,Equifax,835,3,12
2875,9441,2875,2023-03-03,Equifax,750,3,
2876,8347,2876,2024-01-02,Experian,622,2,3
2877,2447,2877,2023-11-02,Experian,641,1,11
2878,12083,2878,2022-09-23,Experian,692,0,10
2879,11811,2879,2022-09-30,Experian,670,0,
2880,10662,2880,2023-03-17,TransUnion,742,0,6
2881,11049,2881,2021-07-16,Equifax,698,0,62
2882,359,2882,2024-03-15,TransUnion,660,2,9
2883,10548,2883,2021-09-07,Experian,742,2,
2884,337,2884,2023-06-01,Equifax,745,4,
2885,7401,2885,2020-09-26,TransUnion,661,0,50
2886,5985,2886,2022-04-18,TransUnion,760,2,
2887,10308,2887,2021-11-24,Experian,722,2,
2888,848,2888,2024-04-23,Equifax,678,2,65
2889,6413,2889,2024-05-14,Equifax,791,1,56
2890,11313,2890,2020-02-28,TransUnion,733,5,
2891,1732,2891,2021-04-24,Experian,690,4,52
2892,9811,2892,2023-04-09,Equifax,665,4,
2893,10168,2893,2020-07-14,Experian,676,2,29
2894,6189,2894,2022-04-08,TransUnion,690,3,
2895,7489,2895,2022-07-12,Experian,706,2,35
2896,14720,2896,2023-02-26,Experian,610,4,
2897,6062,2897,2022-01-12,Equifax,830,4,16
2898,1861,2898,2020-05-30,TransUnion,598,0,42
2899,9250,2899,2021-08-09,TransUnion,776,3,
2900,4040,2900,2022-02-22,Experian,662,4,70
2901,4863,2901,2022-05-10,TransUnion,727,0,
2902,6795,2902,2023-07-12,Experian,837,1,
2903,14638,2903,2024-01-02,Experian,596,4,42
2904,7251,2904,2022-11-03,TransUnion,705,0,
2905,3047,2905,2021-11-12,TransUnion,728,4,
2906,10522,2906,2024-05-01,Equifax,646,0,
2907,396,2907,2021-08-10,TransUnion,781,2,
2908,4979,2908,2022-11-12,TransUnion,643,4,47
2909,8895,2909,2021-02-17,Experian,825,3,
2910,11141,2910,2021-10-27,Equifax,668,3,
2911,10449,2911,2021-07-22,TransUnion,735,3,
2912,6026,2912,2023-02-24,Experian,742,1,16
2913,489,2913,2021-02-18,Experian,696,2,
2914,415,2914,2021-12-18,TransUnion,704,2,
2915,12515,2915,2020-09-02,TransUnion,706,0,
2916,5394,2916,2022-07-25,TransUnion,715,3,40
2917,6396,2917,2020-05-27,TransUnion,744,1,53
2918,2790,2918,2021-12-12,Experian,587,2,
2919,1735,2919,2024-01-16,TransUnion,601,0,18
2920,14760,2920,2021-10-12,TransUnion,769,1,
2921,9737,2921,2023-05-01,TransUnion,747,3,
2922,5021,2922,2024-02-27,Equifax,707,0,
2923,7027,2923,2022-10-06,TransUnion,739,4,
2924,5301,2924,2022-04-10,TransUnion,845,3,
2925,4112,2925,2020-03-24,TransUnion,727,5,
2926,12522,2926,2021-04-29,TransUnion,748,2,
2927,12556,2927,2020-11-12,Equifax,637,2,47
2928,13472,2928,2023-09-02,Equifax,688,3,
2929,14477,2929,2024-01-14,Experian,749,3,
2930,10875,2930,2021-02-27,Equifax,713,1,
2931,10733,2931,2024-02-04,Equifax,727,4,
2932,3295,2932,2022-06-14,Experian,714,0,7
2933,1134,2933,2021-02-13,TransUnion,655,2,70
2934,7731,2934,2022-03-18,Equifax,677,5,48
2935,256,2935,2022-12-11,Experian,699,3,3
2936,9192,2936,2024-05-29,Equifax,662,3,
2937,1157,2937,2023-08-27,Equifax,825,1,40
2938,328,2938,2021-03-04,Equifax,606,2,
2939,6573,2939,2022-12-25,Equifax,735,4,44
2940,11492,2940,2023-01-28,Equifax,654,4,
2941,5608,2941,2022-08-02,Experian,848,3,
2942,8598,2942,2024-05-24,TransUnion,612,5,
2943,12110,2943,2023-02-01,Equifax,722,2,4
2944,12453,2944,2020-08-15,Experian,725,1,
2945,14117,2945,2020-12-16,TransUnion,735,3,
2946,14898,2946,2024-02-17,TransUnion,674,3,
2947,6968,2947,2024-05-31,Equifax,745,4,
2948,12382,2948,2021-06-11,TransUnion,729,4,60
2949,9234,2949,2020-10-27,Equifax,748,5,
2950,948,2950,2021-05-25,Equifax,583,0,18
2951,9051,2951,2023-09-02,Equifax,769,5,68
2952,14626,2952,2023-02-23,TransUnion,747,4,52
2953,4569,2953,2020-01-06,Equifax,690,0,
2954,4428,2954,2021-08-15,TransUnion,659,1,
2955,11897,2955,2021-04-05,Experian,761,1,17
2956,3577,2956,2022-03-27,TransUnion,702,1,
2957,14186,2957,2023-11-02,Experian,725,2,58
2958,11616,2958,2023-06-28,Experian,738,5,
2959,12182,2959,2020-08-21,TransUnion,785,5,
2960,6961,2960,2023-03-24,TransUnion,596,5,
2961,29,2961,2024-05-07,Experian,779,2,57
2962,8999,2962,2022-11-23,Equifax,585,4,
2963,10754,2963,2023-08-29,Experian,698,4,
2964,8620,2964,2022-06-26,Equifax,752,4,
2965,4475,2965,2021-03-27,Experian,677,1,
2966,7237,2966,2021-10-12,TransUnion,703,3,36
2967,10556,2967,2023-03-14,TransUnion,669,5,
2968,1839,2968,2020-05-27,Equifax,763,1,
2969,10544,2969,2020-04-22,TransUnion,715,0,8
2970,11257,2970,2023-02-09,Experian,722,1,
2971,13820,2971,2024-01-16,Experian,751,5,
2972,7179,2972,2023-10-21,Experian,760,0,
2973,5711,2973,2020-07-29,TransUnion,806,2,
2974,2873,2974,2022-12-24,TransUnion,844,1,46
2975,13707,2975,2020-07-22,Equifax,629,0,
2976,388,2976,2024-03-27,Experian,595,3,
2977,3186,2977,2021-06-02,Equifax,781,1,
2978,7114,2978,2021-07-21,Experian,686,5,51
2979,7964,2979,2020-03-08,Equifax,685,1,31
2980,7308,2980,2023-06-24,TransUnion,615,3,43
2981,7467,2981,2022-04-10,Experian,735,3,
2982,14120,2982,2020-10-03,Experian,813,1,19
2983,11760,2983,2020-10-01,TransUnion,633,5,
2984,1184,2984,2021-02-14,Equifax,725,1,
2985,7364,2985,2022-06-22,TransUnion,630,3,
2986,723,2986,2020-10-27,Experian,665,4,7
2987,3116,2987,2023-07-03,Experian,589,2,
2988,3183,2988,2023-12-02,TransUnion,821,5,63
2989,12254,2989,2020-01-12,TransUnion,685,1,39
2990,2239,2990,2021-02-12,TransUnion,731,2,44
2991,13697,2991,2021-03-21,Experian,677,5,
2992,12644,2992,2020-12-13,Experian,777,1,37
2993,8143,2993,2020-02-07,TransUnion,849,3,
2994,8096,2994,2020-12-25,TransUnion,677,4,34
2995,2988,2995,2023-06-18,Equifax,638,1,11
2996,1746,2996,2020-12-01,TransUnion,674,3,
2997,11958,2997,2021-06-30,Experian,585,5,61
2998,8627,2998,2022-12-06,TransUnion,728,3,67
2999,9365,2999,2023-03-23,Experian,694,2,
3000,2274,3000,2022-12-07,TransUnion,625,2,
3001,11986,3001,2020-04-10,TransUnion,749,4,
3002,1732,3002,2023-03-25,TransUnion,690,0,7
3003,5938,3003,2023-07-21,TransUnion,770,5,
3004,5549,3004,2023-08-26,Experian,740,3,
3005,3753,3005,2021-12-12,Experian,805,3,61
3006,3560,3006,2023-12-13,Experian,657,1,
3007,11664,3007,2024-04-16,TransUnion,637,3,4
3008,8747,3008,2021-05-25,TransUnion,747,3,69
3009,4394,3009,2020-08-08,Equifax,793,4,6
3010,9974,3010,2022-07-04,Equifax,749,3,19
3011,1985,3011,2020-05-16,Experian,675,5,49
3012,12357,3012,2022-09-01,Experian,828,2,
3013,10097,3013,2022-06-11,TransUnion,633,2,59
3014,21,3014,2023-10-23,Experian,738,3,4
3015,6069,3015,2021-04-05,Experian,617,0,61
3016,12418,3016,2024-03-29,TransUnion,738,1,61
3017,10069,3017,2023-05-11,Experian,722,2,
3018,14615,3018,2023-11-10,Experian,738,0,
3019,1634,3019,2023-09-27,Equifax,699,0,65
3020,7523,3020,2021-09-14,Experian,831,5,62
3021,12712,3021,2020-10-09,Equifax,784,4,
3022,6790,3022,2020-06-05,Experian,632,0,39
3023,12040,3023,2023-01-15,Equifax,749,0,44
3024,12640,3024,2021-09-23,TransUnion,696,0,
3025,4924,3025,2020-07-06,Equifax,743,2,37
3026,10852,3026,2023-11-05,Equifax,730,0,67
3027,13946,3027,2021-03-09,TransUnion,703,5,65
3028,3738,3028,2022-11-02,Experian,582,0,
3029,9269,3029,2021-04-15,Experian,753,4,5
3030,8338,3030,2020-08-06,Equifax,716,3,
3031,2139,3031,2021-08-07,Experian,677,5,
3032,5823,3032,2021-12-11,TransUnion,653,0,14
3033,8401,3033,2020-12-30,TransUnion,700,0,26
3034,1190,3034,2022-04-11,Equifax,693,5,
3035,7207,3035,2024-05-22,TransUnion,834,3,
3036,8552,3036,2023-05-04,Equifax,711,5,42
3037,10239,3037,2023-03-18,Experian,694,2,67
3038,8328,3038,2020-08-28,Experian,813,3,
3039,11149,3039,2023-07-26,TransUnion,732,0,
3040,7060,3040,2023-09-13,TransUnion,719,5,
3041,1153,3041,2023-10-21,Equifax,770,5,
3042,5008,3042,2022-04-10,TransUnion,739,2,
3043,11309,3043,2022-07-27,TransUnion,713,0,57
3044,58,3044,2023-08-24,Equifax,691,5,
3045,13697,3045,2022-02-18,Experian,677,1,
3046,9850,3046,2021-03-10,Equifax,590,4,
3047,3217,3047,2023-03-05,Experian,739,2,
3048,7953,3048,2022-11-21,TransUnion,650,3,
3049,2327,3049,2021-05-18,Experian,701,4,67
3050,4988,3050,2022-08-24,Equifax,687,0,13
3051,8592,3051,2021-01-08,Equifax,653,1,56
3052,5202,3052,2022-02-14,Equifax,610,3,61
3053,3646,3053,2021-03-02,TransUnion,739,5,
3054,11252,3054,2021-04-28,Equifax,831,0,
3055,8884,3055,2022-07-29,Equifax,733,5,
3056,7955,3056,2021-05-17,Equifax,734,4,
3057,14603,3057,2023-07-20,TransUnion,711,0,
3058,1774,3058,2022-03-08,Equifax,735,0,
3059,11878,3059,2023-10-07,TransUnion,829,3,47
3060,7592,3060,2020-11-20,Experian,745,0,26
3061,8793,3061,2022-12-08,Equifax,597,3,34
3062,11068,3062,2024-05-27,Experian,724,4,24
3063,4091,3063,2020-08-28,Equifax,741,0,57
3064,11873,3064,2023-08-15,Experian,713,1,9
3065,6958,3065,2024-03-11,TransUnion,636,4,
3066,3039,3066,2022-03-16,Equifax,701,2,
3067,12289,3067,2020-09-03,Experian,701,4,31
3068,198,3068,2023-01-29,Equifax,718,1,
3069,1764,3069,2020-11-21,Experian,656,1,
3070,14822,3070,2022-04-29,Equifax,743,1,
3071,7344,3071,2021-07-24,Experian,676,2,
3072,3831,3072,2021-11-11,Equifax,709,3,
3073,3991,3073,2021-09-24,Experian,667,0,
3074,3759,3074,2023-05-10,Equifax,734,0,
3075,9378,3075,2023-12-22,Experian,685,2,
3076,4314,3076,2022-10-11,Equifax,603,5,
3077,9500,3077,2020-04-16,TransUnion,783,4,30
3078,14105,3078,2022-12-30,TransUnion,689,1,
3079,7670,3079,2023-08-14,TransUnion,727,0,
3080,7265,3080,2023-02-06,TransUnion,755,0,65
3081,2670,3081,2020-05-29,Experian,626,3,11
3082,11694,3082,2021-07-25,TransUnion,781,0,65
3083,2449,3083,2021-04-24,TransUnion,689,1,
3084,14278,3084,2022-04-08,Equifax,812,4,
3085,3375,3085,2023-12-05,Equifax,775,5,
3086,12717,3086,2024-05-04,TransUnion,749,0,
3087,1997,3087,2020-09-04,TransUnion,751,3,
3088,13919,3088,2024-03-19,Experian,760,3,
3089,11498,3089,2021-01-11,Equifax,737,4,
3090,6859,3090,2021-01-29,Equifax,741,4,14
3091,14937,3091,2021-05-06,TransUnion,680,2,13
3092,6445,3092,2020-02-01,Experian,763,2,4
3093,5487,3093,2022-06-26,TransUnion,623,5,15
3094,628,3094,2024-03-05,Experian,654,2,
3095,5796,3095,2022-11-21,Experian,685,3,4
3096,13775,3096,2022-11-18,TransUnion,633,2,67
3097,12146,3097,2022-04-17,Equifax,671,2,
3098,4797,3098,2023-02-05,Experian,683,2,
3099,2996,3099,2022-06-25,TransUnion,741,0,
3100,13722,3100,2021-07-11,Equifax,818,4,34
3101,14172,3101,2021-01-25,Equifax,687,3,
3102,6025,3102,2023-08-31,Experian,839,0,
3103,13900,3103,2022-01-17,Equifax,658,2,
3104,5394,3104,2023-01-12,Equifax,715,1,
3105,12658,3105,2023-11-02,Equifax,604,1,
3106,7518,3106,2023-11-10,TransUnion,674,4,25
3107,5722,3107,2024-01-11,TransUnion,750,2,32
3108,4884,3108,2024-03-28,TransUnion,618,0,
3109,4690,3109,2021-02-03,Equifax,737,3,33
3110,7615,3110,2022-03-30,Experian,600,4,
3111,11976,3111,2020-06-22,Experian,693,0,
3112,11050,3112,2021-12-02,Experian,722,0,
3113,11127,3113,2021-10-09,Experian,824,5,
3114,5730,3114,2023-03-10,Experian,667,3,38
3115,12871,3115,2021-12-05,Equifax,731,4,
3116,11151,3116,2022-11-16,Experian,783,3,
3117,9642,3117,2023-08-11,Experian,702,3,
3118,11744,3118,2020-05-20,Equifax,716,5,16
3119,7212,3119,2022-08-01,TransUnion,807,5,4
3120,14109,3120,2023-01-29,Equifax,637,2,50
3121,1275,3121,2021-01-24,Equifax,663,3,
3122,1885,3122,2023-03-10,Equifax,639,4,53
3123,9515,3123,2023-10-12,Equifax,655,0,
3124,10454,3124,2023-02-10,Equifax,749,5,60
3125,9023,3125,2022-08-01,Experian,684,0,
3126,10377,3126,2021-02-08,Equifax,616,1,47
3127,4779,3127,2022-05-13,Experian,723,0,
3128,10607,3128,2021-11-30,Equifax,727,1,50
3129,11967,3129,2021-05-03,Experian,726,5,
3130,14736,3130,2020-11-25,Equifax,692,0,
3131,5474,3131,2023-08-24,TransUnion,684,4,
3132,12272,3132,2023-07-17,TransUnion,674,1,29
3133,10754,3133,2024-04-04,Experian,698,4,12
3134,3572,3134,2023-10-27,Equifax,723,1,
3135,136,3135,2021-10-10,Experian,799,0,
3136,3564,3136,2021-04-30,TransUnion,766,2,7
3137,9363,3137,2021-08-03,TransUnion,742,4,14
3138,2773,3138,2021-02-22,Experian,688,4,42
3139,12544,3139,2024-01-12,TransUnion,677,1,
3140,5032,3140,2020-07-02,Experian,816,5,69
3141,14155,3141,2022-06-28,TransUnion,717,0,
3142,9520,3142,2024-03-05,TransUnion,712,1,63
3143,9323,3143,2022-10-01,Experian,694,1,
3144,10534,3144,2020-03-02,Experian,704,1,
3145,12235,3145,2023-01-30,Experian,825,1,
3146,149,3146,2022-12-21,Experian,734,1,
3147,6106,3147,2023-03-19,TransUnion,746,0,
3148,14385,3148,2022-09-28,TransUnion,725,5,
3149,9352,3149,2024-03-10,Experian,771,0,46
3150,8583,3150,2022-05-03,Experian,718,4,14
3151,4621,3151,2022-05-15,Experian,605,4,
3152,5714,3152,2024-03-04,TransUnion,792,1,56
3153,12105,3153,2024-05-03,TransUnion,582,5,
3154,14320,3154,2022-09-03,Experian,713,4,12
3155,10570,3155,2020-09-22,Equifax,748,3,40
3156,6999,3156,2023-08-19,TransUnion,671,3,42
3157,5061,3157,2023-05-13,TransUnion,699,2,
3158,981,3158,2023-04-27,Equifax,621,1,21
3159,1384,3159,2020-01-24,Equifax,688,5,
3160,8073,3160,2020-04-27,Equifax,847,5,
3161,14128,3161,2021-04-23,Equifax,597,2,
3162,7650,3162,2022-07-14,TransUnion,788,0,6
3163,5398,3163,2020-04-08,Equifax,767,1,38
3164,1640,3164,2022-05-16,TransUnion,714,5,
3165,3146,3165,2020-10-16,Experian,806,4,
3166,716,3166,2020-09-27,Equifax,774,2,
3167,6187,3167,2024-02-20,TransUnion,765,0,
3168,6561,3168,2024-05-28,Equifax,657,5,
3169,13791,3169,2021-05-27,Experian,708,4,
3170,11168,3170,2023-07-19,Experian,786,0,45
3171,3203,3171,2023-09-10,Experian,676,4,
3172,8211,3172,2020-09-01,TransUnion,648,5,
3173,5588,3173,2021-12-19,TransUnion,748,1,
3174,14183,3174,2020-03-28,TransUnion,850,2,59
3175,6981,3175,2022-04-13,Experian,669,1,10
3176,202,3176,2023-11-24,Experian,608,3,34
3177,3542,3177,2022-07-12,Equifax,787,4,14
3178,316,3178,2022-05-15,TransUnion,744,1,
3179,1500,3179,2023-02-14,Experian,706,5,69
3180,14088,3180,2021-08-23,Experian,721,2,48
3181,6077,3181,2021-10-15,Equifax,605,0,41
3182,10263,3182,2022-07-13,Equifax,795,4,3
3183,13722,3183,2021-06-23,Equifax,818,5,
3184,5893,3184,2020-03-17,TransUnion,619,5,
3185,11945,3185,2023-12-31,TransUnion,664,2,
3186,1661,3186,2023-02-13,Experian,698,5,
3187,894,3187,2021-04-24,Equifax,746,5,
3188,4932,3188,2023-01-26,Equifax,713,2,49
3189,7210,3189,2022-01-22,Equifax,800,2,
3190,12037,3190,2022-12-11,TransUnion,686,0,
3191,2067,3191,2023-09-09,Experian,648,2,
3192,12714,3192,2021-11-05,TransUnion,718,0,
3193,2733,3193,2024-03-11,Experian,722,0,32
3194,10380,3194,2024-05-13,Experian,679,3,8
3195,13298,3195,2021-12-11,Experian,694,3,
3196,4972,3196,2020-12-23,Equifax,691,2,
3197,5475,3197,2022-08-16,TransUnion,672,0,
3198,8031,3198,2023-09-23,TransUnion,728,4,
3199,14161,3199,2020-10-20,Equifax,703,3,
3200,865,3200,2023-02-05,TransUnion,651,0,
3201,14240,3201,2022-06-14,Equifax,717,0,
3202,5045,3202,2020-04-04,Experian,666,3,24
3203,2160,3203,2023-09-22,Experian,831,4,
3204,8463,3204,2020-02-27,Experian,675,1,32
3205,10203,3205,2023-08-03,Equifax,841,1,
3206,9671,3206,2022-05-23,Experian,749,5,64
3207,1145,3207,2021-12-17,Equifax,612,2,
3208,9852,3208,2021-10-27,Equifax,794,5,
3209,3560,3209,2024-01-09,TransUnion,657,0,60
3210,9315,3210,2023-02-15,TransUnion,622,0,39
3211,14948,3211,2020-04-21,TransUnion,630,0,
3212,3811,3212,2021-08-31,Experian,588,3,52
3213,4358,3213,2024-02-11,Equifax,704,1,
3214,13775,3214,2021-05-01,TransUnion,633,1,60
3215,8390,3215,2022-07-20,Experian,712,1,
3216,8022,3216,2020-10-02,TransUnion,654,3,
3217,1111,3217,2020-07-11,TransUnion,701,2,
3218,8386,3218,2023-07-21,Equifax,653,4,
3219,5830,3219,2022-03-08,Experian,720,3,14
3220,3002,3220,2024-05-08,TransUnion,706,3,
3221,11748,3221,2023-04-14,Experian,615,2,64
3222,5836,3222,2024-05-01,Experian,723,0,
3223,14643,3223,2020-05-19,Equifax,728,5,11
3224,9369,3224,2020-05-10,Experian,638,1,
3225,2722,3225,2021-08-30,Experian,697,2,47
3226,5743,3226,2021-09-21,Equifax,725,3,
3227,6771,3227,2020-08-02,TransUnion,745,0,17
3228,7083,3228,2020-12-21,Experian,675,2,43
3229,4788,3229,2021-11-24,Experian,696,1,
3230,4522,3230,2023-03-24,TransUnion,748,1,
3231,11780,3231,2021-07-02,Equifax,634,0,41
3232,8303,3232,2022-09-09,Experian,700,2,60
3233,5879,3233,2023-04-21,Equifax,687,0,
3234,10709,3234,2023-05-22,Experian,698,4,
3235,3308,3235,2022-12-08,TransUnion,597,1,48
3236,3992,3236,2023-06-18,TransUnion,793,4,
3237,372,3237,2020-03-11,Equifax,669,1,37
3238,1861,3238,2021-04-14,Equifax,598,2,
3239,10455,3239,2020-03-04,Equifax,709,1,51
3240,8172,3240,2024-05-30,TransUnion,699,2,
3241,12669,3241,2022-08-18,Equifax,651,4,
3242,10242,3242,2020-01-19,Equifax,726,5,27
3243,14128,3243,2021-09-20,TransUnion,597,4,
3244,12344,3244,2023-03-12,TransUnion,846,5,
3245,2990,3245,2021-12-29,Experian,664,2,
3246,14119,3246,2021-06-11,Experian,721,2,51
3247,3852,3247,2020-08-07,TransUnion,733,0,15
3248,14906,3248,2024-01-09,TransUnion,730,4,
3249,5627,3249,2021-09-19,Equifax,702,3,56
3250,12964,3250,2020-08-26,Equifax,703,0,44
3251,1850,3251,2022-08-20,Equifax,580,0,7
3252,3849,3252,2020-01-15,TransUnion,740,0,
3253,8095,3253,2023-07-27,TransUnion,599,2,
3254,1338,3254,2023-05-04,Experian,665,3,
3255,11608,3255,2023-02-14,Experian,640,3,
3256,5787,3256,2023-07-12,Equifax,746,3,
3257,3767,3257,2020-09-27,Equifax,738,2,40
3258,2362,3258,2022-05-17,TransUnion,740,1,
3259,8098,3259,2022-05-06,TransUnion,793,0,20
3260,13659,3260,2020-07-27,Equifax,849,4,
3261,14557,3261,2023-02-13,TransUnion,595,0,59
3262,10845,3262,2022-07-08,Equifax,605,3,
3263,551,3263,2021-07-16,Equifax,702,5,
3264,10872,3264,2022-10-03,Experian,779,3,
3265,12350,3265,2021-05-05,TransUnion,594,2,
3266,4736,3266,2022-03-09,Equifax,739,3,18
3267,9124,3267,2023-07-02,Equifax,591,5,
3268,7700,3268,2021-09-07,Equifax,676,5,
3269,11664,3269,2023-07-27,Equifax,637,3,
3270,3393,3270,2023-08-06,Equifax,850,1,28
3271,1040,3271,2024-01-30,Equifax,719,3,
3272,7389,3272,2020-08-30,TransUnion,688,1,31
3273,6458,3273,2022-06-18,Equifax,680,1,22
3274,8572,3274,2022-10-07,Equifax,817,4,14
3275,13214,3275,2022-08-02,Experian,615,5,
3276,9797,3276,2021-09-28,TransUnion,679,0,
3277,2911,3277,2020-06-06,Equifax,592,4,7
3278,7012,3278,2023-02-12,Experian,774,3,
3279,13097,3279,2021-12-16,Experian,749,2,
3280,10192,3280,2021-07-03,Experian,679,2,
3281,182,3281,2020-06-08,Equifax,795,4,
3282,9879,3282,2023-10-28,Equifax,705,2,49
3283,9882,3283,2022-12-22,Equifax,683,0,
3284,10030,3284,2022-02-05,TransUnion,733,4,38
3285,2393,3285,2020-02-09,Experian,725,2,
3286,6359,3286,2020-04-30,TransUnion,605,3,
3287,11399,3287,2020-04-19,Equifax,586,0,7
3288,1342,3288,2021-02-06,Experian,649,5,
3289,10737,3289,2021-05-14,Experian,706,2,
3290,6420,3290,2023-05-19,Experian,583,5,
3291,6858,3291,2024-02-22,Equifax,703,0,
3292,2546,3292,2021-01-31,Equifax,766,0,
3293,5747,3293,2020-05-19,TransUnion,843,5,
3294,8729,3294,2022-05-20,Experian,612,5,28
3295,7901,3295,2020-03-07,TransUnion,718,5,
3296,11117,3296,2021-11-15,TransUnion,604,5,13
3297,10080,3297,2023-02-20,Experian,624,5,
3298,3648,3298,2023-01-14,Equifax,676,0,
3299,14181,3299,2020-10-27,Equifax,708,0,47
3300,302,3300,2022-12-02,TransUnion,740,1,
3301,3500,3301,2023-06-12,TransUnion,741,0,27
3302,2314,3302,2023-12-20,Equifax,714,4,
3303,13106,3303,2024-04-20,TransUnion,645,5,
3304,4891,3304,2021-03-06,Equifax,682,5,
3305,14729,3305,2022-10-31,Equifax,660,5,28
3306,3328,3306,2020-06-05,Equifax,716,2,17
3307,6774,3307,2022-07-07,TransUnion,629,0,23
3308,310,3308,2022-09-10,Experian,667,3,
3309,3013,3309,2023-12-05,Equifax,785,1,34
3310,6618,3310,2021-05-19,Equifax,815,4,57
3311,13321,3311,2023-06-12,Equifax,713,3,
3312,5110,3312,2021-05-09,Equifax,672,1,8
3313,13638,3313,2020-10-14,Equifax,653,1,
3314,4728,3314,2022-05-05,Equifax,743,4,
3315,5838,3315,2020-06-20,TransUnion,738,2,8
3316,13351,3316,2020-08-30,TransUnion,839,4,
3317,2240,3317,2022-08-25,Experian,835,2,18
3318,11223,3318,2021-05-01,Equifax,806,3,
3319,1451,3319,2020-09-04,Equifax,747,5,67
3320,1398,3320,2021-11-04,Experian,723,2,
3321,8133,3321,2020-04-14,Experian,634,0,
3322,4539,3322,2021-06-19,Experian,831,2,34
3323,3921,3323,2020-11-17,Equifax,647,4,
3324,11720,3324,2022-12-30,TransUnion,828,5,
3325,3155,3325,2023-10-09,Experian,683,5,
3326,712,3326,2021-09-13,Experian,696,0,26
3327,11028,3327,2022-02-27,Equifax,716,1,40
3328,10331,3328,2021-01-26,TransUnion,811,2,
3329,11015,3329,2022-09-28,Experian,794,2,
3330,9487,3330,2022-05-04,Experian,770,4,24
3331,4111,3331,2021-12-25,Experian,708,4,
3332,8943,3332,2024-03-27,Equifax,703,1,16
3333,6073,3333,2022-06-27,Equifax,738,3,
3334,11241,3334,2020-05-17,Equifax,705,3,19
3335,10612,3335,2020-04-19,TransUnion,785,2,39
3336,11051,3336,2021-05-16,Experian,719,0,59
3337,14780,3337,2021-04-06,Equifax,788,5,51
3338,886,3338,2020-03-18,Experian,590,2,
3339,984,3339,2021-01-13,Experian,642,4,
3340,7860,3340,2021-11-14,Experian,827,1,39
3341,9371,3341,2023-11-12,Equifax,586,1,33
3342,13966,3342,2020-09-22,TransUnion,608,3,
3343,10596,3343,2020-05-14,Equifax,722,3,
3344,8222,3344,2024-01-23,Experian,837,2,
3345,2930,3345,2020-04-29,TransUnion,734,2,
3346,8208,3346,2020-05-30,Experian,812,5,61
3347,5864,3347,2020-07-12,TransUnion,665,2,
3348,4936,3348,2023-06-05,Equifax,607,5,64
3349,14839,3349,2021-04-19,Equifax,672,2,35
3350,1618,3350,2022-11-18,TransUnion,689,3,34
3351,3515,3351,2021-06-18,Equifax,836,2,
3352,14070,3352,2021-04-01,Equifax,689,4,
3353,14619,3353,2023-06-05,Equifax,795,4,
3354,9587,3354,2020-08-18,Equifax,627,2,
3355,1999,3355,2020-10-13,Equifax,809,4,
3356,10057,3356,2024-05-24,Equifax,734,4,55
3357,6142,3357,2020-11-22,Experian,747,1,4
3358,6924,3358,2022-03-03,Equifax,758,1,
3359,1691,3359,2020-08-13,Equifax,844,1,21
3360,14269,3360,2022-04-21,Equifax,692,2,56
3361,8471,3361,2020-05-28,Equifax,593,0,
3362,1809,3362,2021-08-25,Equifax,723,2,48
3363,12503,3363,2023-08-03,Experian,707,4,
3364,3729,3364,2022-05-24,TransUnion,659,3,
3365,9736,3365,2023-02-24,Equifax,738,2,53
3366,8380,3366,2020-05-08,Experian,749,3,64
3367,5317,3367,2023-02-17,Equifax,674,2,
3368,14058,3368,2023-06-23,Equifax,734,4,
3369,10997,3369,2020-03-21,Equifax,746,4,37
3370,12002,3370,2020-12-18,Experian,706,3,
3371,7129,3371,2021-05-23,TransUnion,654,0,
3372,9778,3372,2021-04-20,Equifax,598,4,71
3373,10134,3373,2023-04-19,TransUnion,832,4,43
3374,10694,3374,2020-06-26,Experian,610,5,37
3375,14293,3375,2021-03-27,Equifax,773,3,64
3376,5417,3376,2023-10-26,Equifax,671,0,25
3377,14133,3377,2022-03-31,Equifax,711,0,
3378,897,3378,2021-02-26,TransUnion,700,1,
3379,11895,3379,2023-01-02,TransUnion,735,1,
3380,10778,3380,2020-07-07,Experian,846,4,
3381,6442,3381,2020-11-03,Equifax,818,4,
3382,3193,3382,2023-02-04,Experian,660,0,65
3383,7417,3383,2020-11-10,Equifax,659,0,6
3384,1127,3384,2022-05-01,TransUnion,696,2,
3385,8063,3385,2024-05-28,Experian,636,5,
3386,11178,3386,2023-09-06,Equifax,674,3,
3387,698,3387,2023-04-18,Equifax,668,5,
3388,5363,3388,2020-10-01,Experian,722,4,69
3389,7688,3389,2024-01-18,TransUnion,723,0,
3390,1376,3390,2020-02-12,TransUnion,631,2,
3391,299,3391,2022-01-09,TransUnion,699,0,
3392,637,3392,2022-07-15,TransUnion,754,2,
3393,14272,3393,2022-06-06,Experian,755,2,
3394,7353,3394,2021-03-28,Equifax,623,3,
3395,4264,3395,2021-06-10,Equifax,660,1,
3396,4010,3396,2021-02-27,Experian,666,0,
3397,6492,3397,2020-11-29,Equifax,632,1,26
3398,976,3398,2021-09-21,Equifax,582,0,33
3399,9359,3399,2020-09-13,TransUnion,679,5,65
3400,3992,3400,2020-06-23,TransUnion,793,2,6
3401,2974,3401,2020-03-19,TransUnion,724,0,9
3402,10452,3402,2022-10-03,Experian,709,2,38
3403,9320,3403,2021-10-03,Equifax,609,0,29
3404,8699,3404,2021-12-15,Equifax,593,2,
3405,10053,3405,2023-12-02,TransUnion,658,5,
3406,12701,3406,2020-04-22,TransUnion,590,2,
3407,3427,3407,2020-07-26,Experian,668,3,
3408,4695,3408,2021-08-21,Equifax,683,5,
3409,11114,3409,2023-07-24,Equifax,743,3,
3410,4495,3410,2022-06-18,TransUnion,649,3,
3411,8718,3411,2020-05-27,TransUnion,715,2,3
3412,6065,3412,2022-01-16,Experian,694,4,18
3413,9419,3413,2021-05-04,Experian,715,3,
3414,11530,3414,2022-06-19,Equifax,754,4,49
3415,10849,3415,2021-12-02,Equifax,617,5,26
3416,1082,3416,2022-02-26,Equifax,774,4,54
3417,13385,3417,2023-10-17,Experian,693,5,
3418,12566,3418,2022-08-16,TransUnion,691,5,45
3419,6702,3419,2022-05-20,Experian,775,1,65
3420,6479,3420,2024-02-21,Experian,800,3,60
3421,11333,3421,2022-08-31,Experian,701,1,
3422,12796,3422,2021-10-07,Equifax,730,0,
3423,1229,3423,2021-07-25,Experian,632,4,45
3424,8023,3424,2024-05-14,Equifax,723,5,67
3425,3664,3425,2020-10-27,Equifax,775,2,
3426,9993,3426,2022-06-02,Equifax,721,1,50
3427,9947,3427,2020-12-30,Experian,697,5,63
3428,2942,3428,2022-11-18,TransUnion,610,2,
3429,14405,3429,2023-05-13,Experian,713,4,
3430,6220,3430,2024-01-08,Experian,815,2,3
3431,315,3431,2023-05-22,Equifax,693,4,
3432,5321,3432,2022-04-09,Equifax,748,3,43
3433,13356,3433,2021-09-09,Experian,739,4,
3434,6296,3434,2020-06-20,Equifax,690,4,
3435,3915,3435,2020-04-15,Equifax,742,1,10
3436,10349,3436,2023-12-07,Experian,668,0,
3437,13472,3437,2020-10-20,Equifax,688,1,
3438,11106,3438,2024-04-14,Equifax,714,1,8
3439,12036,3439,2022-01-25,Equifax,580,5,
3440,6898,3440,2023-12-24,TransUnion,808,3,4
3441,7957,3441,2021-02-08,Equifax,732,5,9
3442,11169,3442,2020-03-23,Equifax,848,4,4
3443,10281,3443,2020-12-19,TransUnion,711,4,27
3444,745,3444,2023-05-01,Equifax,808,0,33
3445,6147,3445,2024-03-26,Equifax,747,1,
3446,1017,3446,2021-01-08,Experian,691,4,
3447,5566,3447,2020-03-03,Experian,657,3,
3448,8122,3448,2023-04-26,Equifax,798,5,50
3449,4821,3449,2020-12-16,Equifax,843,5,
3450,14913,3450,2020-06-20,TransUnion,721,2,
3451,11369,3451,2022-08-26,Experian,647,3,34
3452,2844,3452,2021-05-03,Equifax,740,4,36
3453,5480,3453,2024-01-22,TransUnion,692,3,
3454,10736,3454,2023-02-02,Experian,800,4,
3455,7483,3455,2023-03-03,TransUnion,829,5,29
3456,7138,3456,2023-06-24,Equifax,703,5,66
3457,2809,3457,2024-02-06,TransUnion,703,2,20
3458,8382,3458,2024-03-12,TransUnion,595,0,64
3459,11110,3459,2023-06-15,Experian,655,5,69
3460,7962,3460,2021-09-24,Experian,680,1,
3461,7714,3461,2021-04-23,Experian,612,2,
3462,5652,3462,2023-08-26,TransUnion,772,3,59
3463,11741,3463,2022-09-14,Experian,661,3,
3464,7048,3464,2023-05-03,TransUnion,633,0,12
3465,14563,3465,2023-03-25,TransUnion,771,5,
3466,4203,3466,2021-07-25,Equifax,669,5,
3467,12915,3467,2020-06-21,Equifax,839,5,
3468,7729,3468,2024-05-23,Experian,664,5,
3469,14088,3469,2020-05-08,TransUnion,721,3,
3470,1197,3470,2022-09-02,Equifax,812,3,
3471,14740,3471,2022-11-25,TransUnion,681,1,
3472,2220,3472,2021-12-29,TransUnion,843,1,
3473,9495,3473,2020-11-28,Experian,749,5,
3474,5011,3474,2021-11-06,Experian,748,2,
3475,14238,3475,2020-08-05,Experian,707,1,
3476,2857,3476,2024-05-17,Experian,699,3,
3477,2146,3477,2024-01-21,Experian,589,3,54
3478,7105,3478,2021-04-26,Experian,683,1,66
3479,5425,3479,2020-11-28,Equifax,637,5,
3480,3699,3480,2022-02-19,TransUnion,734,1,
3481,727,3481,2023-02-13,Equifax,660,2,32
3482,2211,3482,2020-11-14,Equifax,607,0,44
3483,9228,3483,2023-10-03,TransUnion,747,4,
3484,9732,3484,2023-11-28,Equifax,747,2,
3485,6357,3485,2020-12-28,TransUnion,794,4,
3486,3031,3486,2021-03-07,TransUnion,719,2,
3487,13156,3487,2022-04-27,Experian,745,1,
3488,13909,3488,2020-01-06,TransUnion,647,4,
3489,6844,3489,2022-01-11,Equifax,708,2,69
3490,12497,3490,2022-03-03,TransUnion,755,0,
3491,5313,3491,2023-01-09,Experian,693,5,54
3492,3744,3492,2022-10-12,TransUnion,750,2,
3493,10480,3493,2022-04-17,Experian,739,4,
3494,13712,3494,2023-08-08,Equifax,708,0,
3495,2862,3495,2020-05-09,Equifax,721,3,35
3496,6534,3496,2021-03-30,TransUnion,783,4,68
3497,6726,3497,2020-08-09,Experian,640,5,11
3498,5464,3498,2021-12-10,Experian,830,0,62
3499,7882,3499,2021-10-19,Experian,783,3,
3500,3756,3500,2022-10-01,Equifax,763,2,49
3501,9109,3501,2022-12-17,Experian,720,4,
3502,6174,3502,2020-05-16,Equifax,745,2,46
3503,11983,3503,2020-07-29,TransUnion,744,3,
3504,4506,3504,2022-09-04,Experian,819,2,
3505,3799,3505,2021-11-02,Experian,752,2,27
3506,2061,3506,2023-09-03,Equifax,800,3,
3507,7345,3507,2022-11-06,Equifax,652,2,
3508,9745,3508,2020-11-15,Experian,651,1,
3509,5412,3509,2023-12-13,TransUnion,639,1,
3510,14436,3510,2023-09-26,Equifax,697,4,
3511,3291,3511,2021-03-06,Experian,814,1,25
3512,6436,3512,2020-02-22,Equifax,789,1,
3513,5232,3513,2020-09-15,Equifax,661,1,19
3514,4152,3514,2021-08-01,TransUnion,605,1,38
3515,5658,3515,2023-12-08,Experian,681,1,
3516,14137,3516,2021-12-14,Experian,815,4,
3517,12997,3517,2023-09-26,TransUnion,766,5,
3518,8699,3518,2023-05-19,Experian,593,0,
3519,13338,3519,2024-04-28,Experian,727,5,71
3520,13477,3520,2022-03-16,Equifax,646,0,
3521,5894,3521,2020-05-12,Equifax,616,2,
3522,11141,3522,2023-08-10,Equifax,668,2,47
3523,8210,3523,2022-10-12,TransUnion,715,4,
3524,8708,3524,2022-11-08,Equifax,778,0,14
3525,7960,3525,2024-05-10,Experian,595,2,
3526,14834,3526,2021-11-24,Experian,661,3,
3527,5817,3527,2020-06-22,TransUnion,682,1,
3528,11331,3528,2023-05-11,Experian,692,5,
3529,5321,3529,2020-10-01,TransUnion,748,5,
3530,2128,3530,2022-02-16,Equifax,719,3,
3531,8946,3531,2021-11-10,Equifax,694,0,
3532,14880,3532,2020-10-10,Equifax,745,3,56
3533,13829,3533,2021-06-19,TransUnion,693,3,
3534,2433,3534,2021-12-04,Equifax,848,0,
3535,7706,3535,2023-03-18,Experian,740,2,
3536,13948,3536,2021-01-12,TransUnion,684,4,
3537,11250,3537,2021-12-15,Experian,743,2,
3538,2603,3538,2023-01-08,Equifax,671,1,17
3539,5879,3539,2022-05-11,Experian,687,3,52
3540,7574,3540,2020-06-20,Experian,754,4,
3541,10301,3541,2024-04-23,Experian,743,1,
3542,881,3542,2023-11-27,TransUnion,706,3,40
3543,11684,3543,2021-10-17,Experian,629,1,52
3544,973,3544,2020-06-07,Experian,707,2,9
3545,6667,3545,2021-12-03,Experian,588,1,3
3546,10575,3546,2021-02-12,Equifax,633,3,
3547,13159,3547,2023-05-09,Experian,616,3,
3548,4268,3548,2021-10-10,Experian,640,0,
3549,8094,3549,2023-06-14,Experian,805,2,
3550,9389,3550,2020-02-03,TransUnion,688,4,
3551,1315,3551,2023-05-21,TransUnion,775,4,
3552,3739,3552,2021-11-07,Experian,678,4,
3553,1703,3553,2022-12-23,Equifax,693,2,
3554,13002,3554,2022-12-23,TransUnion,734,1,
3555,40,3555,2020-11-08,Equifax,638,5,28
3556,7189,3556,2022-10-05,Equifax,709,3,7
3557,5620,3557,2021-06-03,Equifax,701,2,48
3558,10002,3558,2022-06-11,Experian,703,0,
3559,1428,3559,2020-01-23,TransUnion,582,4,
3560,4255,3560,2024-03-29,TransUnion,581,3,
3561,1785,3561,2023-11-18,Equifax,732,0,
3562,10213,3562,2020-02-15,Experian,743,0,
3563,1060,3563,2022-06-10,Experian,719,3,
3564,13652,3564,2024-05-25,Experian,832,5,
3565,12640,3565,2020-10-10,Equifax,696,1,67
3566,850,3566,2020-02-26,Experian,699,0,
3567,9151,3567,2021-09-19,TransUnion,647,4,
3568,14851,3568,2024-04-13,Experian,697,0,
3569,5706,3569,2020-06-27,Experian,731,4,10
3570,14960,3570,2020-09-11,Experian,720,3,11
3571,13759,3571,2021-11-13,Experian,672,1,
3572,9780,3572,2020-06-07,TransUnion,617,1,
3573,8602,3573,2021-09-09,Experian,786,2,
3574,721,3574,2023-11-06,TransUnion,745,1,
3575,13240,3575,2022-09-29,Equifax,643,2,
3576,11752,3576,2023-03-24,Experian,650,3,
3577,14788,3577,2022-10-04,Equifax,688,3,32
3578,1683,3578,2021-03-23,TransUnion,747,2,58
3579,6476,3579,2020-06-02,Experian,760,4,
3580,12711,3580,2023-10-23,Experian,745,3,
3581,8486,3581,2020-05-02,Equifax,664,3,
3582,7384,3582,2020-05-19,TransUnion,732,2,
3583,11927,3583,2022-10-09,Experian,668,5,11
3584,10452,3584,2020-11-16,Experian,709,5,
3585,10907,3585,2023-06-24,TransUnion,668,0,
3586,4202,3586,2020-06-02,Equifax,699,1,66
3587,11171,3587,2021-08-13,TransUnion,791,0,3
3588,6009,3588,2022-09-03,Experian,649,1,48
3589,13919,3589,2020-08-04,TransUnion,760,1,19
3590,2865,3590,2023-03-22,Experian,581,2,
3591,3449,3591,2022-05-13,Experian,620,4,46
3592,5825,3592,2023-01-19,Experian,581,3,
3593,5286,3593,2021-05-28,Experian,712,2,26
3594,11493,3594,2020-01-02,Equifax,656,5,
3595,8195,3595,2022-04-13,TransUnion,584,5,57
3596,1074,3596,2022-11-21,Experian,793,3,
3597,1200,3597,2020-12-31,Experian,807,2,
3598,12139,3598,2023-04-09,TransUnion,718,5,
3599,1926,3599,2023-05-09,Experian,705,0,
3600,8518,3600,2021-01-15,Experian,817,3,
3601,7268,3601,2024-03-01,Experian,694,3,31
3602,3023,3602,2024-04-09,TransUnion,589,2,49
3603,2968,3603,2020-10-16,Experian,705,4,22
3604,14380,3604,2023-06-06,TransUnion,618,5,28
3605,12086,3605,2021-09-07,Equifax,702,0,15
3606,10916,3606,2021-10-09,Experian,729,0,
3607,9738,3607,2020-06-20,Experian,598,5,
3608,2373,3608,2020-01-16,Experian,726,1,
3609,4037,3609,2020-05-03,Equifax,591,3,
3610,11797,3610,2023-01-10,TransUnion,683,2,
3611,7381,3611,2023-03-03,TransUnion,690,2,30
3612,10620,3612,2022-08-01,TransUnion,757,0,30
3613,4617,3613,2020-10-27,TransUnion,813,5,60
3614,7276,3614,2021-01-06,TransUnion,817,5,
3615,11848,3615,2020-01-02,Equifax,647,1,46
3616,8369,3616,2021-05-28,TransUnion,581,1,28
3617,3518,3617,2020-07-01,TransUnion,739,1,
3618,168,3618,2022-06-06,Equifax,741,2,33
3619,527,3619,2021-07-01,Equifax,731,0,
3620,3605,3620,2022-10-16,TransUnion,737,1,64
3621,6626,3621,2023-04-26,Experian,691,3,20
3622,4674,3622,2022-03-14,Experian,765,1,35
3623,9940,3623,2021-04-07,Equifax,643,3,
3624,14968,3624,2020-02-27,TransUnion,790,0,
3625,8886,3625,2020-04-09,Equifax,804,4,
3626,8864,3626,2023-02-19,Experian,661,5,
3627,12688,3627,2022-10-15,TransUnion,634,5,
3628,110,3628,2021-09-14,TransUnion,724,2,
3629,14790,3629,2020-07-24,Equifax,705,1,
3630,7079,3630,2022-10-07,Equifax,660,1,
3631,1156,3631,2022-08-20,Equifax,734,3,
3632,434,3632,2021-05-12,Experian,718,3,60
3633,5230,3633,2020-07-15,TransUnion,738,4,
3634,14289,3634,2021-08-04,Experian,600,2,
3635,11578,3635,2020-12-08,Experian,728,4,59
3636,768,3636,2022-06-26,Equifax,821,5,67
3637,5077,3637,2020-09-02,Experian,595,0,
3638,9385,3638,2024-01-14,TransUnion,666,4,19
3639,5065,3639,2022-08-24,Experian,723,2,15
3640,3469,3640,2021-05-02,TransUnion,653,0,56
3641,7376,3641,2020-05-18,TransUnion,710,3,
3642,6189,3642,2020-03-20,TransUnion,690,5,31
3643,2225,3643,2023-04-05,Experian,684,5,70
3644,3034,3644,2022-09-22,Equifax,668,5,25
3645,6578,3645,2021-11-05,TransUnion,692,5,22
3646,2183,3646,2023-04-01,TransUnion,625,1,63
3647,14359,3647,2020-05-14,Experian,764,4,
3648,6217,3648,2020-07-16,TransUnion,738,1,
3649,1096,3649,2022-07-09,Equifax,756,5,56
3650,9841,3650,2022-12-02,Experian,738,3,
3651,8151,3651,2023-11-25,Equifax,800,2,
3652,10455,3652,2023-11-03,TransUnion,709,5,49
3653,8356,3653,2022-10-28,TransUnion,678,2,68
3654,10994,3654,2024-03-06,TransUnion,825,2,
3655,4821,3655,2020-08-24,TransUnion,843,3,
3656,6305,3656,2021-07-10,TransUnion,708,4,
3657,333,3657,2020-02-07,Experian,745,2,
3658,6077,3658,2023-11-13,TransUnion,605,1,
3659,14169,3659,2024-02-16,Experian,651,1,
3660,10415,3660,2020-05-22,TransUnion,848,2,16
3661,8177,3661,2020-04-12,TransUnion,754,3,
3662,13172,3662,2020-03-05,Experian,708,4,
3663,269,3663,2022-06-26,TransUnion,741,5,23
3664,10339,3664,2020-01-16,Equifax,650,0,
3665,8927,3665,2021-10-07,TransUnion,698,5,3
3666,14333,3666,2023-04-23,Experian,763,3,56
3667,7264,3667,2022-01-13,Experian,832,0,
3668,5720,3668,2024-03-07,Equifax,720,0,60
3669,12288,3669,2022-10-08,TransUnion,723,0,
3670,9252,3670,2022-05-22,Equifax,840,1,57
3671,14664,3671,2023-03-15,TransUnion,726,4,39
3672,8980,3672,2023-04-23,Experian,622,1,
3673,12085,3673,2023-08-08,Experian,726,5,
3674,13648,3674,2021-06-13,Equifax,624,2,54
3675,615,3675,2020-06-18,Experian,606,2,36
3676,13579,3676,2020-07-16,Equifax,630,0,
3677,5258,3677,2023-11-19,Equifax,701,4,
3678,6608,3678,2021-05-19,Equifax,782,5,
3679,9409,3679,2021-09-21,TransUnion,651,5,26
3680,14080,3680,2020-07-30,Equifax,726,5,
3681,10205,3681,2024-05-10,Experian,709,2,
3682,7285,3682,2024-03-16,Experian,693,3,68
3683,6813,3683,2022-02-25,TransUnion,740,3,
3684,583,3684,2020-06-11,Equifax,666,2,
3685,7666,3685,2021-08-24,TransUnion,597,0,16
3686,3721,3686,2023-03-05,Equifax,723,4,9
3687,14142,3687,2020-08-12,Experian,712,1,59
3688,14509,3688,2020-11-21,Equifax,674,0,
3689,10505,3689,2023-01-07,Equifax,707,1,
3690,10155,3690,2022-09-20,TransUnion,744,1,68
3691,3441,3691,2020-10-08,TransUnion,741,4,6
3692,6347,3692,2021-04-09,TransUnion,738,3,
3693,2342,3693,2022-11-09,Equifax,665,1,23
3694,14015,3694,2023-12-06,Experian,702,1,
3695,14315,3695,2021-04-26,Equifax,733,2,59
3696,10122,3696,2021-11-29,Equifax,746,3,
3697,8781,3697,2022-09-08,Experian,631,2,
3698,2903,3698,2020-11-11,TransUnion,722,3,
3699,14895,3699,2020-04-12,Equifax,594,1,56
3700,10760,3700,2022-10-10,Equifax,740,1,
3701,56,3701,2023-05-04,Equifax,718,2,
3702,14244,3702,2020-07-11,Equifax,651,0,69
3703,12754,3703,2022-10-31,Equifax,651,2,
3704,6752,3704,2024-01-25,TransUnion,669,3,62
3705,843,3705,2022-08-22,TransUnion,685,2,
3706,8661,3706,2021-07-08,Equifax,725,4,
3707,1662,3707,2023-07-26,Experian,712,4,36
3708,4850,3708,2020-06-04,Equifax,759,0,
3709,405,3709,2022-02-19,Experian,604,4,
3710,14162,3710,2022-06-18,Experian,669,4,
3711,9615,3711,2024-01-14,Experian,686,2,
3712,1214,3712,2023-06-27,Experian,725,0,
3713,2147,3713,2023-11-24,TransUnion,739,2,39
3714,10493,3714,2020-02-23,TransUnion,834,5,67
3715,6269,3715,2023-08-16,TransUnion,785,0,
3716,9130,3716,2021-03-22,Experian,711,1,
3717,4589,3717,2021-07-04,TransUnion,704,5,
3718,10987,3718,2021-01-01,Experian,723,0,
3719,11646,3719,2023-05-19,Experian,777,0,23
3720,6637,3720,2023-07-27,Equifax,777,1,
3721,8090,3721,2023-10-21,TransUnion,679,0,34
3722,4976,3722,2020-08-27,Experian,743,1,42
3723,1605,3723,2024-05-18,TransUnion,716,2,
3724,5376,3724,2022-10-17,Equifax,632,4,
3725,3988,3725,2022-02-17,Experian,621,3,
3726,8310,3726,2020-01-26,Experian,718,0,
3727,10328,3727,2021-03-31,Equifax,601,4,27
3728,4357,3728,2021-05-13,TransUnion,605,4,
3729,580,3729,2020-02-08,Experian,682,2,4
3730,1311,3730,2023-11-10,TransUnion,744,3,25
3731,10489,3731,2024-01-12,Equifax,602,2,
3732,14040,3732,2023-10-26,TransUnion,732,0,
3733,13654,3733,2022-09-03,TransUnion,737,0,
3734,1895,3734,2021-02-07,Equifax,738,4,
3735,11925,3735,2022-10-09,Equifax,742,5,
3736,5081,3736,2023-11-22,TransUnion,848,3,
3737,10116,3737,2020-09-19,Equifax,744,0,
3738,11297,3738,2022-02-02,Equifax,678,2,
3739,8378,3739,2021-07-11,Equifax,730,0,6
3740,2886,3740,2021-02-04,Equifax,739,2,65
3741,1246,3741,2021-01-28,Experian,731,2,
3742,3235,3742,2020-09-09,Equifax,691,2,
3743,190,3743,2022-05-14,Equifax,637,0,
3744,10247,3744,2022-01-18,Experian,670,3,6
3745,8590,3745,2021-01-23,Equifax,712,4,70
3746,4594,3746,2021-10-27,TransUnion,741,2,
3747,10312,3747,2024-02-23,Equifax,713,0,
3748,4447,3748,2021-06-26,TransUnion,661,5,39
3749,9560,3749,2023-11-06,Equifax,672,4,
3750,1918,3750,2024-03-02,TransUnion,793,3,
3751,12912,3751,2022-02-17,TransUnion,722,0,70
3752,2677,3752,2020-02-07,TransUnion,725,5,
3753,13953,3753,2021-09-13,TransUnion,701,1,
3754,13138,3754,2023-09-18,Experian,710,2,
3755,12439,3755,2023-03-07,Equifax,631,3,
3756,7113,3756,2020-12-05,TransUnion,732,0,
3757,4967,3757,2020-05-09,Equifax,673,2,
3758,824,3758,2023-12-15,Equifax,750,3,
3759,7956,3759,2020-07-05,Equifax,750,0,
3760,13047,3760,2024-04-07,Experian,850,3,34
3761,4713,3761,2020-04-22,TransUnion,609,1,
3762,6832,3762,2021-07-25,Equifax,747,4,66
3763,7188,3763,2020-08-13,Equifax,669,4,
3764,9148,3764,2023-07-22,Experian,745,2,
3765,7536,3765,2023-09-07,TransUnion,781,3,45
3766,11764,3766,2021-11-10,Equifax,585,0,59
3767,12630,3767,2021-09-17,TransUnion,694,5,59
3768,11553,3768,2023-01-20,Experian,778,4,
3769,6920,3769,2020-07-30,TransUnion,695,3,
3770,3323,3770,2024-05-12,Equifax,724,5,
3771,276,3771,2022-04-12,Equifax,677,5,
3772,10451,3772,2020-01-22,TransUnion,581,4,
3773,1841,3773,2022-10-24,Experian,818,4,7
3774,4714,3774,2020-06-15,TransUnion,664,3,
3775,11376,3775,2024-03-23,Equifax,652,3,
3776,11893,3776,2023-04-09,TransUnion,718,2,
3777,12645,3777,2020-05-28,Experian,615,0,
3778,124,3778,2024-04-20,Experian,665,5,13
3779,8329,3779,2021-09-18,Equifax,624,3,
3780,12326,3780,2021-08-29,Equifax,617,2,9
3781,13921,3781,2021-04-27,Equifax,585,5,
3782,2143,3782,2022-02-06,Equifax,776,2,
3783,2712,3783,2020-01-06,Experian,724,0,
3784,9826,3784,2024-02-05,Experian,829,3,24
3785,7277,3785,2021-11-29,TransUnion,698,5,
3786,251,3786,2024-02-26,Equifax,772,5,
3787,9640,3787,2023-04-08,TransUnion,754,4,
3788,5314,3788,2020-02-20,Experian,739,5,
3789,11149,3789,2020-08-06,Equifax,732,5,5
3790,8543,3790,2023-01-11,Equifax,799,1,
3791,6076,3791,2021-04-16,Equifax,738,3,26
3792,13226,3792,2020-07-17,Experian,834,4,
3793,10404,3793,2024-03-13,TransUnion,700,0,
3794,7485,3794,2020-09-17,Equifax,732,1,
3795,12503,3795,2024-01-11,Experian,707,0,37
3796,8407,3796,2023-05-12,Equifax,613,2,3
3797,1308,3797,2021-01-14,Equifax,629,2,
3798,6776,3798,2022-08-29,Experian,702,1,
3799,13059,3799,2020-08-12,TransUnion,767,2,40
3800,13731,3800,2023-06-18,TransUnion,776,4,
3801,9210,3801,2023-05-29,TransUnion,711,3,59
3802,14817,3802,2022-09-16,Equifax,678,5,
3803,8558,3803,2023-09-11,TransUnion,734,4,
3804,14640,3804,2022-10-13,Experian,582,3,70
3805,4405,3805,2024-02-08,Experian,710,4,
3806,14363,3806,2023-09-18,Experian,746,4,
3807,13515,3807,2020-05-12,Experian,818,5,
3808,3020,3808,2022-07-15,Experian,798,0,
3809,2387,3809,2023-05-12,TransUnion,787,4,
3810,11717,3810,2022-04-26,Equifax,732,5,
3811,8826,3811,2023-08-01,TransUnion,768,0,
3812,4169,3812,2024-05-13,TransUnion,697,4,
3813,14499,3813,2021-05-14,Equifax,597,5,
3814,11333,3814,2022-01-08,Equifax,701,1,
3815,2656,3815,2021-12-21,Experian,701,3,38
3816,8616,3816,2023-07-18,Experian,767,5,57
3817,9746,3817,2020-02-12,Experian,708,3,
3818,6007,3818,2020-03-11,TransUnion,679,1,
3819,2203,3819,2023-02-09,Equifax,733,3,
3820,11956,3820,2023-11-14,Equifax,711,0,
3821,14256,3821,2023-04-05,TransUnion,749,4,
3822,9224,3822,2021-05-16,Equifax,704,0,31
3823,13257,3823,2024-05-24,Experian,693,5,
3824,9105,3824,2024-03-04,Experian,829,4,
3825,14287,3825,2020-07-21,Equifax,711,2,
3826,2409,3826,2024-02-12,TransUnion,698,4,
3827,5400,3827,2023-05-18,TransUnion,645,2,7
3828,9391,3828,2022-11-28,Experian,711,0,
3829,14746,3829,2024-04-28,Experian,658,0,
3830,11813,3830,2022-04-23,TransUnion,720,5,
3831,2388,3831,2023-03-15,Experian,721,4,
3832,2538,3832,2023-11-13,Experian,828,2,
3833,5427,3833,2023-07-21,TransUnion,721,3,
3834,911,3834,2022-10-08,Experian,617,3,
3835,2963,3835,2021-01-21,TransUnion,797,4,
3836,11698,3836,2022-02-25,Equifax,619,2,
3837,3180,3837,2023-01-13,Experian,714,5,
3838,1917,3838,2024-05-12,Equifax,663,2,
3839,3472,3839,2021-02-16,Equifax,744,1,71
3840,6126,3840,2023-02-25,TransUnion,741,1,
3841,3112,3841,2024-01-04,TransUnion,743,0,43
3842,12945,3842,2024-02-20,TransUnion,580,1,69
3843,3245,3843,2022-10-13,Equifax,684,5,32
3844,8239,3844,2021-07-21,Equifax,645,0,16
3845,6004,3845,2023-09-10,Equifax,699,3,
3846,13941,3846,2021-12-10,Experian,822,4,55
3847,14511,3847,2020-05-29,Equifax,702,4,
3848,5171,3848,2020-09-07,Equifax,601,0,
3849,11244,3849,2020-07-25,Equifax,703,2,57
3850,14708,3850,2020-11-28,TransUnion,749,1,
3851,11109,3851,2022-09-29,TransUnion,702,1,
3852,7964,3852,2021-05-29,Equifax,685,0,
3853,2196,3853,2023-11-13,Equifax,615,0,
3854,10699,3854,2020-07-01,Equifax,715,0,21
3855,1881,3855,2022-11-14,Experian,723,0,37
3856,10425,3856,2021-01-20,Experian,752,1,
3857,10196,3857,2021-04-11,Equifax,595,1,
3858,7269,3858,2021-07-13,Experian,698,2,3
3859,4926,3859,2022-06-01,TransUnion,665,4,62
3860,3493,3860,2023-03-23,TransUnion,749,2,71
3861,13970,3861,2022-08-20,Equifax,680,5,41
3862,5839,3862,2021-10-19,TransUnion,750,0,
3863,9340,3863,2021-12-19,TransUnion,587,0,
3864,6857,3864,2020-03-05,Equifax,756,4,42
3865,13567,3865,2021-03-19,TransUnion,750,5,23
3866,13413,3866,2020-01-20,Experian,702,5,
3867,1320,3867,2024-02-06,Experian,809,5,
3868,11944,3868,2023-07-18,Equifax,732,4,
3869,2263,3869,2022-08-22,Experian,642,4,
3870,24,3870,2021-03-18,Experian,693,1,5
3871,14864,3871,2023-06-07,TransUnion,664,5,
3872,7373,3872,2022-01-31,Equifax,596,5,
3873,5931,3873,2023-11-09,Experian,743,5,
3874,1144,3874,2022-04-30,TransUnion,677,5,18
3875,5710,3875,2022-07-07,TransUnion,628,0,
3876,2663,3876,2023-05-07,Experian,726,5,
3877,9772,3877,2023-03-21,Experian,595,1,11
3878,11446,3878,2023-06-08,Experian,596,5,41
3879,11185,3879,2020-07-15,TransUnion,582,4,70
3880,4411,3880,2023-04-08,Experian,821,1,
3881,7734,3881,2023-12-17,Experian,732,3,
3882,7459,3882,2022-07-19,Experian,708,1,25
3883,13516,3883,2024-05-12,Equifax,817,5,
3884,1537,3884,2023-11-04,Experian,700,5,
3885,13258,3885,2024-02-28,Equifax,697,4,47
3886,13517,3886,2021-09-08,Equifax,744,2,42
3887,5576,3887,2022-08-10,Equifax,711,0,
3888,13147,3888,2021-12-08,Equifax,643,2,63
3889,9838,3889,2021-02-11,Equifax,747,0,18
3890,11662,3890,2023-03-11,Equifax,696,4,
3891,13900,3891,2024-03-08,Experian,658,0,
3892,4423,3892,2021-07-23,Equifax,739,0,
3893,12643,3893,2021-05-18,Experian,719,3,
3894,6749,3894,2023-07-26,Experian,848,5,
3895,8804,3895,2022-09-19,Experian,743,2,
3896,14105,3896,2021-10-14,Equifax,689,3,
3897,14815,3897,2021-04-08,Equifax,720,0,
3898,9166,3898,2024-04-07,TransUnion,718,3,30
3899,9161,3899,2023-10-05,Experian,648,1,
3900,14438,3900,2022-11-29,Equifax,632,5,37
3901,9132,3901,2021-06-15,TransUnion,840,3,
3902,4386,3902,2021-08-13,Equifax,673,3,
3903,8435,3903,2020-04-03,TransUnion,739,1,28
3904,11648,3904,2020-07-03,Equifax,721,4,
3905,1507,3905,2022-08-25,TransUnion,838,3,
3906,7039,3906,2021-05-28,Experian,667,1,55
3907,12259,3907,2020-05-27,Equifax,748,2,
3908,4894,3908,2024-04-16,Equifax,738,0,
3909,12767,3909,2024-05-04,Equifax,656,1,
3910,9392,3910,2023-07-05,Experian,733,3,
3911,10327,3911,2021-06-15,TransUnion,602,0,
3912,10881,3912,2021-09-18,Experian,716,3,14
3913,3101,3913,2020-12-17,Experian,741,1,
3914,14967,3914,2022-05-08,Equifax,611,0,
3915,3833,3915,2021-05-25,Equifax,836,0,38
3916,232,3916,2020-10-04,Experian,712,0,
3917,12308,3917,2022-12-13,Equifax,717,2,7
3918,2767,3918,2020-06-30,Experian,713,2,
3919,13471,3919,2022-11-11,Experian,672,4,
3920,11262,3920,2022-04-29,TransUnion,743,3,70
3921,1841,3921,2024-05-23,Experian,818,2,
3922,7789,3922,2021-02-27,Equifax,826,1,
3923,6273,3923,2020-12-04,TransUnion,705,0,
3924,2871,3924,2023-06-23,TransUnion,705,4,7
3925,10105,3925,2020-01-06,TransUnion,605,1,
3926,291,3926,2022-08-29,TransUnion,631,5,
3927,11423,3927,2020-12-29,Equifax,782,2,
3928,1025,3928,2020-08-23,Experian,626,5,
3929,7591,3929,2022-06-03,TransUnion,673,4,15
3930,1429,3930,2022-10-08,TransUnion,592,0,20
3931,4956,3931,2022-02-26,Equifax,621,2,
3932,4147,3932,2021-10-12,TransUnion,724,0,
3933,14959,3933,2021-04-24,Equifax,679,1,
3934,10276,3934,2020-05-23,TransUnion,721,2,39
3935,10510,3935,2021-12-08,TransUnion,597,4,
3936,511,3936,2024-04-07,Equifax,621,5,
3937,6646,3937,2020-05-07,Experian,676,3,56
3938,8494,3938,2022-07-16,Experian,786,2,
3939,1098,3939,2020-05-29,TransUnion,678,0,
3940,6437,3940,2020-12-28,Experian,723,4,
3941,12606,3941,2022-09-26,TransUnion,657,3,
3942,7773,3942,2023-07-07,Experian,732,1,50
3943,11208,3943,2021-12-10,TransUnion,596,2,
3944,8623,3944,2023-01-19,Experian,721,2,
3945,1085,3945,2022-10-17,Equifax,663,3,
3946,1276,3946,2022-10-07,TransUnion,742,3,
3947,14617,3947,2022-12-20,Equifax,698,4,56
3948,8101,3948,2020-05-02,TransUnion,647,5,
3949,13259,3949,2021-01-22,TransUnion,627,0,6
3950,12067,3950,2020-10-30,TransUnion,722,2,
3951,13491,3951,2023-05-28,TransUnion,729,2,
3952,48,3952,2020-12-02,Experian,608,2,
3953,10391,3953,2022-02-16,Experian,668,3,
3954,6463,3954,2020-08-08,Experian,713,3,28
3955,11326,3955,2023-03-13,TransUnion,621,0,39
3956,4708,3956,2023-08-10,Experian,641,5,
3957,5032,3957,2020-10-26,Experian,816,5,
3958,7155,3958,2020-05-13,TransUnion,803,3,69
3959,6026,3959,2023-07-25,Equifax,742,3,22
3960,12892,3960,2023-05-01,TransUnion,769,1,54
3961,2080,3961,2021-11-29,TransUnion,796,4,57
3962,8392,3962,2022-03-22,Equifax,673,1,
3963,3406,3963,2023-01-29,TransUnion,730,2,
3964,1278,3964,2022-10-12,Experian,670,2,
3965,14782,3965,2020-03-27,Experian,749,4,71
3966,3164,3966,2021-06-27,TransUnion,641,0,
3967,11091,3967,2021-09-07,TransUnion,777,3,17
3968,4836,3968,2022-05-04,TransUnion,807,1,
3969,1330,3969,2023-06-14,Equifax,785,3,
3970,2061,3970,2020-05-12,Experian,800,5,66
3971,8728,3971,2024-05-16,Experian,758,4,26
3972,4436,3972,2022-02-02,Experian,719,5,4
3973,2429,3973,2022-04-11,Equifax,587,0,
3974,12357,3974,2022-11-26,TransUnion,828,5,29
3975,2634,3975,2024-01-16,TransUnion,772,3,
3976,12348,3976,2022-11-13,Experian,689,3,28
3977,3525,3977,2022-04-03,TransUnion,838,5,66
3978,1471,3978,2020-06-05,Equifax,824,2,
3979,4881,3979,2020-05-27,TransUnion,826,5,21
3980,9895,3980,2023-12-11,Experian,720,5,26
3981,398,3981,2022-08-10,Experian,685,2,13
3982,13832,3982,2020-07-11,Equifax,733,5,59
3983,13852,3983,2021-06-04,TransUnion,704,5,
3984,581,3984,2024-01-26,Equifax,708,0,27
3985,2655,3985,2020-12-23,TransUnion,722,4,70
3986,6837,3986,2023-04-01,TransUnion,725,1,60
3987,1121,3987,2022-04-14,Experian,690,0,11
3988,7736,3988,2022-12-23,Experian,824,1,
3989,7009,3989,2023-05-14,Equifax,591,4,39
3990,11148,3990,2022-02-22,Equifax,662,2,
3991,2729,3991,2023-04-27,Experian,707,2,
3992,5069,3992,2021-01-07,TransUnion,695,2,7
3993,7734,3993,2021-03-08,Equifax,732,4,43
3994,573,3994,2021-05-21,Experian,698,5,48
3995,5294,3995,2022-06-17,Equifax,705,0,
3996,5361,3996,2023-11-02,TransUnion,668,4,
3997,10882,3997,2023-11-20,TransUnion,646,3,
3998,4931,3998,2023-05-02,Equifax,687,5,
3999,4614,3999,2022-11-14,Experian,651,2,
4000,8661,4000,2024-05-22,Equifax,725,4,
4001,4649,4001,2021-06-29,Equifax,732,2,
4002,6344,4002,2020-01-18,Experian,720,4,
4003,12214,4003,2020-08-06,TransUnion,715,5,
4004,4389,4004,2023-04-03,Equifax,742,0,3
4005,7078,4005,2024-03-23,Equifax,734,5,
4006,8728,4006,2022-09-13,Equifax,758,1,
4007,9465,4007,2023-07-23,Equifax,779,4,
4008,5975,4008,2022-04-02,Experian,695,1,
4009,2102,4009,2021-02-23,Equifax,735,1,
4010,14058,4010,2020-10-14,TransUnion,734,1,
4011,12786,4011,2020-01-30,TransUnion,844,1,
4012,13370,4012,2021-04-02,Experian,746,4,
4013,10361,4013,2021-10-24,Equifax,673,4,
4014,6242,4014,2022-07-18,Equifax,659,0,67
4015,6490,4015,2023-10-28,Equifax,711,2,17
4016,343,4016,2021-04-07,Equifax,833,4,59
4017,4471,4017,2022-02-19,TransUnion,786,4,
4018,14200,4018,2021-04-12,Equifax,690,4,70
4019,7181,4019,2020-07-08,TransUnion,734,4,10
4020,10523,4020,2023-07-24,TransUnion,601,4,
4021,7895,4021,2023-11-11,Equifax,700,0,
4022,10022,4022,2020-08-26,TransUnion,706,4,
4023,233,4023,2023-01-21,TransUnion,707,5,
4024,5106,4024,2022-11-20,Equifax,597,5,
4025,749,4025,2023-07-22,TransUnion,739,0,56
4026,1297,4026,2023-08-10,Equifax,747,3,61
4027,4507,4027,2022-05-19,Experian,655,2,
4028,2627,4028,2020-08-15,Experian,682,4,30
4029,7427,4029,2022-09-03,TransUnion,699,2,
4030,2652,4030,2020-06-13,TransUnion,697,0,42
4031,12893,4031,2021-05-02,Equifax,709,1,26
4032,9787,4032,2022-12-01,Equifax,797,5,11
4033,12034,4033,2020-03-31,Experian,725,0,
4034,10112,4034,2021-04-06,TransUnion,695,5,13
4035,10953,4035,2022-11-02,TransUnion,645,3,
4036,786,4036,2022-05-31,TransUnion,700,3,12
4037,3220,4037,2024-02-27,TransUnion,749,2,39
4038,8201,4038,2020-03-14,TransUnion,775,3,
4039,4591,4039,2022-07-30,TransUnion,594,3,5
4040,3918,4040,2020-07-05,Experian,837,3,38
4041,10558,4041,2021-01-31,Experian,728,3,30
4042,5732,4042,2023-04-16,TransUnion,652,4,
4043,12546,4043,2021-10-27,Experian,721,0,
4044,4679,4044,2023-09-11,Equifax,593,0,
4045,12043,4045,2022-09-27,TransUnion,672,1,35
4046,5074,4046,2020-01-20,TransUnion,744,1,70
4047,8221,4047,2022-01-08,TransUnion,673,0,
4048,4137,4048,2023-03-21,TransUnion,808,4,
4049,14777,4049,2020-10-02,Equifax,715,1,
4050,7799,4050,2024-03-02,Equifax,725,5,
4051,13791,4051,2022-05-13,Experian,708,0,
4052,12500,4052,2023-02-17,Experian,680,3,15
4053,4940,4053,2020-02-15,Equifax,678,3,
4054,7796,4054,2022-10-06,TransUnion,789,5,34
4055,11735,4055,2023-12-16,TransUnion,736,0,
4056,2942,4056,2024-01-30,Equifax,610,4,18
4057,94,4057,2022-11-15,Experian,771,5,
4058,2438,4058,2020-02-25,Experian,707,2,32
4059,340,4059,2020-10-28,Experian,752,5,41
4060,14271,4060,2021-10-02,Equifax,708,3,40
4061,10628,4061,2023-07-30,Equifax,589,0,
4062,3108,4062,2020-01-04,TransUnion,777,4,53
4063,6385,4063,2021-12-25,Experian,693,4,63
4064,10106,4064,2023-09-05,Experian,745,1,
4065,14566,4065,2024-01-22,Experian,775,0,
4066,5148,4066,2023-07-05,Equifax,676,5,
4067,9535,4067,2023-11-07,TransUnion,731,3,26
4068,13281,4068,2024-02-21,Experian,675,4,35
4069,2304,4069,2022-12-24,TransUnion,741,1,64
4070,12457,4070,2023-07-17,TransUnion,715,4,
4071,13425,4071,2020-05-16,Equifax,724,4,
4072,4829,4072,2024-01-04,Experian,666,4,
4073,6959,4073,2021-03-01,Equifax,706,3,
4074,5139,4074,2022-03-07,Equifax,718,5,32
4075,2132,4075,2021-10-23,Equifax,825,1,18
4076,4535,4076,2021-02-13,Equifax,714,3,
4077,10711,4077,2020-10-14,Equifax,656,1,
4078,1520,4078,2020-02-03,Equifax,714,2,
4079,13537,4079,2023-12-18,TransUnion,683,2,71
4080,4332,4080,2022-02-25,TransUnion,605,5,
4081,14602,4081,2023-08-18,Equifax,632,2,55
4082,5912,4082,2020-12-03,Equifax,727,5,36
4083,2383,4083,2021-08-19,TransUnion,748,2,
4084,6951,4084,2023-11-23,TransUnion,830,1,
4085,12934,4085,2021-05-15,Experian,619,0,
4086,11628,4086,2020-07-13,TransUnion,799,2,
4087,234,4087,2021-07-11,TransUnion,611,5,
4088,11878,4088,2023-11-11,Experian,829,5,
4089,7275,4089,2020-02-29,Equifax,709,3,26
4090,10543,4090,2023-07-30,TransUnion,739,5,53
4091,12903,4091,2023-04-10,Equifax,761,2,
4092,4845,4092,2020-05-15,Equifax,744,2,35
4093,9454,4093,2020-02-07,TransUnion,695,2,
4094,14728,4094,2020-01-02,Experian,651,5,
4095,3533,4095,2022-02-27,Experian,698,0,
4096,12456,4096,2022-08-23,TransUnion,728,4,
4097,1200,4097,2020-02-01,Equifax,807,4,21
4098,6530,4098,2020-05-30,Experian,713,1,52
4099,7795,4099,2020-02-14,TransUnion,723,3,
4100,4895,4100,2022-02-20,Experian,676,3,61
4101,8696,4101,2021-08-07,TransUnion,830,1,19
4102,2752,4102,2021-07-31,TransUnion,771,2,
4103,14137,4103,2021-06-25,TransUnion,815,3,45
4104,820,4104,2022-07-21,TransUnion,646,5,
4105,4788,4105,2021-06-16,Equifax,696,4,
4106,14441,4106,2020-11-08,Equifax,708,5,
4107,12512,4107,2021-09-16,Experian,674,5,
4108,13018,4108,2020-04-24,Experian,834,2,68
4109,448,4109,2023-02-09,Experian,709,3,33
4110,3315,4110,2022-08-20,Experian,817,1,
4111,4398,4111,2021-02-06,Equifax,677,0,52
4112,2362,4112,2023-12-12,Equifax,740,5,
4113,3998,4113,2021-02-24,Equifax,772,0,
4114,1145,4114,2023-07-27,Equifax,612,4,
4115,14668,4115,2021-05-10,Experian,684,5,
4116,5655,4116,2020-12-29,TransUnion,595,4,
4117,10517,4117,2021-03-27,TransUnion,732,4,
4118,12490,4118,2023-01-24,Experian,687,5,
4119,3975,4119,2020-05-25,Experian,654,4,
4120,8280,4120,2022-09-13,TransUnion,637,0,
4121,8872,4121,2021-05-30,Equifax,832,1,
4122,13798,4122,2023-06-08,Experian,848,5,
4123,10222,4123,2024-05-07,Equifax,844,3,35
4124,2929,4124,2021-08-15,Equifax,683,4,62
4125,9967,4125,2022-03-11,Experian,621,4,31
4126,6939,4126,2020-01-06,Experian,658,5,
4127,12602,4127,2024-04-27,Experian,646,0,30
4128,13179,4128,2022-08-05,Experian,694,0,34
4129,10183,4129,2023-02-18,TransUnion,750,4,27
4130,1870,4130,2020-12-07,Experian,747,2,35
4131,2024,4131,2023-04-04,Experian,716,1,54
4132,6175,4132,2021-03-06,TransUnion,662,5,
4133,1982,4133,2022-04-14,Equifax,602,4,
4134,744,4134,2022-12-10,TransUnion,715,5,
4135,6123,4135,2021-12-17,Experian,748,5,55
4136,3945,4136,2022-04-24,Experian,834,1,15
4137,1005,4137,2023-09-26,TransUnion,785,1,
4138,6048,4138,2020-11-19,Experian,719,0,
4139,9967,4139,2021-05-16,Equifax,621,0,45
4140,3612,4140,2023-04-18,Experian,803,5,12
4141,11951,4141,2020-01-01,TransUnion,721,4,27
4142,3003,4142,2020-09-11,Experian,676,0,15
4143,2474,4143,2021-04-30,TransUnion,585,0,
4144,13992,4144,2021-01-08,Experian,779,1,
4145,7693,4145,2023-04-08,TransUnion,626,1,
4146,4355,4146,2023-10-02,Equifax,620,3,
4147,3915,4147,2021-02-13,TransUnion,742,2,
4148,241,4148,2024-01-07,Equifax,594,3,
4149,8638,4149,2022-03-27,Experian,708,1,
4150,3530,4150,2021-02-24,Equifax,691,1,47
4151,764,4151,2021-12-29,Experian,701,3,18
4152,682,4152,2020-11-09,Equifax,679,2,38
4153,12665,4153,2021-02-10,Equifax,588,0,
4154,7750,4154,2020-09-06,TransUnion,693,2,
4155,1192,4155,2020-11-26,Experian,687,4,52
4156,14786,4156,2022-12-05,Experian,680,3,
4157,2910,4157,2020-02-23,Equifax,780,1,
4158,3357,4158,2024-03-04,Experian,597,2,
4159,11663,4159,2022-11-30,TransUnion,737,4,58
4160,417,4160,2024-04-23,TransUnion,719,2,
4161,8647,4161,2022-05-30,Equifax,751,3,
4162,14673,4162,2021-08-12,TransUnion,721,1,
4163,2948,4163,2021-09-01,TransUnion,664,4,
4164,10720,4164,2021-05-17,TransUnion,649,1,
4165,5986,4165,2024-03-15,Experian,690,4,
4166,11043,4166,2023-01-06,Equifax,716,1,
4167,4439,4167,2020-07-13,Equifax,781,4,
4168,8500,4168,2022-08-03,Equifax,694,3,
4169,10166,4169,2021-08-06,Equifax,740,0,
4170,5038,4170,2022-05-13,TransUnion,656,1,
4171,12808,4171,2022-06-28,Equifax,748,3,30
4172,3844,4172,2022-07-11,Equifax,586,2,
4173,6138,4173,2022-03-09,Experian,761,2,
4174,3019,4174,2023-09-30,Equifax,734,1,7
4175,4354,4175,2021-03-30,TransUnion,694,4,
4176,13891,4176,2020-03-18,Experian,750,3,42
4177,7936,4177,2020-05-07,Equifax,682,0,
4178,2832,4178,2021-09-13,Equifax,662,5,54
4179,8862,4179,2020-09-11,TransUnion,694,5,
4180,5165,4180,2022-10-28,Experian,602,0,
4181,12179,4181,2020-01-23,Experian,741,1,27
4182,14193,4182,2023-03-27,Equifax,831,2,41
4183,13758,4183,2020-03-22,Experian,712,3,
4184,8495,4184,2022-11-29,Equifax,666,5,62
4185,1521,4185,2020-03-18,TransUnion,723,4,36
4186,11165,4186,2023-06-25,TransUnion,705,2,
4187,9644,4187,2024-05-14,Equifax,700,0,70
4188,10169,4188,2023-03-03,Equifax,732,1,
4189,2863,4189,2024-01-16,TransUnion,726,0,51
4190,6704,4190,2020-02-18,TransUnion,727,4,33
4191,10702,4191,2020-03-20,TransUnion,726,1,
4192,11149,4192,2021-08-30,TransUnion,732,4,
4193,12577,4193,2021-05-31,TransUnion,639,4,
4194,4582,4194,2023-02-13,Equifax,735,0,
4195,10380,4195,2020-11-12,Equifax,679,0,
4196,4979,4196,2023-04-06,Experian,643,2,35
4197,2397,4197,2023-10-18,Experian,722,1,
4198,4789,4198,2021-07-12,Experian,701,5,60
4199,10371,4199,2023-09-24,Equifax,785,1,25
4200,1056,4200,2020-07-28,Equifax,848,2,58
4201,7785,4201,2023-11-27,TransUnion,771,0,26
4202,3770,4202,2021-07-18,Equifax,801,0,
4203,10676,4203,2020-04-07,Equifax,648,4,
4204,14108,4204,2021-10-08,TransUnion,749,5,
4205,14266,4205,2022-11-04,TransUnion,726,4,7
4206,14127,4206,2021-05-05,Equifax,676,5,
4207,8983,4207,2022-01-18,Experian,777,0,
4208,6773,4208,2020-10-28,Experian,811,0,63
4209,13108,4209,2022-12-08,Experian,653,2,
4210,385,4210,2021-03-02,TransUnion,676,1,62
4211,11391,4211,2023-12-11,TransUnion,713,4,67
4212,10502,4212,2020-04-30,TransUnion,722,4,
4213,182,4213,2020-03-21,Equifax,795,3,43
4214,14573,4214,2023-07-18,Experian,711,2,33
4215,6233,4215,2020-02-10,TransUnion,768,4,45
4216,11642,4216,2022-02-01,Equifax,655,5,
4217,3741,4217,2022-08-05,TransUnion,598,0,
4218,13104,4218,2024-03-27,Equifax,643,5,
4219,909,4219,2020-01-24,TransUnion,736,0,53
4220,3996,4220,2023-10-10,TransUnion,764,1,22
4221,9210,4221,2023-11-13,TransUnion,711,1,26
4222,1943,4222,2021-01-29,Experian,848,3,23
4223,4405,4223,2024-05-25,TransUnion,710,4,
4224,3514,4224,2020-11-24,TransUnion,659,3,
4225,14989,4225,2021-03-29,Equifax,732,2,
4226,7070,4226,2023-08-24,Equifax,595,2,
4227,867,4227,2020-08-07,TransUnion,702,0,
4228,11953,4228,2020-06-15,Equifax,780,3,
4229,10981,4229,2021-04-06,Equifax,736,0,
4230,14392,4230,2022-03-27,TransUnion,665,1,
4231,3644,4231,2023-11-24,Experian,739,4,30
4232,8792,4232,2024-03-15,Experian,832,1,58
4233,13137,4233,2022-09-10,Experian,688,5,53
4234,1622,4234,2021-11-07,TransUnion,659,2,
4235,13385,4235,2021-10-03,Equifax,693,1,
4236,10201,4236,2022-05-30,Experian,702,5,
4237,14169,4237,2020-12-14,TransUnion,651,2,41
4238,1210,4238,2021-11-13,Equifax,637,4,
4239,8261,4239,2022-09-21,Experian,695,4,
4240,9442,4240,2022-11-07,TransUnion,689,0,37
4241,2255,4241,2020-08-13,Equifax,698,4,
4242,6551,4242,2022-05-11,Experian,633,3,
4243,9873,4243,2020-03-05,Experian,670,0,
4244,12335,4244,2022-10-29,Equifax,698,1,38
4245,2236,4245,2023-12-29,Equifax,707,0,
4246,8359,4246,2023-06-22,Equifax,823,2,24
4247,9634,4247,2022-12-24,Equifax,836,0,13
4248,5502,4248,2022-03-08,Experian,736,2,
4249,10123,4249,2023-05-24,Experian,681,4,
4250,10003,4250,2022-10-11,Equifax,639,1,
4251,13388,4251,2020-05-27,Experian,695,4,48
4252,13922,4252,2021-08-07,Equifax,731,2,
4253,7113,4253,2024-04-23,TransUnion,732,0,50
4254,6104,4254,2023-07-18,TransUnion,649,4,
4255,9571,4255,2021-06-14,TransUnion,721,1,
4256,833,4256,2021-02-16,TransUnion,848,1,4
4257,9287,4257,2022-07-26,TransUnion,593,5,61
4258,8407,4258,2022-10-20,Experian,613,0,
4259,474,4259,2020-06-19,Experian,739,3,51
4260,14795,4260,2022-06-03,Experian,727,0,
4261,14602,4261,2024-04-13,TransUnion,632,2,
4262,14403,4262,2024-03-16,Equifax,705,2,41
4263,11276,4263,2024-04-17,Equifax,717,4,
4264,5557,4264,2023-02-24,Equifax,645,4,
4265,10912,4265,2020-12-15,Experian,661,2,
4266,3440,4266,2023-08-09,Experian,744,0,28
4267,3942,4267,2022-03-31,Experian,653,3,
4268,13533,4268,2023-08-01,TransUnion,661,4,
4269,4462,4269,2023-12-08,Experian,651,3,60
4270,12895,4270,2021-03-30,Equifax,734,2,25
4271,14820,4271,2020-07-28,Experian,788,4,
4272,6182,4272,2021-01-12,TransUnion,764,2,
4273,11295,4273,2022-09-06,TransUnion,694,1,
4274,5413,4274,2023-07-14,TransUnion,588,5,
4275,6003,4275,2023-01-28,TransUnion,655,5,37
4276,6558,4276,2020-04-29,TransUnion,668,4,49
4277,11680,4277,2020-05-06,Equifax,732,2,6
4278,730,4278,2024-02-12,Equifax,668,0,
4279,4548,4279,2020-09-29,TransUnion,590,4,56
4280,5919,4280,2023-02-23,Experian,699,0,
4281,4589,4281,2020-07-17,Experian,704,2,
4282,9841,4282,2024-02-04,Experian,738,2,16
4283,11160,4283,2020-02-21,TransUnion,610,3,49
4284,1585,4284,2023-05-20,Experian,767,3,
4285,1023,4285,2023-02-16,TransUnion,767,2,50
4286,11469,4286,2022-10-20,Experian,741,1,51
4287,7124,4287,2020-01-06,TransUnion,682,4,
4288,1636,4288,2021-06-21,TransUnion,612,4,63
4289,119,4289,2022-03-28,TransUnion,732,4,
4290,6802,4290,2020-07-11,Experian,586,4,
4291,4307,4291,2023-09-19,Equifax,713,3,
4292,14420,4292,2022-02-26,Equifax,728,3,38
4293,10282,4293,2022-12-19,Equifax,823,5,
4294,3800,4294,2023-02-26,Equifax,639,4,
4295,14207,4295,2022-02-10,TransUnion,841,1,
4296,7726,4296,2024-02-18,TransUnion,600,0,
4297,12210,4297,2023-09-13,TransUnion,606,4,
4298,12269,4298,2021-11-02,TransUnion,635,1,67
4299,3821,4299,2022-01-26,Experian,627,0,49
4300,123,4300,2021-11-24,Experian,663,4,
4301,11545,4301,2022-10-12,TransUnion,840,1,56
4302,13360,4302,2022-03-07,Equifax,664,0,25
4303,10216,4303,2022-03-02,Equifax,755,2,10
4304,13874,4304,2024-04-03,Equifax,661,3,47
4305,2963,4305,2020-03-24,Equifax,797,4,
4306,8036,4306,2022-04-15,Equifax,727,5,
4307,8026,4307,2023-11-11,TransUnion,820,3,
4308,6518,4308,2023-05-25,Equifax,600,3,
4309,9824,4309,2022-09-16,Experian,743,5,
4310,1839,4310,2024-03-29,TransUnion,763,1,
4311,2197,4311,2020-06-01,Experian,694,4,
4312,12037,4312,2023-05-28,Equifax,686,4,
4313,4079,4313,2024-04-13,TransUnion,705,0,14
4314,6611,4314,2020-02-11,Equifax,831,3,38
4315,9464,4315,2022-06-30,Equifax,648,2,69
4316,7197,4316,2021-10-22,Equifax,630,4,30
4317,11177,4317,2022-06-28,TransUnion,790,5,17
4318,9549,4318,2024-01-22,Experian,650,4,
4319,6168,4319,2023-01-26,TransUnion,739,5,35
4320,1942,4320,2023-07-01,Experian,636,0,19
4321,9121,4321,2022-10-14,Experian,749,5,7
4322,9161,4322,2021-04-02,TransUnion,648,2,56
4323,10888,4323,2023-03-11,Experian,662,3,13
4324,14880,4324,2023-12-25,TransUnion,745,4,
4325,14595,4325,2023-05-15,Experian,739,3,
4326,12155,4326,2021-03-06,TransUnion,837,4,28
4327,5253,4327,2023-02-03,TransUnion,650,2,39
4328,5424,4328,2024-04-05,TransUnion,607,5,
4329,8944,4329,2023-01-31,Equifax,590,2,
4330,10251,4330,2021-06-17,Equifax,612,4,26
4331,14639,4331,2021-08-07,Experian,769,4,47
4332,1966,4332,2022-11-22,Equifax,607,5,
4333,1329,4333,2021-08-23,TransUnion,724,1,
4334,8874,4334,2022-12-01,Experian,641,3,
4335,7726,4335,2023-08-01,Experian,600,3,
4336,3836,4336,2022-02-25,Experian,744,3,
4337,12131,4337,2024-05-24,TransUnion,691,3,
4338,1377,4338,2020-12-23,Experian,732,5,
4339,3851,4339,2022-07-28,TransUnion,667,1,
4340,2424,4340,2020-08-19,Equifax,589,3,
4341,6234,4341,2023-04-18,TransUnion,675,5,
4342,6250,4342,2023-12-04,Equifax,712,5,
4343,14211,4343,2021-12-10,TransUnion,819,4,
4344,10591,4344,2024-03-22,TransUnion,746,3,
4345,7942,4345,2022-08-12,Experian,684,1,12
4346,9755,4346,2022-10-02,TransUnion,714,4,
4347,1078,4347,2022-02-26,Experian,657,1,60
4348,14962,4348,2020-04-20,Experian,741,2,8
4349,14282,4349,2021-07-16,Experian,697,2,55
4350,3103,4350,2022-10-31,Equifax,642,1,
4351,6870,4351,2024-03-11,Equifax,636,4,21
4352,11147,4352,2023-08-22,TransUnion,665,3,
4353,3547,4353,2022-11-02,TransUnion,706,5,
4354,3899,4354,2023-06-25,Experian,774,4,
4355,12374,4355,2021-06-02,Equifax,642,5,
4356,5801,4356,2023-12-12,TransUnion,686,0,27
4357,9107,4357,2024-01-09,Experian,606,5,
4358,10023,4358,2023-03-10,Experian,655,2,
4359,7590,4359,2022-01-26,Experian,713,0,
4360,14972,4360,2021-06-01,TransUnion,690,1,
4361,14004,4361,2020-11-22,TransUnion,826,3,54
4362,2912,4362,2022-11-27,Experian,731,2,6
4363,1182,4363,2023-08-19,TransUnion,716,5,18
4364,13925,4364,2023-03-12,Equifax,707,3,
4365,11854,4365,2024-03-24,Equifax,671,5,59
4366,4651,4366,2021-11-23,Equifax,734,5,
4367,14533,4367,2021-02-20,Equifax,756,2,
4368,3811,4368,2024-05-27,Experian,588,3,
4369,1679,4369,2023-02-18,TransUnion,820,4,
4370,3342,4370,2023-10-18,Experian,665,5,
4371,4435,4371,2024-01-06,Equifax,805,3,29
4372,14340,4372,2021-11-08,Equifax,676,3,
4373,11064,4373,2022-05-22,TransUnion,678,1,37
4374,13502,4374,2020-09-12,Experian,721,5,
4375,8983,4375,2020-06-12,TransUnion,777,3,
4376,601,4376,2022-08-18,TransUnion,670,5,
4377,5066,4377,2021-07-30,Experian,744,3,47
4378,13590,4378,2021-02-10,Equifax,726,4,
4379,4428,4379,2020-09-18,TransUnion,659,4,
4380,11899,4380,2023-08-31,Equifax,777,0,
4381,10597,4381,2023-02-24,TransUnion,755,0,
4382,8252,4382,2022-09-26,TransUnion,734,5,31
4383,5074,4383,2022-12-12,Experian,744,3,52
4384,8719,4384,2023-11-27,Equifax,735,3,
4385,6309,4385,2023-02-08,TransUnion,707,1,23
4386,6962,4386,2022-08-08,Equifax,750,5,
4387,7514,4387,2021-01-01,Equifax,727,4,3
4388,5646,4388,2020-11-16,TransUnion,629,4,45
4389,5654,4389,2023-10-26,Experian,837,5,
4390,9748,4390,2022-08-31,Equifax,724,2,62
4391,12382,4391,2022-07-28,Equifax,729,3,
4392,9086,4392,2021-12-06,Equifax,698,4,
4393,13180,4393,2022-11-22,Equifax,593,2,
4394,616,4394,2022-03-04,TransUnion,768,2,37
4395,6108,4395,2023-04-27,Equifax,634,0,
4396,11926,4396,2020-12-04,TransUnion,677,5,
4397,10487,4397,2022-09-17,Experian,848,3,29
4398,11195,4398,2020-04-13,Experian,710,4,
4399,6501,4399,2021-03-31,Experian,793,2,58
4400,1186,4400,2020-05-28,Equifax,837,5,
4401,2255,4401,2021-07-08,Experian,698,2,
4402,147,4402,2022-06-07,Experian,747,0,63
4403,10615,4403,2020-11-05,Experian,638,1,
4404,9062,4404,2020-09-14,Experian,807,4,
4405,2227,4405,2020-12-14,Experian,776,2,
4406,6272,4406,2020-09-23,TransUnion,650,5,
4407,12356,4407,2020-05-07,TransUnion,635,1,40
4408,5011,4408,2021-01-24,Equifax,748,2,
4409,8022,4409,2024-04-09,Experian,654,5,
4410,14918,4410,2020-06-30,Equifax,741,4,
4411,3973,4411,2023-05-28,TransUnion,730,4,
4412,2189,4412,2021-09-02,Equifax,711,2,59
4413,11349,4413,2021-08-22,Equifax,725,4,51
4414,6600,4414,2023-04-17,Experian,766,1,
4415,10828,4415,2022-04-28,Experian,676,3,60
4416,2607,4416,2021-10-07,TransUnion,766,3,
4417,3014,4417,2022-04-18,TransUnion,718,3,
4418,716,4418,2023-11-21,Experian,774,0,
4419,5313,4419,2024-04-19,Equifax,693,4,
4420,2785,4420,2021-08-15,TransUnion,647,2,33
4421,11153,4421,2023-10-08,Experian,686,4,
4422,4206,4422,2022-05-26,TransUnion,657,0,
4423,12953,4423,2022-08-21,TransUnion,713,0,52
4424,2599,4424,2020-08-08,TransUnion,727,0,37
4425,12574,4425,2020-11-11,Experian,684,3,3
4426,12734,4426,2021-08-30,Equifax,838,1,
4427,5984,4427,2022-03-22,TransUnion,683,1,62
4428,7969,4428,2021-11-13,TransUnion,827,2,7
4429,54,4429,2023-05-16,Equifax,754,2,
4430,11501,4430,2024-01-02,TransUnion,644,5,
4431,2038,4431,2020-07-04,Experian,704,3,48
4432,7323,4432,2022-04-29,TransUnion,643,4,46
4433,2148,4433,2021-10-30,TransUnion,728,5,
4434,5122,4434,2021-11-21,TransUnion,720,5,
4435,1688,4435,2021-08-12,TransUnion,723,4,37
4436,4231,4436,2023-06-29,TransUnion,700,4,
4437,12971,4437,2023-02-13,Experian,679,0,
4438,9721,4438,2022-09-14,TransUnion,588,1,
4439,8512,4439,2020-03-31,Equifax,789,3,
4440,44,4440,2024-05-31,TransUnion,662,3,
4441,10666,4441,2020-09-07,TransUnion,710,0,
4442,2412,4442,2023-07-23,Experian,659,5,33
4443,9140,4443,2023-04-17,Equifax,668,3,
4444,4914,4444,2024-04-15,Equifax,603,4,28
4445,4106,4445,2021-02-04,TransUnion,728,3,18
4446,9694,4446,2023-08-14,Experian,716,5,
4447,5507,4447,2024-05-11,TransUnion,672,0,
4448,9481,4448,2022-09-04,Equifax,734,2,
4449,2531,4449,2021-05-05,Experian,697,0,
4450,6944,4450,2020-07-05,Equifax,744,2,
4451,9669,4451,2023-05-25,Equifax,723,0,
4452,3352,4452,2023-06-14,TransUnion,721,0,10
4453,6106,4453,2021-09-16,TransUnion,746,2,
4454,2213,4454,2022-04-02,Experian,636,2,
4455,7908,4455,2021-02-24,Experian,738,0,47
4456,3455,4456,2024-01-16,Experian,635,1,
4457,12781,4457,2021-02-07,Equifax,640,4,33
4458,13714,4458,2020-09-28,TransUnion,675,1,
4459,9290,4459,2020-05-16,Experian,721,4,
4460,5557,4460,2022-11-14,TransUnion,645,0,30
4461,5563,4461,2023-11-06,Equifax,742,1,
4462,7050,4462,2022-05-13,TransUnion,625,5,
4463,14912,4463,2022-02-18,Experian,812,4,39
4464,9415,4464,2024-05-09,Equifax,592,5,35
4465,4256,4465,2020-05-31,TransUnion,669,1,9
4466,2991,4466,2023-09-24,Equifax,848,2,
4467,12557,4467,2021-11-06,TransUnion,740,2,
4468,7404,4468,2022-06-13,Equifax,654,5,57
4469,4342,4469,2020-12-10,TransUnion,585,3,
4470,4674,4470,2020-01-18,Experian,765,2,
4471,7055,4471,2022-03-18,Experian,610,4,26
4472,1714,4472,2023-12-07,TransUnion,596,3,
4473,6245,4473,2023-12-26,Equifax,666,3,54
4474,2351,4474,2021-02-25,Equifax,812,3,
4475,12173,4475,2023-03-04,Experian,739,1,29
4476,9703,4476,2023-11-08,Experian,708,2,
4477,14553,4477,2022-10-02,Experian,665,0,
4478,13047,4478,2022-01-05,Experian,850,0,
4479,1043,4479,2020-04-17,TransUnion,694,2,
4480,13010,4480,2022-03-01,TransUnion,728,0,67
4481,7014,4481,2024-04-05,Equifax,719,5,5
4482,14525,4482,2020-03-31,TransUnion,743,3,41
4483,5473,4483,2023-12-30,Equifax,728,3,
4484,4769,4484,2023-05-02,Equifax,667,1,
4485,13280,4485,2020-04-16,TransUnion,709,3,8
4486,2850,4486,2023-04-26,Experian,724,4,
4487,14952,4487,2022-06-04,TransUnion,593,3,54
4488,13421,4488,2020-01-23,Equifax,638,2,
4489,7990,4489,2020-09-29,Experian,674,2,
4490,5529,4490,2021-05-02,Experian,685,0,
4491,13115,4491,2020-08-20,Equifax,634,3,
4492,1278,4492,2020-12-11,Equifax,670,2,
4493,4180,4493,2021-09-02,TransUnion,830,2,
4494,9240,4494,2022-10-25,TransUnion,674,1,
4495,1258,4495,2023-09-28,TransUnion,709,0,
4496,11221,4496,2020-01-22,TransUnion,754,0,
4497,10642,4497,2021-04-27,Equifax,739,0,
4498,4062,4498,2023-07-06,Experian,674,2,62
4499,6177,4499,2020-10-04,Equifax,772,2,
4500,10977,4500,2023-10-17,TransUnion,645,0,
4501,2065,4501,2022-06-14,TransUnion,691,0,
4502,3809,4502,2022-10-17,TransUnion,655,3,
4503,1937,4503,2023-05-28,Equifax,843,2,43
4504,3408,4504,2024-02-13,Equifax,638,5,
4505,10904,4505,2021-11-16,TransUnion,634,3,
4506,14284,4506,2022-03-28,Experian,621,2,
4507,8117,4507,2021-09-13,Equifax,709,3,34
4508,10634,4508,2021-03-06,Experian,737,2,5
4509,7857,4509,2021-05-19,Equifax,612,1,7
4510,13490,4510,2022-05-28,TransUnion,844,2,
4511,10520,4511,2021-04-28,Experian,590,0,32
4512,6470,4512,2022-06-11,Equifax,582,2,51
4513,2244,4513,2021-11-19,Equifax,723,0,
4514,14014,4514,2023-09-26,TransUnion,740,4,44
4515,5996,4515,2021-08-30,Experian,663,3,37
4516,11137,4516,2024-04-25,TransUnion,597,4,40
4517,9712,4517,2024-01-28,Experian,727,4,
4518,10408,4518,2022-08-08,Equifax,699,4,
4519,6015,4519,2020-03-03,Equifax,692,3,
4520,9434,4520,2023-09-13,Experian,679,3,
4521,14682,4521,2022-07-17,TransUnion,634,1,
4522,7300,4522,2023-12-23,TransUnion,685,3,
4523,14298,4523,2022-11-20,Experian,609,1,46
4524,10804,4524,2021-06-22,Equifax,749,0,
4525,7608,4525,2023-12-27,TransUnion,735,2,
4526,7736,4526,2021-12-02,Equifax,824,1,58
4527,4582,4527,2022-06-05,TransUnion,735,1,
4528,942,4528,2023-07-13,Experian,720,1,
4529,4577,4529,2022-05-07,Experian,598,2,
4530,14105,4530,2022-06-18,Equifax,689,3,40
4531,11937,4531,2021-06-30,Equifax,662,4,
4532,7618,4532,2024-05-22,Equifax,736,0,40
4533,10643,4533,2021-05-23,Equifax,693,3,19
4534,12260,4534,2024-04-05,Equifax,658,4,36
4535,6020,4535,2023-07-16,Equifax,789,3,
4536,7203,4536,2020-05-28,TransUnion,716,1,
4537,6121,4537,2020-05-13,Experian,696,0,
4538,3912,4538,2021-07-13,Experian,775,5,63
4539,3507,4539,2020-07-30,Experian,667,2,
4540,9812,4540,2023-10-22,TransUnion,685,1,
4541,8111,4541,2020-06-27,Equifax,715,3,
4542,13911,4542,2023-03-01,Equifax,732,0,
4543,117,4543,2022-01-12,Experian,661,3,17
4544,11950,4544,2021-09-20,Experian,687,0,64
4545,4041,4545,2023-01-13,Experian,692,5,69
4546,9569,4546,2020-08-31,Experian,669,1,68
4547,14159,4547,2023-10-28,Equifax,657,0,
4548,3347,4548,2024-02-19,Equifax,749,1,
4549,8375,4549,2021-12-08,Equifax,684,4,
4550,2625,4550,2020-03-25,Equifax,649,0,64
4551,2456,4551,2022-05-25,Equifax,704,4,40
4552,4671,4552,2022-03-12,Equifax,698,2,
4553,12219,4553,2021-08-28,TransUnion,716,0,
4554,2018,4554,2021-12-03,Experian,746,1,
4555,3915,4555,2022-06-20,Experian,742,4,
4556,13942,4556,2023-12-28,Experian,754,5,
4557,13084,4557,2022-04-11,Experian,675,3,13
4558,1000,4558,2022-06-12,Experian,597,0,12
4559,2887,4559,2021-08-07,Equifax,705,4,
4560,8754,4560,2023-06-30,Experian,705,0,
4561,10082,4561,2021-09-05,TransUnion,635,5,
4562,6539,4562,2022-08-05,TransUnion,789,1,
4563,10224,4563,2023-10-24,TransUnion,622,4,
4564,10644,4564,2022-09-08,Experian,690,2,30
4565,13845,4565,2020-07-18,Experian,663,2,
4566,8656,4566,2022-12-04,Equifax,757,3,
4567,12734,4567,2020-01-17,TransUnion,838,2,
4568,815,4568,2024-03-21,Experian,660,3,25
4569,10068,4569,2022-12-07,Equifax,616,4,
4570,10799,4570,2023-11-09,Equifax,641,0,
4571,452,4571,2021-02-13,Experian,593,5,
4572,2900,4572,2020-11-02,TransUnion,737,1,
4573,8854,4573,2020-07-30,TransUnion,790,0,24
4574,335,4574,2023-03-22,TransUnion,757,5,33
4575,868,4575,2022-08-01,TransUnion,756,0,42
4576,2437,4576,2023-03-18,TransUnion,707,1,67
4577,1133,4577,2024-02-02,Equifax,705,2,67
4578,1847,4578,2023-02-21,TransUnion,686,5,45
4579,5311,4579,2022-03-27,TransUnion,759,5,
4580,14534,4580,2021-03-06,Experian,793,5,
4581,6915,4581,2021-12-26,TransUnion,688,2,
4582,4091,4582,2021-04-11,Equifax,741,2,
4583,5792,4583,2021-04-16,Experian,704,4,3
4584,7744,4584,2023-12-01,TransUnion,799,1,
4585,3482,4585,2021-09-10,Experian,706,3,
4586,12493,4586,2020-02-11,TransUnion,824,3,44
4587,14349,4587,2022-12-14,Experian,744,5,
4588,346,4588,2022-04-26,Experian,722,2,
4589,11445,4589,2023-05-09,TransUnion,838,5,
4590,6698,4590,2020-08-18,TransUnion,721,4,
4591,996,4591,2023-02-23,Equifax,636,4,
4592,14236,4592,2024-02-14,TransUnion,672,3,
4593,1460,4593,2021-03-08,TransUnion,667,1,
4594,11718,4594,2020-09-25,Experian,590,3,
4595,6067,4595,2023-04-27,Experian,675,2,
4596,13277,4596,2023-12-24,Equifax,692,5,
4597,12637,4597,2023-10-06,Experian,664,5,
4598,7627,4598,2024-04-22,Experian,834,3,
4599,10813,4599,2023-10-07,TransUnion,833,3,17
4600,5297,4600,2024-05-03,Experian,684,2,
4601,1413,4601,2021-04-26,TransUnion,672,4,
4602,9887,4602,2022-06-15,Equifax,591,4,
4603,5795,4603,2023-11-16,Equifax,685,2,
4604,14665,4604,2024-05-28,Equifax,849,3,58
4605,2756,4605,2021-07-29,TransUnion,808,0,25
4606,5216,4606,2022-10-14,Experian,709,5,
4607,478,4607,2023-09-04,Equifax,651,1,23
4608,7074,4608,2022-04-13,Equifax,708,4,
4609,4832,4609,2022-07-15,Equifax,660,4,6
4610,4955,4610,2021-04-17,Experian,811,3,
4611,8979,4611,2022-01-24,Equifax,793,4,
4612,13917,4612,2020-08-24,TransUnion,709,2,
4613,1964,4613,2020-11-05,Experian,714,5,
4614,11079,4614,2024-04-07,TransUnion,846,3,
4615,931,4615,2021-11-13,Equifax,658,1,
4616,9058,4616,2023-04-26,TransUnion,683,5,6
4617,1088,4617,2022-01-06,Equifax,642,3,
4618,13265,4618,2023-11-08,TransUnion,643,1,46
4619,1080,4619,2020-10-26,Equifax,779,1,57
4620,6463,4620,2023-12-20,Experian,713,1,18
4621,4537,4621,2023-12-15,Experian,746,2,52
4622,11886,4622,2023-06-10,Equifax,838,4,24
4623,7643,4623,2021-08-01,Experian,709,1,48
4624,1694,4624,2021-05-12,Experian,721,1,7
4625,4833,4625,2020-07-16,TransUnion,841,4,
4626,9244,4626,2024-02-27,TransUnion,646,0,43
4627,4259,4627,2022-09-07,TransUnion,641,5,
4628,7297,4628,2023-08-29,TransUnion,743,5,
4629,5638,4629,2021-06-27,Experian,641,1,
4630,7885,4630,2022-06-14,TransUnion,725,5,
4631,2283,4631,2022-03-05,Equifax,633,0,
4632,11039,4632,2021-03-21,Experian,850,1,31
4633,12995,4633,2023-03-12,Experian,721,3,
4634,7288,4634,2022-02-06,Experian,717,1,8
4635,3508,4635,2020-12-07,Equifax,815,5,37
4636,12329,4636,2021-09-19,TransUnion,832,0,24
4637,7019,4637,2024-01-26,Experian,743,0,33
4638,9051,4638,2023-02-16,TransUnion,769,2,
4639,14028,4639,2020-03-26,Experian,837,1,38
4640,3248,4640,2022-08-15,Experian,633,5,
4641,1102,4641,2020-10-02,TransUnion,700,2,22
4642,6378,4642,2022-03-04,TransUnion,692,2,
4643,2503,4643,2021-12-31,Experian,638,4,40
4644,4603,4644,2022-05-19,Equifax,690,5,
4645,9460,4645,2021-03-01,TransUnion,584,2,
4646,14845,4646,2023-10-05,Equifax,651,1,36
4647,10739,4647,2021-06-22,TransUnion,749,1,57
4648,2933,4648,2023-03-04,Experian,662,4,
4649,14563,4649,2023-06-13,Experian,771,1,
4650,4422,4650,2022-02-23,TransUnion,783,1,45
4651,1522,4651,2022-11-04,Equifax,694,2,
4652,2525,4652,2020-12-20,Equifax,686,2,
4653,7316,4653,2023-04-19,Equifax,618,2,
4654,8596,4654,2022-07-19,Equifax,604,2,
4655,4233,4655,2022-12-16,TransUnion,821,5,
4656,7631,4656,2022-04-24,TransUnion,718,0,
4657,4271,4657,2022-04-27,TransUnion,666,3,16
4658,5447,4658,2021-04-10,Experian,675,0,
4659,437,4659,2023-07-28,Experian,672,0,29
4660,40,4660,2023-05-31,Equifax,638,0,9
4661,7367,4661,2020-09-05,Experian,689,5,
4662,4711,4662,2020-03-12,Equifax,717,0,
4663,422,4663,2021-03-06,Experian,744,1,
4664,7433,4664,2020-08-05,TransUnion,642,0,44
4665,9680,4665,2022-06-24,Experian,716,4,62
4666,10615,4666,2020-11-21,TransUnion,638,3,17
4667,311,4667,2022-02-07,Equifax,689,1,
4668,3252,4668,2021-07-22,Experian,711,3,
4669,14588,4669,2020-01-28,Experian,719,5,
4670,3410,4670,2020-05-16,Experian,694,0,30
4671,9979,4671,2022-02-16,Equifax,618,4,
4672,3342,4672,2023-01-03,TransUnion,665,3,24
4673,10635,4673,2020-12-30,Equifax,673,5,44
4674,4173,4674,2024-02-24,TransUnion,602,3,
4675,9339,4675,2020-05-07,TransUnion,760,0,
4676,12181,4676,2021-11-18,Equifax,588,1,
4677,3085,4677,2021-03-15,Equifax,604,3,49
4678,577,4678,2020-03-19,TransUnion,673,3,
4679,10526,4679,2022-08-30,Equifax,653,3,
4680,5643,4680,2024-01-05,Experian,644,4,46
4681,7763,4681,2021-08-12,TransUnion,589,3,
4682,14766,4682,2023-10-29,Experian,677,1,
4683,937,4683,2022-09-26,Experian,624,2,
4684,9850,4684,2023-02-01,Experian,590,4,55
4685,6226,4685,2023-07-13,TransUnion,708,4,
4686,7205,4686,2022-03-03,TransUnion,657,1,
4687,11304,4687,2024-04-26,Experian,652,5,44
4688,4416,4688,2021-08-28,Equifax,715,0,45
4689,1606,4689,2023-09-25,TransUnion,661,0,
4690,6218,4690,2021-12-06,Equifax,582,5,
4691,2370,4691,2022-06-11,Experian,651,0,
4692,3372,4692,2020-02-23,Equifax,836,1,56
4693,4584,4693,2023-08-29,Equifax,725,3,
4694,6311,4694,2020-09-17,TransUnion,628,4,40
4695,11716,4695,2023-11-20,Experian,709,2,
4696,8065,4696,2022-12-24,Experian,765,2,
4697,4114,4697,2022-12-12,Equifax,651,2,53
4698,14421,4698,2021-09-01,TransUnion,836,5,39
4699,8705,4699,2020-03-25,TransUnion,592,5,
4700,1721,4700,2021-04-11,TransUnion,751,0,
4701,1871,4701,2022-10-29,TransUnion,732,3,
4702,10214,4702,2021-06-09,Experian,688,5,46
4703,11755,4703,2022-04-23,Equifax,841,5,57
4704,41,4704,2022-11-15,Equifax,583,5,
4705,846,4705,2022-12-16,TransUnion,688,1,49
4706,11515,4706,2020-10-03,TransUnion,700,1,
4707,11220,4707,2021-09-02,Equifax,688,5,
4708,11063,4708,2020-07-18,Equifax,740,0,25
4709,879,4709,2021-01-09,TransUnion,697,2,
4710,7333,4710,2023-12-05,TransUnion,581,2,
4711,9079,4711,2021-09-14,TransUnion,718,1,
4712,13682,4712,2020-03-30,Equifax,657,4,45
4713,9238,4713,2022-01-16,Experian,727,2,
4714,11288,4714,2021-12-31,TransUnion,720,3,
4715,5033,4715,2022-08-15,Equifax,624,2,
4716,1026,4716,2022-09-21,Equifax,666,0,
4717,3024,4717,2021-05-11,Experian,722,3,67
4718,4666,4718,2021-07-20,Experian,813,3,
4719,6891,4719,2024-05-17,Equifax,617,5,39
4720,8929,4720,2021-01-14,Equifax,674,2,
4721,6003,4721,2022-10-10,Experian,655,2,
4722,9633,4722,2021-01-29,TransUnion,702,3,23
4723,14315,4723,2022-01-22,Experian,733,5,
4724,7646,4724,2020-03-12,Experian,704,4,
4725,8329,4725,2024-04-03,Experian,624,0,
4726,967,4726,2024-04-20,Equifax,736,5,
4727,5306,4727,2021-09-11,Experian,663,0,
4728,12059,4728,2020-04-06,Equifax,770,5,
4729,590,4729,2022-02-04,TransUnion,698,4,10
4730,12367,4730,2023-11-04,TransUnion,651,5,
4731,5927,4731,2021-05-01,Equifax,845,5,6
4732,12477,4732,2020-06-19,TransUnion,626,5,60
4733,6312,4733,2023-01-14,Experian,813,4,
4734,7717,4734,2023-12-07,TransUnion,658,3,39
4735,10167,4735,2023-06-01,TransUnion,664,2,23
4736,5271,4736,2024-03-09,Experian,654,0,
4737,5473,4737,2020-11-17,Experian,728,3,8
4738,5681,4738,2020-03-07,TransUnion,735,5,6
4739,12271,4739,2021-12-12,Experian,738,0,
4740,12655,4740,2021-01-09,TransUnion,745,0,
4741,5180,4741,2023-10-06,Equifax,845,1,
4742,4560,4742,2021-03-08,TransUnion,757,0,38
4743,661,4743,2024-04-17,TransUnion,717,4,
4744,1550,4744,2020-07-11,Experian,732,1,
4745,63,4745,2021-09-08,TransUnion,664,1,22
4746,13822,4746,2020-10-13,TransUnion,659,4,
4747,890,4747,2023-02-03,Experian,815,1,
4748,9501,4748,2021-08-11,Equifax,633,3,
4749,7323,4749,2020-09-14,TransUnion,643,3,
4750,12426,4750,2023-06-20,Experian,619,3,
4751,10694,4751,2024-01-12,TransUnion,610,4,
4752,2288,4752,2021-10-24,TransUnion,627,3,24
4753,10059,4753,2022-08-16,Equifax,674,1,58
4754,537,4754,2021-02-16,TransUnion,717,2,66
4755,10772,4755,2023-08-06,Equifax,639,3,32
4756,10495,4756,2022-08-18,Equifax,719,3,
4757,3065,4757,2020-12-13,TransUnion,693,5,
4758,11370,4758,2022-01-09,Equifax,702,4,
4759,4166,4759,2023-01-09,Equifax,614,2,64
4760,5145,4760,2022-09-17,Experian,683,4,
4761,2183,4761,2020-05-19,Experian,625,3,
4762,4088,4762,2021-09-18,Experian,742,5,
4763,7335,4763,2022-05-09,Equifax,635,1,
4764,12287,4764,2023-09-10,TransUnion,709,4,50
4765,8258,4765,2020-02-17,Experian,754,1,
4766,979,4766,2023-11-28,TransUnion,728,0,
4767,5895,4767,2022-09-04,TransUnion,749,2,
4768,11633,4768,2022-09-23,Experian,681,1,41
4769,6406,4769,2023-01-06,TransUnion,771,3,
4770,8675,4770,2023-02-11,TransUnion,736,2,50
4771,13741,4771,2021-12-07,TransUnion,799,5,59
4772,6201,4772,2023-10-04,Equifax,714,3,
4773,8586,4773,2020-07-23,Equifax,648,2,
4774,11204,4774,2022-10-21,TransUnion,679,0,
4775,3694,4775,2023-08-06,Experian,621,5,31
4776,10230,4776,2022-03-22,TransUnion,691,5,57
4777,11544,4777,2024-05-07,Experian,787,1,
4778,5169,4778,2022-02-17,TransUnion,819,5,
4779,104,4779,2021-10-28,Equifax,716,1,58
4780,7827,4780,2022-08-07,TransUnion,623,4,43
4781,11424,4781,2022-12-06,Experian,652,5,7
4782,9368,4782,2022-11-05,Experian,593,0,30
4783,13245,4783,2020-09-17,Experian,729,4,
4784,6409,4784,2021-03-05,TransUnion,735,3,
4785,9983,4785,2022-06-26,Experian,719,3,
4786,13423,4786,2021-10-08,Equifax,846,3,
4787,7440,4787,2023-03-05,Experian,806,4,
4788,10842,4788,2020-10-12,TransUnion,749,3,
4789,10553,4789,2023-11-21,Experian,591,5,
4790,12758,4790,2023-08-20,Experian,839,3,34
4791,2047,4791,2020-09-24,Experian,827,4,
4792,13176,4792,2022-08-13,Experian,738,2,
4793,14914,4793,2022-02-06,Experian,769,3,24
4794,14126,4794,2024-04-05,Equifax,620,5,
4795,589,4795,2023-05-19,TransUnion,738,5,
4796,3090,4796,2020-06-01,TransUnion,701,3,38
4797,14702,4797,2023-12-25,Equifax,684,1,
4798,10368,4798,2022-07-29,Equifax,708,4,
4799,5180,4799,2022-06-15,Equifax,845,2,11
4800,9668,4800,2022-04-11,Experian,696,5,
4801,1500,4801,2021-10-31,Equifax,706,3,
4802,209,4802,2021-03-01,Experian,672,3,30
4803,7054,4803,2020-06-26,TransUnion,609,0,64
4804,2172,4804,2020-11-09,Equifax,689,5,71
4805,12069,4805,2023-05-16,Experian,747,5,
4806,8101,4806,2020-06-21,TransUnion,647,1,
4807,9336,4807,2024-05-27,Experian,597,4,8
4808,5375,4808,2020-06-20,TransUnion,635,1,39
4809,6931,4809,2023-06-10,Experian,602,1,
4810,9522,4810,2020-03-20,Equifax,710,3,22
4811,3791,4811,2021-10-16,TransUnion,681,3,38
4812,12322,4812,2021-06-23,Experian,720,3,36
4813,689,4813,2022-04-03,Equifax,779,2,46
4814,8058,4814,2022-08-31,TransUnion,606,2,15
4815,426,4815,2022-07-30,Equifax,658,3,27
4816,5513,4816,2023-12-08,Experian,706,4,
4817,9784,4817,2022-09-05,TransUnion,720,4,
4818,4259,4818,2022-07-11,Experian,641,3,30
4819,2034,4819,2022-11-28,Equifax,717,0,32
4820,7261,4820,2022-11-04,TransUnion,717,1,
4821,7983,4821,2020-10-14,Equifax,726,0,
4822,2762,4822,2022-05-09,Equifax,651,1,
4823,5086,4823,2022-06-08,TransUnion,592,5,64
4824,4831,4824,2021-10-06,TransUnion,761,2,
4825,10852,4825,2022-02-21,Equifax,730,3,
4826,10816,4826,2023-12-04,Equifax,600,3,
4827,5319,4827,2023-02-03,Equifax,712,2,45
4828,12107,4828,2022-11-30,Experian,675,0,
4829,2842,4829,2022-02-08,Experian,711,5,52
4830,5535,4830,2023-06-13,Equifax,670,3,
4831,7816,4831,2021-01-06,Experian,664,2,
4832,3432,4832,2021-11-15,Experian,730,1,
4833,732,4833,2020-10-14,Experian,705,0,
4834,7841,4834,2022-11-19,TransUnion,599,1,37
4835,12163,4835,2020-02-03,TransUnion,653,3,42
4836,4385,4836,2021-02-15,Experian,722,2,
4837,7344,4837,2020-03-19,TransUnion,676,5,
4838,5230,4838,2021-09-30,Equifax,738,4,
4839,11648,4839,2021-08-13,TransUnion,721,4,
4840,2456,4840,2024-03-22,Equifax,704,4,35
4841,13618,4841,2023-06-15,TransUnion,714,3,
4842,645,4842,2024-04-04,Equifax,813,1,
4843,3814,4843,2024-03-16,Equifax,584,5,
4844,731,4844,2021-03-22,TransUnion,702,0,20
4845,9050,4845,2020-08-16,TransUnion,829,5,17
4846,12256,4846,2022-10-03,Equifax,823,1,
4847,7164,4847,2024-02-17,Experian,704,2,45
4848,10545,4848,2021-06-23,Equifax,686,5,
4849,9491,4849,2024-05-22,Experian,692,0,55
4850,11959,4850,2021-06-17,Equifax,706,0,24
4851,7764,4851,2023-03-12,TransUnion,750,0,
4852,140,4852,2020-04-10,Equifax,722,1,
4853,9468,4853,2022-03-04,Experian,717,3,61
4854,11084,4854,2022-02-03,Equifax,677,4,
4855,2950,4855,2021-02-06,TransUnion,744,2,
4856,12339,4856,2023-05-16,TransUnion,676,0,37
4857,4380,4857,2020-10-21,Experian,696,2,
4858,11371,4858,2020-09-24,Equifax,836,3,17
4859,7760,4859,2022-11-24,Equifax,619,3,53
4860,6336,4860,2020-05-17,TransUnion,816,3,
4861,4812,4861,2021-09-25,TransUnion,662,4,
4862,4724,4862,2022-06-28,Experian,593,4,
4863,9938,4863,2020-04-12,Equifax,787,2,
4864,4269,4864,2023-11-25,Experian,672,2,
4865,12983,4865,2024-03-20,Equifax,742,5,
4866,9505,4866,2022-01-07,Equifax,785,2,
4867,11645,4867,2021-02-16,Equifax,720,2,
4868,11870,4868,2024-05-02,Equifax,690,5,
4869,7256,4869,2020-06-22,Equifax,736,4,10
4870,8214,4870,2021-10-27,TransUnion,673,0,69
4871,8242,4871,2020-03-22,Experian,637,4,24
4872,7235,4872,2022-06-22,Experian,614,0,
4873,13988,4873,2022-01-21,TransUnion,689,1,
4874,1551,4874,2021-05-03,Experian,742,1,28
4875,9667,4875,2021-02-17,Equifax,767,2,51
4876,2164,4876,2021-07-06,TransUnion,714,1,
4877,11684,4877,2022-07-27,Experian,629,4,3
4878,12477,4878,2023-01-09,Experian,626,5,37
4879,12759,4879,2020-04-10,TransUnion,731,5,
4880,9909,4880,2023-03-25,Experian,728,5,8
4881,7425,4881,2022-09-15,Equifax,580,4,15
4882,3987,4882,2021-04-09,TransUnion,748,2,
4883,14222,4883,2022-10-08,TransUnion,695,1,
4884,13438,4884,2021-09-25,TransUnion,732,5,36
4885,418,4885,2021-05-06,Experian,646,3,21
4886,9886,4886,2020-01-15,Equifax,845,3,
4887,6434,4887,2023-07-12,Equifax,705,4,
4888,5791,4888,2020-08-25,Experian,683,2,
4889,4894,4889,2020-11-29,Experian,738,4,50
4890,6008,4890,2022-07-29,Experian,739,2,
4891,11042,4891,2021-12-31,Equifax,700,3,17
4892,5826,4892,2020-11-07,Equifax,714,5,5
4893,84,4893,2023-01-30,Experian,706,3,
4894,6934,4894,2021-04-17,Equifax,747,2,43
4895,6108,4895,2021-09-21,TransUnion,634,4,68
4896,10802,4896,2021-05-27,Experian,695,1,
4897,14378,4897,2020-04-15,Equifax,618,2,10
4898,14008,4898,2021-02-24,Experian,709,5,
4899,1782,4899,2023-12-11,TransUnion,796,2,
4900,7101,4900,2023-06-21,Equifax,719,4,49
4901,121,4901,2020-06-12,TransUnion,665,4,
4902,11164,4902,2021-03-09,Equifax,709,3,8
4903,1031,4903,2020-05-11,TransUnion,694,2,
4904,14098,4904,2024-02-02,Equifax,668,4,
4905,13133,4905,2020-12-20,TransUnion,746,2,70
4906,6540,4906,2022-10-12,Experian,731,4,
4907,13949,4907,2020-01-16,Experian,676,2,
4908,11305,4908,2021-03-12,Equifax,834,2,44
4909,9349,4909,2021-08-08,Equifax,728,2,
4910,10716,4910,2022-04-17,Equifax,798,2,
4911,9988,4911,2021-10-12,Experian,714,4,18
4912,14459,4912,2023-05-13,Experian,776,0,
4913,5197,4913,2022-07-17,TransUnion,705,2,
4914,3686,4914,2021-09-07,Experian,587,3,16
4915,12536,4915,2020-04-22,Experian,736,5,
4916,14317,4916,2021-08-29,TransUnion,676,0,58
4917,8196,4917,2020-09-14,TransUnion,595,4,
4918,9517,4918,2020-12-21,TransUnion,667,1,
4919,2156,4919,2020-08-11,TransUnion,616,4,65
4920,11953,4920,2021-04-02,Experian,780,4,42
4921,9226,4921,2023-09-14,Equifax,631,3,
4922,7377,4922,2021-09-15,TransUnion,694,3,
4923,3702,4923,2023-06-26,Experian,603,0,
4924,2003,4924,2023-07-07,Equifax,845,2,
4925,11787,4925,2023-09-14,Experian,676,3,
4926,14434,4926,2023-05-28,TransUnion,821,5,
4927,14703,4927,2021-09-14,TransUnion,701,3,
4928,6496,4928,2022-03-19,TransUnion,833,4,
4929,14639,4929,2023-08-29,TransUnion,769,1,
4930,13009,4930,2021-07-24,TransUnion,750,0,31
4931,14888,4931,2023-10-14,TransUnion,702,1,45
4932,3458,4932,2023-08-29,Equifax,696,2,45
4933,7674,4933,2023-10-16,Equifax,738,3,
4934,4171,4934,2020-11-07,TransUnion,739,1,8
4935,11171,4935,2024-05-15,TransUnion,791,4,33
4936,1124,4936,2022-01-10,Experian,676,1,
4937,2384,4937,2022-08-03,Experian,608,4,42
4938,14528,4938,2024-05-27,Equifax,845,3,
4939,11149,4939,2022-04-05,Equifax,732,4,43
4940,2475,4940,2022-02-11,Experian,684,2,
4941,14658,4941,2021-01-08,Equifax,840,5,
4942,2414,4942,2021-08-17,Experian,710,4,
4943,11424,4943,2021-05-02,Equifax,652,3,
4944,8579,4944,2021-12-16,Equifax,846,2,
4945,4905,4945,2022-12-02,Experian,686,3,
4946,850,4946,2024-04-12,TransUnion,699,5,
4947,8064,4947,2020-06-13,TransUnion,660,5,
4948,650,4948,2020-11-16,TransUnion,729,3,
4949,10886,4949,2022-10-17,Experian,616,2,
4950,13685,4950,2021-04-17,Experian,825,5,
4951,2711,4951,2022-03-03,Equifax,811,0,71
4952,13602,4952,2021-01-09,TransUnion,725,5,
4953,6200,4953,2023-05-30,Equifax,742,5,
4954,8047,4954,2021-09-23,Experian,716,2,51
4955,13581,4955,2022-02-24,Experian,722,2,34
4956,2296,4956,2020-07-01,TransUnion,658,0,
4957,13949,4957,2024-03-31,Equifax,676,3,
4958,5330,4958,2023-04-11,Equifax,700,1,
4959,8371,4959,2021-01-28,Experian,792,1,
4960,601,4960,2023-05-20,TransUnion,670,5,16
4961,4192,4961,2020-04-25,Experian,661,3,
4962,10276,4962,2022-04-11,Experian,721,3,
4963,7382,4963,2020-05-01,Experian,735,4,34
4964,10888,4964,2021-05-28,TransUnion,662,2,
4965,509,4965,2020-07-29,Equifax,815,1,3
4966,9408,4966,2020-10-15,TransUnion,747,3,
4967,13459,4967,2022-12-27,TransUnion,835,3,
4968,11980,4968,2020-09-18,Equifax,586,0,
4969,10381,4969,2021-12-31,Equifax,827,0,
4970,1214,4970,2020-10-15,TransUnion,725,1,11
4971,4659,4971,2021-02-21,Experian,686,2,
4972,11219,4972,2023-04-08,TransUnion,768,4,
4973,3843,4973,2020-03-02,TransUnion,640,5,70
4974,14527,4974,2022-07-02,TransUnion,691,5,34
4975,13985,4975,2020-03-09,TransUnion,740,0,66
4976,6975,4976,2020-03-09,Equifax,627,0,
4977,6339,4977,2023-09-28,Equifax,689,4,
4978,10455,4978,2021-05-03,Equifax,709,2,71
4979,6349,4979,2023-06-10,TransUnion,663,5,18
4980,1244,4980,2021-08-14,TransUnion,707,1,
4981,12646,4981,2023-02-05,Equifax,719,3,36
4982,13288,4982,2023-04-08,Equifax,719,0,
4983,11353,4983,2022-09-16,TransUnion,733,3,69
4984,7616,4984,2023-01-26,TransUnion,709,5,70
4985,5549,4985,2020-03-29,Experian,740,4,25
4986,10825,4986,2020-04-18,Equifax,616,4,
4987,12805,4987,2020-09-30,Experian,686,2,
4988,1020,4988,2022-07-15,Experian,650,1,23
4989,170,4989,2023-08-07,TransUnion,802,5,
4990,9101,4990,2021-09-23,Equifax,749,2,
4991,4469,4991,2021-02-09,TransUnion,770,2,
4992,7617,4992,2020-05-01,Equifax,603,1,
4993,7759,4993,2021-06-05,TransUnion,699,1,
4994,10762,4994,2020-02-02,Experian,721,5,
4995,4539,4995,2023-04-25,Experian,831,0,
4996,12060,4996,2020-01-26,Experian,660,4,37
4997,6760,4997,2022-04-20,Experian,731,2,20
4998,11928,4998,2021-08-28,Equifax,716,2,
4999,11982,4999,2020-02-13,Equifax,589,0,
5000,5414,5000,2024-01-14,TransUnion,586,0,
5001,8435,5001,2021-11-18,TransUnion,739,1,
5002,12780,5002,2023-03-23,Experian,674,3,24
5003,7814,5003,2020-10-09,TransUnion,759,0,26
5004,492,5004,2021-01-27,TransUnion,621,3,59
5005,623,5005,2020-01-11,TransUnion,824,0,
5006,3430,5006,2021-12-06,TransUnion,631,0,
5007,9694,5007,2020-08-20,Experian,716,5,24
5008,2566,5008,2020-01-19,TransUnion,628,4,
5009,8987,5009,2021-03-14,Equifax,639,0,
5010,14017,5010,2024-05-22,TransUnion,688,3,38
5011,10592,5011,2023-02-09,Equifax,734,1,33
5012,14895,5012,2020-07-28,TransUnion,594,2,
5013,13721,5013,2022-10-31,Experian,707,1,15
5014,14783,5014,2023-07-29,Experian,689,4,
5015,4554,5015,2024-02-13,Equifax,611,0,
5016,14472,5016,2021-08-12,TransUnion,661,3,
5017,8609,5017,2024-05-01,TransUnion,725,2,
5018,3247,5018,2020-04-08,Experian,651,4,
5019,12511,5019,2023-02-05,Experian,734,1,
5020,11514,5020,2024-01-27,Equifax,608,5,58
5021,8848,5021,2024-01-20,Equifax,678,3,13
5022,11827,5022,2022-04-28,TransUnion,733,1,55
5023,13421,5023,2021-12-06,Experian,638,3,
5024,6855,5024,2024-05-14,Equifax,630,3,14
5025,13220,5025,2023-07-19,Experian,716,0,50
5026,10557,5026,2023-09-25,Equifax,594,1,5
5027,12403,5027,2023-08-09,TransUnion,599,1,
5028,3026,5028,2023-02-18,Equifax,625,5,
5029,11466,5029,2022-03-06,Experian,651,3,
5030,11511,5030,2023-11-19,Equifax,602,0,
5031,812,5031,2023-10-23,Equifax,682,3,
5032,10111,5032,2021-12-02,TransUnion,608,2,
5033,11469,5033,2021-01-17,Experian,741,3,
5034,12178,5034,2020-10-28,TransUnion,625,2,
5035,556,5035,2021-04-05,Equifax,744,1,
5036,11184,5036,2024-05-12,Experian,647,0,
5037,12525,5037,2021-05-10,TransUnion,648,0,44
5038,2607,5038,2021-06-29,Equifax,766,3,17
5039,7324,5039,2022-09-15,TransUnion,728,0,41
5040,6215,5040,2022-11-24,TransUnion,686,0,37
5041,13442,5041,2020-10-28,Experian,677,3,
5042,14876,5042,2022-10-05,TransUnion,588,4,
5043,8462,5043,2023-12-14,TransUnion,663,3,69
5044,10750,5044,2021-05-21,Equifax,645,2,65
5045,4971,5045,2022-01-08,TransUnion,707,4,
5046,11182,5046,2023-07-06,TransUnion,698,4,18
5047,9952,5047,2023-02-03,TransUnion,670,1,55
5048,9929,5048,2022-07-28,Equifax,674,2,19
5049,7507,5049,2021-03-05,TransUnion,743,5,
5050,1496,5050,2021-08-28,Experian,609,4,
5051,6689,5051,2023-03-17,TransUnion,727,4,
5052,7121,5052,2023-04-28,Experian,705,5,38
5053,5181,5053,2020-03-27,Experian,703,3,
5054,5952,5054,2021-11-23,Experian,617,4,
5055,2901,5055,2022-10-18,Equifax,655,0,19
5056,8797,5056,2021-12-23,Equifax,730,0,64
5057,9574,5057,2021-09-27,TransUnion,725,0,
5058,5289,5058,2024-03-09,Experian,663,5,3
5059,9667,5059,2023-05-10,Experian,767,4,
5060,11054,5060,2023-09-19,Equifax,690,1,
5061,13931,5061,2020-02-03,Experian,708,1,
5062,2863,5062,2021-12-25,Experian,726,3,
5063,4590,5063,2020-10-20,Experian,661,5,
5064,12560,5064,2021-10-09,Experian,715,3,
5065,12217,5065,2023-11-13,TransUnion,714,4,
5066,10061,5066,2021-01-10,Equifax,732,2,
5067,11486,5067,2022-07-12,Experian,736,1,20
5068,5871,5068,2020-06-28,Equifax,703,2,
5069,10823,5069,2024-01-18,TransUnion,730,5,
5070,2569,5070,2020-12-10,Equifax,833,4,
5071,7990,5071,2023-01-13,Equifax,674,2,
5072,7550,5072,2022-01-06,TransUnion,665,5,
5073,211,5073,2022-10-28,Experian,839,2,52
5074,3025,5074,2022-02-20,Equifax,680,1,
5075,12629,5075,2020-09-15,Experian,708,1,
5076,8411,5076,2020-12-03,Experian,669,5,
5077,2168,5077,2022-03-21,Equifax,711,4,
5078,4972,5078,2022-12-30,Equifax,691,1,
5079,3411,5079,2023-06-21,TransUnion,793,4,
5080,14095,5080,2023-01-17,Experian,842,0,28
5081,8511,5081,2024-05-03,Equifax,632,5,
5082,172,5082,2022-10-02,TransUnion,586,4,48
5083,3771,5083,2021-07-21,Experian,697,3,54
5084,3422,5084,2020-06-13,Experian,615,4,
5085,4739,5085,2022-05-26,Experian,691,1,62
5086,13177,5086,2020-03-26,Equifax,696,4,
5087,675,5087,2021-09-03,Equifax,639,5,66
5088,12525,5088,2023-05-23,TransUnion,648,5,
5089,4514,5089,2021-11-13,TransUnion,848,2,47
5090,11741,5090,2022-07-18,TransUnion,661,0,
5091,7241,5091,2021-02-02,TransUnion,654,2,
5092,14893,5092,2020-05-19,Equifax,743,0,
5093,5386,5093,2021-12-05,Experian,582,4,55
5094,7559,5094,2024-04-06,Experian,668,0,
5095,6216,5095,2023-03-14,TransUnion,780,1,
5096,13612,5096,2023-08-31,TransUnion,700,2,6
5097,5230,5097,2020-11-19,TransUnion,738,5,
5098,4912,5098,2023-06-15,TransUnion,778,1,
5099,7579,5099,2024-01-18,TransUnion,626,5,
5100,12128,5100,2023-11-17,TransUnion,669,2,3
5101,917,5101,2023-06-04,Experian,693,1,71
5102,8026,5102,2023-04-13,Experian,820,3,
5103,3142,5103,2023-07-24,Equifax,725,1,32
5104,13611,5104,2022-08-26,Experian,648,4,6
5105,3657,5105,2021-04-03,TransUnion,605,3,
5106,12432,5106,2022-01-14,TransUnion,717,3,28
5107,2235,5107,2021-03-10,Experian,832,5,
5108,14837,5108,2022-04-07,Equifax,625,4,
5109,11167,5109,2021-01-14,Equifax,738,0,
5110,5224,5110,2023-02-04,TransUnion,663,1,
5111,14584,5111,2022-10-30,TransUnion,704,5,
5112,6162,5112,2022-08-25,TransUnion,650,3,
5113,2063,5113,2020-06-02,TransUnion,693,0,
5114,9992,5114,2022-06-28,Equifax,661,0,
5115,11722,5115,2022-11-17,Experian,725,0,45
5116,2264,5116,2020-05-26,Equifax,667,0,
5117,1574,5117,2023-05-12,Experian,799,3,62
5118,1496,5118,2021-11-04,Experian,609,4,60
5119,996,5119,2023-05-27,Equifax,636,1,
5120,9521,5120,2024-01-28,Equifax,796,4,
5121,4766,5121,2023-10-01,Experian,591,4,41
5122,8154,5122,2020-05-22,Equifax,684,3,54
5123,11419,5123,2024-03-16,Equifax,685,5,16
5124,585,5124,2022-04-12,Equifax,705,0,
5125,10182,5125,2022-05-27,Experian,672,1,
5126,10687,5126,2020-01-01,Experian,735,3,
5127,4548,5127,2023-12-23,Experian,590,0,
5128,14393,5128,2022-01-28,TransUnion,732,4,
5129,12344,5129,2024-05-07,TransUnion,846,0,
5130,4594,5130,2020-03-03,TransUnion,741,1,
5131,4424,5131,2020-05-06,TransUnion,721,5,
5132,5681,5132,2023-07-02,TransUnion,735,4,
5133,14501,5133,2022-09-02,TransUnion,708,1,
5134,5743,5134,2020-12-13,Equifax,725,5,13
5135,1555,5135,2023-05-08,TransUnion,604,5,
5136,12947,5136,2021-12-09,Experian,707,1,17
5137,287,5137,2020-10-07,TransUnion,581,1,43
5138,1200,5138,2021-11-20,Experian,807,5,46
5139,6624,5139,2020-04-14,Equifax,598,4,70
5140,7955,5140,2022-09-03,TransUnion,734,5,55
5141,10368,5141,2021-10-07,Experian,708,0,
5142,12254,5142,2021-09-29,TransUnion,685,2,
5143,8963,5143,2024-01-20,TransUnion,607,4,
5144,11704,5144,2023-06-16,Experian,744,2,
5145,11521,5145,2023-01-24,Experian,710,4,
5146,5100,5146,2023-07-29,TransUnion,603,0,
5147,13555,5147,2021-08-21,TransUnion,817,0,
5148,5289,5148,2020-10-07,TransUnion,663,4,
5149,589,5149,2020-07-19,Equifax,738,4,
5150,805,5150,2020-10-30,TransUnion,596,1,
5151,1582,5151,2022-12-18,Equifax,591,5,6
5152,641,5152,2021-07-26,Equifax,686,1,
5153,11324,5153,2022-05-20,TransUnion,709,4,46
5154,14030,5154,2021-09-21,Experian,686,3,
5155,3862,5155,2021-04-23,TransUnion,635,0,23
5156,11255,5156,2021-01-20,Equifax,631,1,
5157,4653,5157,2023-02-24,TransUnion,745,0,14
5158,6923,5158,2021-10-04,Experian,733,1,62
5159,6213,5159,2020-05-19,TransUnion,710,2,
5160,6811,5160,2021-10-18,Experian,744,4,
5161,7846,5161,2020-10-28,Equifax,583,1,
5162,3811,5162,2022-02-02,Experian,588,3,
5163,13713,5163,2020-10-08,Equifax,722,3,12
5164,3173,5164,2020-09-18,Equifax,697,4,47
5165,5540,5165,2022-08-05,Equifax,727,4,36
5166,4475,5166,2022-07-05,Equifax,677,4,
5167,14408,5167,2021-12-23,Experian,687,2,43
5168,2289,5168,2021-03-25,TransUnion,730,1,35
5169,7704,5169,2021-08-05,Equifax,811,1,
5170,3522,5170,2023-12-02,Equifax,721,4,19
5171,4039,5171,2023-12-08,Equifax,672,0,42
5172,9833,5172,2021-03-20,Equifax,684,3,
5173,11604,5173,2020-09-09,Equifax,835,2,
5174,5047,5174,2024-03-06,Experian,801,5,
5175,8613,5175,2021-01-09,Equifax,692,3,
5176,8503,5176,2020-02-04,Experian,738,2,3
5177,5964,5177,2021-11-24,TransUnion,799,1,
5178,4629,5178,2024-01-06,TransUnion,830,0,37
5179,9245,5179,2020-09-11,Experian,719,5,
5180,11926,5180,2021-08-04,Equifax,677,5,45
5181,9857,5181,2023-03-21,TransUnion,840,3,
5182,10444,5182,2021-11-07,TransUnion,737,1,28
5183,11714,5183,2020-06-12,TransUnion,712,2,56
5184,10760,5184,2023-07-05,Equifax,740,2,
5185,3492,5185,2020-03-22,TransUnion,662,2,51
5186,182,5186,2023-11-07,Equifax,795,5,
5187,9269,5187,2021-07-15,Experian,753,5,18
5188,7829,5188,2020-01-24,Equifax,703,1,18
5189,2389,5189,2020-11-06,TransUnion,756,3,
5190,3929,5190,2022-10-12,Experian,664,5,
5191,4804,5191,2021-09-12,Equifax,731,0,
5192,3135,5192,2023-09-29,Equifax,798,3,
5193,12315,5193,2020-10-15,TransUnion,847,3,
5194,4382,5194,2020-12-03,Experian,715,5,
5195,6101,5195,2023-05-28,TransUnion,653,0,
5196,3965,5196,2024-05-25,Equifax,739,3,
5197,8619,5197,2021-06-10,TransUnion,729,5,62
5198,12145,5198,2020-11-04,TransUnion,636,0,9
5199,10125,5199,2023-04-17,Equifax,700,4,
5200,12391,5200,2021-11-28,TransUnion,667,4,
5201,11082,5201,2020-04-27,Equifax,670,2,
5202,6677,5202,2020-03-23,TransUnion,711,0,
5203,8782,5203,2020-10-30,Experian,703,2,33
5204,14280,5204,2023-05-06,TransUnion,738,2,
5205,14902,5205,2022-06-04,Equifax,666,1,45
5206,9631,5206,2020-06-15,TransUnion,806,4,
5207,354,5207,2023-09-08,TransUnion,683,2,
5208,10989,5208,2021-08-28,TransUnion,721,0,
5209,6286,5209,2024-04-29,Experian,682,3,
5210,7253,5210,2021-02-28,TransUnion,670,2,
5211,4878,5211,2020-08-05,TransUnion,607,5,
5212,8672,5212,2022-07-05,Equifax,596,1,
5213,11037,5213,2023-12-27,TransUnion,693,1,67
5214,2432,5214,2021-07-28,Equifax,743,2,48
5215,1263,5215,2021-05-27,Experian,675,4,21
5216,1129,5216,2022-11-26,Equifax,686,4,
5217,13775,5217,2020-07-28,TransUnion,633,3,
5218,8875,5218,2023-05-28,Experian,694,0,13
5219,5941,5219,2022-08-22,Experian,735,4,
5220,6344,5220,2022-12-14,Experian,720,2,7
5221,7473,5221,2023-12-01,Experian,689,2,
5222,3721,5222,2022-07-31,Experian,723,2,
5223,11342,5223,2023-10-14,Experian,637,2,67
5224,13276,5224,2020-10-31,Experian,701,4,57
5225,6927,5225,2023-03-26,TransUnion,698,0,47
5226,1212,5226,2023-05-14,TransUnion,705,1,27
5227,2123,5227,2023-09-23,Experian,632,3,
5228,2093,5228,2020-10-21,Equifax,719,2,
5229,10722,5229,2023-05-02,Equifax,629,2,
5230,9884,5230,2023-09-23,Equifax,783,3,
5231,10889,5231,2021-04-01,Equifax,738,3,13
5232,5837,5232,2021-02-06,TransUnion,736,1,19
5233,3902,5233,2024-04-06,TransUnion,835,5,
5234,9673,5234,2020-05-27,Experian,704,2,
5235,9039,5235,2020-10-30,TransUnion,667,4,37
5236,8115,5236,2021-11-02,TransUnion,701,5,11
5237,8321,5237,2020-11-02,Equifax,730,2,
5238,10315,5238,2021-02-18,Equifax,665,0,67
5239,3572,5239,2020-06-05,Experian,723,0,
5240,2441,5240,2023-06-21,Equifax,688,2,
5241,10456,5241,2024-04-15,Equifax,761,4,47
5242,2843,5242,2023-01-09,TransUnion,678,2,
5243,2903,5243,2021-07-13,Equifax,722,5,
5244,4198,5244,2021-12-02,Equifax,618,5,
5245,7140,5245,2021-07-02,TransUnion,671,3,
5246,7744,5246,2020-02-08,Equifax,799,5,
5247,11797,5247,2024-01-31,TransUnion,683,2,
5248,1749,5248,2023-04-12,Equifax,669,5,
5249,7244,5249,2020-12-19,TransUnion,636,0,
5250,8898,5250,2024-03-19,Equifax,724,2,
5251,12028,5251,2021-01-16,TransUnion,716,3,33
5252,10925,5252,2021-03-21,Equifax,612,5,
5253,9844,5253,2023-02-16,Equifax,747,3,
5254,4250,5254,2021-09-11,Experian,601,3,65
5255,12357,5255,2022-02-14,Experian,828,0,58
5256,1594,5256,2022-07-24,Experian,749,3,
5257,11113,5257,2020-05-19,Equifax,834,4,
5258,12320,5258,2021-06-27,TransUnion,717,0,
5259,2402,5259,2022-10-13,TransUnion,687,5,46
5260,14666,5260,2024-05-04,TransUnion,683,1,
5261,9449,5261,2021-08-13,TransUnion,694,2,33
5262,2759,5262,2023-05-25,Experian,772,5,11
5263,11033,5263,2021-05-14,TransUnion,700,4,
5264,11018,5264,2022-03-12,TransUnion,689,3,
5265,51,5265,2024-02-18,Equifax,728,1,57
5266,7092,5266,2024-01-11,Experian,743,0,
5267,4094,5267,2024-02-18,Experian,707,4,7
5268,570,5268,2023-08-16,Experian,639,0,36
5269,134,5269,2023-01-22,Experian,735,3,
5270,2883,5270,2021-06-05,Experian,735,1,44
5271,1124,5271,2023-12-20,Equifax,676,4,
5272,1536,5272,2023-05-31,TransUnion,703,4,
5273,11262,5273,2021-11-30,TransUnion,743,3,
5274,10473,5274,2021-04-23,TransUnion,838,5,66
5275,4507,5275,2021-10-25,TransUnion,655,1,5
5276,9317,5276,2022-02-18,TransUnion,635,1,
5277,4370,5277,2020-06-21,Equifax,668,2,42
5278,10898,5278,2021-10-04,Equifax,750,4,
5279,4586,5279,2023-08-30,Experian,584,2,
5280,10636,5280,2020-11-17,TransUnion,774,3,50
5281,5381,5281,2022-05-29,TransUnion,697,4,
5282,10991,5282,2022-04-19,TransUnion,739,2,33
5283,12816,5283,2024-03-09,TransUnion,650,3,16
5284,5353,5284,2023-10-15,Experian,782,2,
5285,14825,5285,2022-02-03,Experian,725,5,
5286,14266,5286,2024-01-05,Equifax,726,0,
5287,8363,5287,2022-12-18,Experian,714,2,20
5288,9321,5288,2023-06-04,TransUnion,714,2,
5289,3721,5289,2021-08-16,Equifax,723,3,
5290,9164,5290,2021-04-13,Equifax,731,1,61
5291,10180,5291,2020-11-08,Equifax,678,4,
5292,1307,5292,2022-10-15,TransUnion,847,3,62
5293,13267,5293,2020-10-13,Experian,644,1,58
5294,5595,5294,2022-02-27,TransUnion,632,1,
5295,14373,5295,2020-09-11,Experian,630,5,15
5296,14812,5296,2022-04-23,Equifax,749,3,54
5297,2356,5297,2023-04-04,TransUnion,594,3,
5298,5888,5298,2022-09-14,Experian,604,0,
5299,7606,5299,2024-01-09,Experian,692,1,46
5300,5516,5300,2023-01-01,Equifax,644,1,
5301,9355,5301,2020-07-06,Equifax,706,1,13
5302,9178,5302,2023-04-24,Experian,705,0,
5303,12116,5303,2023-04-29,Experian,838,0,
5304,5796,5304,2023-05-08,Experian,685,4,45
5305,6043,5305,2023-01-05,TransUnion,723,3,70
5306,9455,5306,2020-07-26,Equifax,797,2,42
5307,1263,5307,2020-07-26,TransUnion,675,4,65
5308,4324,5308,2021-03-05,Experian,691,5,
5309,12808,5309,2023-11-29,Equifax,748,2,53
5310,2095,5310,2023-01-21,Experian,621,4,37
5311,2528,5311,2023-11-27,Experian,677,4,
5312,4694,5312,2024-05-10,Equifax,604,0,7
5313,7533,5313,2020-09-29,Equifax,712,3,
5314,6667,5314,2024-02-17,Experian,588,2,14
5315,10992,5315,2024-02-15,TransUnion,604,4,
5316,107,5316,2024-04-29,Experian,584,2,
5317,2352,5317,2020-03-11,Experian,745,5,
5318,12608,5318,2022-07-28,TransUnion,613,0,44
5319,3653,5319,2020-03-11,TransUnion,710,0,
5320,9817,5320,2023-03-29,Experian,704,4,8
5321,1097,5321,2022-08-15,TransUnion,725,4,35
5322,13079,5322,2024-03-11,Equifax,661,0,41
5323,13756,5323,2021-11-25,TransUnion,713,2,
5324,678,5324,2023-09-01,TransUnion,734,1,
5325,9283,5325,2022-07-17,TransUnion,678,2,51
5326,11674,5326,2021-07-21,Equifax,621,1,
5327,13144,5327,2022-01-21,Equifax,669,0,
5328,6495,5328,2020-04-16,TransUnion,587,3,
5329,11067,5329,2020-02-20,Experian,606,3,27
5330,11362,5330,2020-04-09,TransUnion,727,3,65
5331,7345,5331,2023-01-29,Experian,652,1,
5332,6991,5332,2022-08-03,Experian,766,4,
5333,12856,5333,2021-07-16,TransUnion,714,3,40
5334,4876,5334,2022-10-25,TransUnion,688,2,
5335,4745,5335,2024-02-25,Experian,740,2,
5336,12249,5336,2023-12-27,Experian,656,4,
5337,8817,5337,2022-11-08,TransUnion,721,2,46
5338,5184,5338,2023-03-03,Experian,689,3,34
5339,3754,5339,2023-11-17,Experian,697,4,56
5340,12532,5340,2022-02-03,Experian,715,1,
5341,6756,5341,2022-01-12,Experian,603,0,30
5342,9010,5342,2021-05-04,TransUnion,705,4,
5343,611,5343,2020-12-12,TransUnion,742,2,31
5344,7755,5344,2021-09-07,TransUnion,607,1,
5345,2283,5345,2023-11-13,Equifax,633,1,22
5346,12911,5346,2022-09-11,Equifax,684,0,
5347,3963,5347,2023-08-29,Experian,726,3,
5348,6617,5348,2022-05-19,Equifax,810,5,
5349,7412,5349,2024-05-07,TransUnion,723,3,
5350,6313,5350,2022-05-12,TransUnion,593,5,34
5351,13064,5351,2020-07-07,Equifax,706,3,
5352,703,5352,2023-02-17,Experian,694,5,
5353,9299,5353,2023-06-10,Equifax,655,0,
5354,3251,5354,2022-08-11,TransUnion,598,2,
5355,2290,5355,2024-04-16,Experian,583,3,
5356,7411,5356,2022-08-15,Equifax,720,0,
5357,13700,5357,2023-07-30,Equifax,664,3,
5358,336,5358,2022-11-09,Equifax,684,5,
5359,10945,5359,2021-12-22,Experian,629,2,
5360,5995,5360,2022-08-27,Experian,716,1,36
5361,13983,5361,2020-08-14,TransUnion,590,0,
5362,13610,5362,2023-10-22,Experian,707,4,
5363,3097,5363,2022-03-24,Experian,686,3,
5364,1849,5364,2022-03-13,Equifax,593,0,
5365,7195,5365,2023-12-16,Equifax,767,2,20
5366,3864,5366,2023-07-12,Experian,682,0,
5367,3582,5367,2021-12-27,TransUnion,597,0,
5368,855,5368,2024-03-07,Experian,730,5,
5369,2236,5369,2020-08-10,Equifax,707,4,
5370,10690,5370,2020-05-16,Equifax,710,3,29
5371,5371,5371,2020-05-19,TransUnion,729,3,31
5372,13835,5372,2021-01-01,Equifax,728,2,
5373,11371,5373,2023-12-01,Equifax,836,4,
5374,12560,5374,2021-11-26,TransUnion,715,3,27
5375,8013,5375,2023-09-24,Equifax,798,3,
5376,10068,5376,2022-06-22,TransUnion,616,3,40
5377,7372,5377,2023-11-21,Equifax,634,3,
5378,12190,5378,2021-11-10,Experian,845,2,62
5379,12102,5379,2023-10-09,Experian,683,5,61
5380,10959,5380,2022-06-20,Experian,718,4,
5381,6035,5381,2020-01-02,Equifax,711,5,
5382,127,5382,2020-12-23,TransUnion,745,4,
5383,13236,5383,2020-07-27,Experian,842,0,
5384,3293,5384,2024-01-07,Equifax,664,0,
5385,1467,5385,2020-04-27,TransUnion,653,2,
5386,4018,5386,2022-08-24,Equifax,729,0,
5387,2014,5387,2020-11-10,Experian,663,2,70
5388,12958,5388,2022-02-11,Equifax,693,5,
5389,6760,5389,2023-11-21,TransUnion,731,5,46
5390,12528,5390,2024-03-22,TransUnion,673,3,
5391,6602,5391,2021-09-13,Equifax,705,1,
5392,7487,5392,2020-12-25,Equifax,674,3,
5393,7872,5393,2021-06-02,TransUnion,648,3,
5394,4286,5394,2024-05-20,TransUnion,725,0,
5395,13873,5395,2021-03-16,Equifax,643,1,
5396,11504,5396,2020-03-07,Experian,706,1,38
5397,1651,5397,2021-05-13,Experian,589,3,45
5398,12423,5398,2021-02-19,TransUnion,635,2,
5399,7584,5399,2020-01-07,Equifax,587,1,71
5400,13579,5400,2022-04-27,Experian,630,3,37
5401,2840,5401,2020-01-11,TransUnion,720,2,
5402,4663,5402,2022-09-24,Equifax,708,0,46
5403,3513,5403,2021-05-11,Equifax,672,4,68
5404,11973,5404,2021-12-23,Experian,592,0,
5405,7980,5405,2021-01-31,Equifax,686,0,
5406,3870,5406,2024-05-22,Experian,700,1,
5407,5297,5407,2024-04-21,Equifax,684,1,15
5408,13633,5408,2020-09-15,Experian,783,4,
5409,12024,5409,2020-09-27,Experian,711,2,
5410,14869,5410,2024-01-01,Equifax,604,4,15
5411,10083,5411,2023-11-01,Equifax,654,3,24
5412,7157,5412,2023-04-18,TransUnion,749,2,
5413,9263,5413,2022-04-05,Experian,650,4,37
5414,12100,5414,2021-06-18,Equifax,625,4,46
5415,9131,5415,2023-07-07,TransUnion,600,1,43
5416,6867,5416,2022-01-14,TransUnion,641,5,33
5417,7944,5417,2023-04-10,TransUnion,813,2,
5418,248,5418,2021-10-22,Experian,712,1,
5419,6991,5419,2022-09-07,Experian,766,3,62
5420,7660,5420,2021-06-27,Experian,711,1,
5421,7756,5421,2022-03-12,Experian,663,3,
5422,6112,5422,2021-03-31,TransUnion,641,3,
5423,5294,5423,2023-02-12,Experian,705,5,46
5424,6108,5424,2022-06-07,Equifax,634,0,4
5425,6875,5425,2022-12-06,TransUnion,683,0,
5426,14009,5426,2021-10-13,TransUnion,632,0,39
5427,8737,5427,2023-02-07,TransUnion,637,3,
5428,3970,5428,2024-05-29,Experian,719,2,
5429,7682,5429,2020-08-31,Equifax,584,4,
5430,11514,5430,2022-07-14,TransUnion,608,2,23
5431,403,5431,2023-02-16,Equifax,620,2,29
5432,11967,5432,2020-07-10,Experian,726,4,
5433,8882,5433,2020-02-12,TransUnion,710,3,18
5434,2910,5434,2020-01-07,TransUnion,780,5,
5435,667,5435,2024-02-16,Experian,708,5,23
5436,2119,5436,2021-10-12,Experian,678,2,
5437,9164,5437,2020-01-15,TransUnion,731,4,
5438,5191,5438,2021-09-22,Experian,702,5,60
5439,5686,5439,2020-03-29,Experian,709,4,34
5440,2504,5440,2020-06-09,Equifax,616,5,
5441,4081,5441,2021-10-08,TransUnion,753,0,45
5442,10661,5442,2023-10-08,Equifax,713,3,
5443,7550,5443,2024-03-26,Experian,665,3,
5444,7532,5444,2022-12-04,Experian,737,2,54
5445,11535,5445,2022-05-08,TransUnion,735,3,
5446,14963,5446,2022-06-15,Experian,660,5,6
5447,11555,5447,2020-03-25,Equifax,586,2,19
5448,725,5448,2023-02-22,Experian,720,0,
5449,7461,5449,2021-11-15,Equifax,708,2,12
5450,8869,5450,2020-03-01,Experian,714,5,
5451,10485,5451,2021-04-10,Experian,738,2,
5452,5077,5452,2022-05-25,TransUnion,595,5,
5453,13024,5453,2021-11-14,Experian,658,2,
5454,9057,5454,2023-11-10,TransUnion,676,0,
5455,4642,5455,2022-10-02,TransUnion,702,3,
5456,2305,5456,2021-07-08,Experian,718,1,
5457,12487,5457,2022-09-17,TransUnion,716,1,
5458,8861,5458,2021-03-08,Experian,691,2,
5459,1974,5459,2022-05-15,Equifax,741,1,4
5460,6758,5460,2022-07-26,Experian,672,0,
5461,3811,5461,2023-03-08,Experian,588,4,64
5462,1998,5462,2024-02-02,Experian,742,1,
5463,13592,5463,2022-04-02,Equifax,762,4,58
5464,13973,5464,2020-12-31,TransUnion,702,3,8
5465,2234,5465,2020-08-08,Experian,713,4,14
5466,9956,5466,2023-09-18,Experian,731,1,19
5467,3599,5467,2020-12-26,TransUnion,677,4,33
5468,10317,5468,2022-09-23,TransUnion,792,3,71
5469,11515,5469,2022-03-02,Equifax,700,2,48
5470,5000,5470,2023-08-12,Equifax,650,0,
5471,12300,5471,2022-12-03,Equifax,825,2,
5472,7705,5472,2021-05-04,Experian,694,0,
5473,11877,5473,2022-07-20,Equifax,642,1,24
5474,5570,5474,2022-05-11,TransUnion,589,3,
5475,14838,5475,2022-06-10,Experian,693,4,41
5476,344,5476,2021-06-02,Equifax,850,0,10
5477,14946,5477,2022-04-15,TransUnion,772,0,
5478,9097,5478,2020-08-28,TransUnion,692,3,43
5479,4855,5479,2021-12-12,Equifax,733,2,
5480,655,5480,2022-08-28,TransUnion,700,4,10
5481,6656,5481,2023-06-18,TransUnion,746,0,
5482,9339,5482,2020-11-16,TransUnion,760,3,
5483,9852,5483,2024-03-18,Experian,794,5,
5484,6681,5484,2024-04-04,Equifax,609,2,
5485,6794,5485,2022-02-17,Equifax,689,5,
5486,11613,5486,2022-09-27,TransUnion,720,1,
5487,7840,5487,2021-07-26,Equifax,723,4,
5488,7255,5488,2020-07-09,TransUnion,721,5,
5489,4122,5489,2021-05-13,Equifax,645,4,
5490,4990,5490,2021-10-22,Equifax,632,3,19
5491,12816,5491,2020-06-11,TransUnion,650,5,
5492,696,5492,2023-08-12,Experian,828,4,15
5493,5397,5493,2020-02-04,TransUnion,719,1,40
5494,14137,5494,2021-04-20,Experian,815,3,
5495,5694,5495,2020-06-27,Equifax,715,3,
5496,2208,5496,2021-01-08,Equifax,648,0,66
5497,13755,5497,2023-05-06,Experian,787,2,
5498,4689,5498,2020-10-20,Equifax,677,5,
5499,7843,5499,2020-02-02,Experian,691,1,
5500,1192,5500,2022-05-12,Experian,687,0,
5501,6075,5501,2020-04-10,TransUnion,689,2,
5502,12356,5502,2021-03-12,TransUnion,635,2,
5503,9521,5503,2024-02-03,Experian,796,5,
5504,10464,5504,2024-03-12,TransUnion,643,0,
5505,2716,5505,2020-04-01,TransUnion,739,4,
5506,14860,5506,2020-05-23,TransUnion,799,1,
5507,3068,5507,2020-04-15,Experian,741,3,10
5508,13493,5508,2020-05-08,Equifax,714,5,31
5509,4321,5509,2020-01-09,Experian,741,1,
5510,116,5510,2021-09-09,Equifax,675,0,65
5511,13574,5511,2020-11-23,TransUnion,585,4,20
5512,785,5512,2024-05-27,TransUnion,664,2,
5513,7048,5513,2020-05-15,Experian,633,2,
5514,5983,5514,2023-12-07,Equifax,729,5,
5515,14081,5515,2022-06-21,Experian,778,4,
5516,8273,5516,2022-09-14,Equifax,657,1,61
5517,13259,5517,2021-06-06,Experian,627,1,
5518,10356,5518,2020-05-24,Equifax,733,4,
5519,1046,5519,2021-07-22,Experian,747,0,
5520,6199,5520,2023-08-04,TransUnion,846,5,
5521,9067,5521,2021-08-10,TransUnion,726,2,
5522,5886,5522,2022-05-20,Equifax,605,5,43
5523,14677,5523,2023-08-29,TransUnion,694,4,
5524,12244,5524,2023-08-26,Equifax,720,3,
5525,6417,5525,2022-12-02,Equifax,744,1,
5526,10470,5526,2020-04-10,TransUnion,717,5,
5527,6692,5527,2022-11-19,Equifax,806,5,
5528,6839,5528,2021-05-30,Equifax,652,4,
5529,10944,5529,2021-09-29,TransUnion,720,0,
5530,750,5530,2020-05-05,Equifax,673,4,
5531,1524,5531,2021-10-11,TransUnion,664,2,
5532,4174,5532,2022-12-27,TransUnion,606,0,54
5533,1980,5533,2023-03-09,TransUnion,756,4,68
5534,950,5534,2023-12-26,TransUnion,602,5,40
5535,739,5535,2021-06-30,Experian,585,2,42
5536,23,5536,2023-01-14,TransUnion,824,1,38
5537,2607,5537,2021-01-13,TransUnion,766,0,
5538,9260,5538,2023-11-02,Equifax,708,1,
5539,13742,5539,2021-08-15,Equifax,809,3,
5540,13492,5540,2024-04-28,Equifax,727,5,
5541,1053,5541,2022-09-18,Experian,844,0,12
5542,7452,5542,2021-06-19,Equifax,705,4,
5543,12161,5543,2023-07-05,Experian,669,2,66
5544,12168,5544,2020-05-08,Experian,739,0,
5545,11652,5545,2020-01-14,Experian,595,3,
5546,13744,5546,2021-10-13,TransUnion,646,2,
5547,13016,5547,2020-08-25,Equifax,745,0,
5548,7533,5548,2024-05-30,TransUnion,712,0,35
5549,13279,5549,2021-01-06,Equifax,617,0,56
5550,12680,5550,2020-05-23,TransUnion,602,3,
5551,13938,5551,2020-09-11,TransUnion,737,1,44
5552,3091,5552,2021-08-02,Equifax,827,2,
5553,13374,5553,2023-03-13,Experian,650,1,16
5554,3199,5554,2022-10-27,Equifax,762,2,
5555,5763,5555,2021-08-26,TransUnion,836,5,
5556,7875,5556,2023-12-30,Experian,707,4,
5557,13871,5557,2020-01-28,TransUnion,834,4,17
5558,9294,5558,2022-06-10,Equifax,822,0,52
5559,9377,5559,2023-09-05,TransUnion,721,0,
5560,7321,5560,2020-07-25,Experian,585,1,
5561,11660,5561,2023-03-22,Experian,714,4,51
5562,1775,5562,2020-10-27,Equifax,832,2,
5563,2040,5563,2020-10-12,TransUnion,740,2,
5564,5720,5564,2022-02-06,TransUnion,720,2,
5565,1436,5565,2021-02-14,Equifax,711,0,56
5566,10719,5566,2023-09-23,Experian,710,2,35
5567,65,5567,2023-01-15,TransUnion,834,4,
5568,5499,5568,2020-11-03,TransUnion,747,4,
5569,7614,5569,2021-06-23,Equifax,658,5,
5570,5930,5570,2020-04-29,TransUnion,737,2,18
5571,14430,5571,2023-02-11,Experian,585,1,14
5572,8387,5572,2020-02-28,Experian,785,0,58
5573,11162,5573,2021-06-26,Experian,744,5,
5574,12623,5574,2020-05-28,Experian,664,5,
5575,453,5575,2020-09-14,Equifax,745,3,49
5576,8576,5576,2024-01-30,TransUnion,660,1,
5577,12493,5577,2021-12-02,Experian,824,1,
5578,7485,5578,2021-09-24,Experian,732,0,
5579,14912,5579,2020-09-19,Equifax,812,5,47
5580,6460,5580,2020-09-18,Equifax,745,5,
5581,12970,5581,2021-02-28,TransUnion,766,0,
5582,3295,5582,2020-01-14,Equifax,714,1,22
5583,3206,5583,2023-04-06,TransUnion,719,2,
5584,4083,5584,2020-07-31,Equifax,603,3,
5585,6284,5585,2023-11-10,Experian,583,0,
5586,9657,5586,2021-03-13,Experian,706,4,14
5587,10388,5587,2023-03-11,TransUnion,694,4,
5588,10507,5588,2023-04-26,Equifax,676,2,6
5589,5018,5589,2021-09-29,TransUnion,602,0,
5590,51,5590,2022-11-28,Experian,728,2,
5591,11956,5591,2020-02-19,Equifax,711,2,63
5592,12657,5592,2020-11-27,Experian,634,5,
5593,9986,5593,2022-08-06,Equifax,718,5,7
5594,13813,5594,2021-12-02,Experian,680,3,66
5595,4965,5595,2023-08-07,TransUnion,675,0,27
5596,14137,5596,2023-10-31,TransUnion,815,4,34
5597,2531,5597,2023-07-21,Experian,697,4,
5598,10629,5598,2021-02-02,TransUnion,627,1,
5599,7152,5599,2020-06-01,Equifax,715,3,33
5600,3911,5600,2020-11-08,Equifax,600,5,23
5601,3003,5601,2021-04-27,Equifax,676,3,
5602,3868,5602,2024-04-03,Experian,765,2,
5603,11472,5603,2023-11-16,Equifax,695,2,
5604,7466,5604,2021-05-30,Experian,734,5,
5605,12687,5605,2020-12-07,Experian,700,0,
5606,5071,5606,2021-12-13,Experian,727,2,
5607,981,5607,2021-12-19,Equifax,621,1,59
5608,8390,5608,2024-02-23,Equifax,712,0,
5609,12888,5609,2022-07-31,TransUnion,807,1,
5610,10591,5610,2022-09-13,TransUnion,746,2,42
5611,221,5611,2023-12-16,Experian,617,0,
5612,6607,5612,2021-03-03,TransUnion,703,0,
5613,8809,5613,2020-01-14,Experian,834,0,
5614,12851,5614,2022-05-07,Equifax,740,2,
5615,12608,5615,2023-04-10,Experian,613,4,
5616,11443,5616,2024-03-17,Equifax,738,0,
5617,9978,5617,2021-12-23,Experian,646,4,
5618,8935,5618,2022-10-26,Equifax,635,4,
5619,7764,5619,2021-07-28,Equifax,750,5,
5620,12796,5620,2021-05-10,TransUnion,730,5,59
5621,3144,5621,2020-03-09,Experian,776,2,
5622,661,5622,2023-12-01,Experian,717,4,46
5623,2316,5623,2020-09-30,TransUnion,784,5,60
5624,8276,5624,2022-01-03,Experian,737,4,
5625,5027,5625,2022-12-26,TransUnion,731,4,
5626,12087,5626,2022-11-28,Experian,740,4,71
5627,7321,5627,2023-08-03,TransUnion,585,2,
5628,9580,5628,2020-03-11,Experian,598,5,
5629,10813,5629,2022-05-30,TransUnion,833,4,12
5630,8896,5630,2020-04-24,TransUnion,725,5,29
5631,1187,5631,2022-10-02,TransUnion,725,1,
5632,4430,5632,2023-08-06,Equifax,687,4,56
5633,6076,5633,2021-09-15,Experian,738,3,
5634,4102,5634,2022-12-29,Equifax,742,2,
5635,11998,5635,2023-10-09,Equifax,709,2,
5636,11684,5636,2021-03-13,Experian,629,3,
5637,10732,5637,2021-05-27,Equifax,592,5,47
5638,4714,5638,2024-05-05,Equifax,664,4,
5639,14759,5639,2024-04-07,Equifax,668,3,31
5640,5879,5640,2022-05-19,Equifax,687,2,
5641,13317,5641,2022-09-26,Equifax,604,1,
5642,8410,5642,2020-10-18,Equifax,784,0,
5643,1841,5643,2022-07-06,Equifax,818,5,33
5644,963,5644,2024-04-06,Equifax,683,5,8
5645,7141,5645,2020-12-20,Equifax,661,0,39
5646,10943,5646,2023-06-30,Equifax,826,3,10
5647,13226,5647,2024-04-22,Equifax,834,3,
5648,801,5648,2023-02-18,TransUnion,677,3,17
5649,12428,5649,2021-02-23,TransUnion,737,0,
5650,9360,5650,2022-05-06,Equifax,582,2,32
5651,9045,5651,2021-05-29,Experian,821,1,
5652,5487,5652,2022-09-09,Experian,623,0,
5653,11103,5653,2022-03-10,Equifax,626,2,14
5654,5019,5654,2024-03-08,TransUnion,655,1,
5655,11128,5655,2021-05-03,Equifax,692,5,
5656,388,5656,2020-09-04,Experian,595,1,
5657,13348,5657,2020-01-07,TransUnion,609,5,
5658,5624,5658,2021-08-10,Equifax,840,3,
5659,1496,5659,2024-02-20,TransUnion,609,4,52
5660,7768,5660,2021-10-03,TransUnion,679,5,35
5661,1787,5661,2024-01-16,Experian,606,3,
5662,3580,5662,2021-09-26,Equifax,706,5,23
5663,12628,5663,2021-12-06,TransUnion,640,4,
5664,14268,5664,2022-03-12,TransUnion,734,2,39
5665,1147,5665,2021-05-20,Equifax,691,4,23
5666,10846,5666,2021-12-20,TransUnion,588,2,
5667,4233,5667,2022-09-27,Equifax,821,3,
5668,9477,5668,2024-04-26,TransUnion,688,1,
5669,2290,5669,2022-12-27,Equifax,583,0,
5670,9237,5670,2021-07-12,Experian,712,3,20
5671,10394,5671,2020-08-06,Equifax,696,5,
5672,5257,5672,2023-06-12,TransUnion,632,5,58
5673,8180,5673,2021-01-01,Equifax,692,5,
5674,1643,5674,2024-02-28,Equifax,730,2,
5675,4135,5675,2022-02-10,Experian,663,2,38
5676,1173,5676,2020-09-21,TransUnion,649,1,
5677,14330,5677,2022-12-18,Equifax,794,2,25
5678,5196,5678,2022-05-06,Equifax,829,4,
5679,9418,5679,2021-07-05,Equifax,727,5,
5680,9288,5680,2020-01-05,Experian,737,5,
5681,5699,5681,2021-06-01,Experian,845,4,49
5682,10135,5682,2020-01-15,Experian,773,1,6
5683,4654,5683,2022-05-09,Experian,747,0,49
5684,6463,5684,2022-11-18,Experian,713,4,
5685,11289,5685,2022-11-07,Experian,773,5,68
5686,13594,5686,2022-01-07,Experian,826,3,63
5687,8577,5687,2020-01-23,Equifax,723,2,64
5688,11063,5688,2023-12-09,Equifax,740,2,38
5689,13011,5689,2022-10-10,TransUnion,594,1,
5690,1215,5690,2022-10-11,Equifax,690,0,
5691,538,5691,2021-05-09,Experian,786,0,49
5692,11216,5692,2023-03-08,TransUnion,760,0,
5693,9530,5693,2020-07-16,Experian,613,1,10
5694,13618,5694,2021-09-25,Equifax,714,5,
5695,3774,5695,2021-01-25,Equifax,731,3,
5696,3406,5696,2021-07-14,Equifax,730,4,
5697,6039,5697,2020-02-23,Experian,734,2,
5698,11667,5698,2023-12-05,Experian,814,0,
5699,6850,5699,2022-09-22,Experian,794,0,
5700,762,5700,2021-04-23,TransUnion,613,1,
5701,10566,5701,2024-04-06,Experian,733,3,42
5702,9096,5702,2022-12-08,TransUnion,832,2,
5703,14167,5703,2022-09-25,TransUnion,690,2,
5704,13579,5704,2020-03-13,Equifax,630,0,
5705,8312,5705,2021-01-13,Equifax,651,4,
5706,3298,5706,2022-06-09,TransUnion,729,0,19
5707,5220,5707,2021-07-03,Experian,733,4,
5708,3613,5708,2020-04-13,TransUnion,739,0,22
5709,13175,5709,2023-10-12,Equifax,716,3,
5710,11535,5710,2021-11-01,TransUnion,735,4,49
5711,2426,5711,2022-10-16,Experian,639,1,33
5712,10976,5712,2021-04-11,Experian,817,1,19
5713,3198,5713,2022-10-12,Experian,594,3,27
5714,14485,5714,2020-11-22,Experian,593,0,
5715,13714,5715,2022-04-16,Equifax,675,4,
5716,4349,5716,2023-08-21,Experian,679,1,64
5717,7650,5717,2021-07-27,Equifax,788,3,
5718,4074,5718,2023-05-17,TransUnion,720,0,62
5719,11019,5719,2023-05-14,TransUnion,611,2,65
5720,2169,5720,2022-08-16,TransUnion,735,3,44
5721,7514,5721,2021-01-03,Experian,727,3,
5722,2551,5722,2021-12-03,Experian,719,4,
5723,2739,5723,2024-03-16,Equifax,586,2,
5724,720,5724,2022-06-05,TransUnion,730,0,61
5725,12341,5725,2021-05-27,Equifax,696,3,67
5726,13647,5726,2021-11-04,Equifax,850,2,
5727,14287,5727,2023-05-17,Experian,711,1,
5728,1579,5728,2022-07-14,Experian,664,3,11
5729,2520,5729,2022-06-11,Equifax,722,5,
5730,6868,5730,2020-07-27,Equifax,831,4,
5731,7549,5731,2022-10-19,Experian,670,5,
5732,14021,5732,2024-02-20,TransUnion,720,4,15
5733,7967,5733,2020-11-07,Equifax,704,3,
5734,7901,5734,2020-09-13,Equifax,718,5,12
5735,2566,5735,2024-04-25,TransUnion,628,2,57
5736,13573,5736,2021-10-22,Experian,716,5,
5737,5724,5737,2023-11-01,Experian,683,2,
5738,12438,5738,2022-08-15,Experian,699,0,8
5739,6052,5739,2021-07-20,Equifax,733,1,
5740,12177,5740,2023-10-06,Experian,828,1,65
5741,3422,5741,2023-07-05,Equifax,615,1,54
5742,10032,5742,2023-04-25,TransUnion,727,5,32
5743,4162,5743,2021-01-06,TransUnion,795,3,
5744,5006,5744,2020-10-30,TransUnion,642,3,
5745,14233,5745,2022-09-22,Equifax,740,4,
5746,3546,5746,2022-07-17,TransUnion,683,3,
5747,13653,5747,2021-10-16,Experian,743,0,12
5748,11626,5748,2020-03-30,Equifax,714,1,20
5749,13579,5749,2021-06-22,Equifax,630,0,
5750,3684,5750,2023-11-13,Experian,725,1,
5751,13255,5751,2023-03-19,TransUnion,675,2,
5752,4498,5752,2024-02-23,Equifax,737,2,
5753,6468,5753,2023-12-30,Experian,663,1,15
5754,6603,5754,2023-05-14,Experian,680,3,
5755,14896,5755,2023-06-03,TransUnion,692,2,62
5756,6498,5756,2022-11-01,TransUnion,739,2,
5757,505,5757,2020-01-02,Equifax,695,3,43
5758,10042,5758,2023-07-21,Experian,778,1,
5759,4252,5759,2021-10-16,TransUnion,837,3,
5760,3946,5760,2024-05-04,TransUnion,720,3,
5761,11021,5761,2022-06-28,Experian,722,0,
5762,13106,5762,2022-10-01,TransUnion,645,0,31
5763,12286,5763,2021-09-11,TransUnion,717,4,
5764,1729,5764,2024-04-25,Experian,684,0,
5765,766,5765,2021-11-06,Equifax,734,3,
5766,13569,5766,2022-07-22,Experian,627,0,
5767,6422,5767,2022-02-10,Experian,748,4,30
5768,11184,5768,2022-08-31,Experian,647,5,
5769,5559,5769,2020-04-27,TransUnion,654,0,
5770,1583,5770,2023-11-14,TransUnion,760,4,
5771,3664,5771,2020-10-17,Equifax,775,3,
5772,10229,5772,2021-04-16,Equifax,660,3,50
5773,5621,5773,2021-04-12,Equifax,632,5,
5774,5069,5774,2022-09-20,Experian,695,0,
5775,11834,5775,2022-12-08,TransUnion,675,2,
5776,161,5776,2020-01-19,TransUnion,718,1,
5777,3566,5777,2023-09-25,Equifax,815,1,22
5778,5141,5778,2022-06-18,Equifax,847,2,56
5779,13464,5779,2022-08-13,Equifax,580,2,
5780,7542,5780,2020-09-01,Experian,607,2,40
5781,44,5781,2021-09-16,Equifax,662,4,
5782,1708,5782,2021-04-01,TransUnion,811,5,40
5783,673,5783,2021-11-13,Equifax,623,2,6
5784,6875,5784,2022-08-03,Equifax,683,3,
5785,5574,5785,2023-07-07,Equifax,723,3,
5786,10359,5786,2023-09-19,Experian,755,3,5
5787,9713,5787,2022-06-24,TransUnion,665,4,
5788,8966,5788,2020-04-23,Equifax,715,5,
5789,12267,5789,2021-01-28,Equifax,619,3,14
5790,6620,5790,2023-04-27,Equifax,779,0,62
5791,3124,5791,2021-09-19,Equifax,773,2,
5792,13063,5792,2022-10-07,TransUnion,634,1,28
5793,3955,5793,2022-04-12,TransUnion,606,4,
5794,11515,5794,2024-03-17,Experian,700,2,12
5795,14491,5795,2023-08-11,TransUnion,760,5,
5796,4209,5796,2021-12-14,Experian,612,1,27
5797,12316,5797,2022-07-31,Equifax,733,4,
5798,12260,5798,2023-01-07,Experian,658,0,
5799,14818,5799,2023-10-26,Equifax,602,2,
5800,10912,5800,2022-08-21,Equifax,661,2,
5801,5369,5801,2021-04-20,TransUnion,682,4,46
5802,1803,5802,2022-01-11,Equifax,715,5,36
5803,7937,5803,2021-03-13,TransUnion,646,3,
5804,8013,5804,2021-02-06,Equifax,798,3,38
5805,4760,5805,2023-11-08,Experian,651,4,
5806,2648,5806,2023-08-04,Equifax,730,5,38
5807,8984,5807,2023-10-22,Experian,699,0,
5808,10382,5808,2020-01-03,Equifax,720,2,
5809,11852,5809,2024-01-21,Equifax,671,2,
5810,4750,5810,2023-04-11,TransUnion,709,5,
5811,6950,5811,2021-07-04,Experian,737,3,10
5812,20,5812,2022-08-23,Experian,741,1,
5813,3454,5813,2023-06-11,Experian,738,3,
5814,12267,5814,2023-08-30,Equifax,619,2,
5815,4307,5815,2020-01-13,TransUnion,713,5,25
5816,4078,5816,2024-01-27,TransUnion,704,1,64
5817,4980,5817,2020-10-13,Experian,701,4,67
5818,7936,5818,2024-02-14,TransUnion,682,4,
5819,11246,5819,2020-05-03,Equifax,748,3,
5820,4861,5820,2021-07-23,Equifax,634,2,29
5821,7655,5821,2023-03-14,Equifax,631,4,31
5822,499,5822,2021-10-20,Experian,705,0,
5823,13478,5823,2021-06-17,Experian,795,2,
5824,871,5824,2020-07-23,TransUnion,766,2,69
5825,1724,5825,2023-08-01,TransUnion,657,5,
5826,10498,5826,2024-02-26,TransUnion,664,4,68
5827,13884,5827,2023-12-26,Equifax,738,0,71
5828,10601,5828,2022-03-29,TransUnion,721,4,58
5829,7263,5829,2024-04-10,Equifax,720,1,
5830,1803,5830,2022-07-08,Experian,715,2,
5831,8786,5831,2021-04-27,TransUnion,740,5,
5832,7122,5832,2023-09-24,Equifax,815,0,67
5833,2853,5833,2023-05-06,TransUnion,730,1,29
5834,13947,5834,2023-08-06,TransUnion,707,3,
5835,6888,5835,2022-08-23,Experian,684,2,31
5836,9150,5836,2023-01-23,Equifax,585,0,
5837,10609,5837,2022-11-09,Experian,611,5,
5838,5632,5838,2021-08-03,Equifax,725,2,
5839,14818,5839,2020-08-03,Experian,602,5,47
5840,9267,5840,2024-03-04,Experian,777,0,
5841,8946,5841,2022-02-22,Equifax,694,3,
5842,990,5842,2020-06-25,Experian,586,5,70
5843,6564,5843,2024-02-18,TransUnion,694,3,
5844,9229,5844,2021-08-26,Equifax,721,3,
5845,3864,5845,2021-10-25,TransUnion,682,4,
5846,10724,5846,2022-03-22,Equifax,679,0,
5847,13991,5847,2022-08-24,Experian,766,1,35
5848,3454,5848,2022-05-25,Equifax,738,4,
5849,7323,5849,2020-12-27,Experian,643,3,
5850,299,5850,2023-11-04,Experian,699,3,24
5851,2056,5851,2022-02-15,Experian,732,4,
5852,1624,5852,2020-11-28,TransUnion,642,5,
5853,6897,5853,2021-10-14,Equifax,737,2,
5854,5957,5854,2021-10-08,Equifax,740,4,42
5855,6848,5855,2020-09-06,Experian,696,3,
5856,12677,5856,2022-08-26,Experian,643,2,20
5857,7086,5857,2021-11-21,Experian,672,3,
5858,10340,5858,2023-06-28,Experian,657,5,41
5859,13355,5859,2023-07-22,TransUnion,648,1,67
5860,2090,5860,2023-04-26,TransUnion,715,3,22
5861,7369,5861,2022-04-04,Experian,845,5,47
5862,5186,5862,2023-07-06,Experian,695,1,55
5863,5139,5863,2020-12-04,TransUnion,718,3,52
5864,1636,5864,2021-09-28,Experian,612,3,20
5865,9412,5865,2022-03-25,Experian,744,1,7
5866,9302,5866,2020-11-13,Equifax,727,5,
5867,8769,5867,2021-03-07,TransUnion,803,4,
5868,6859,5868,2023-08-06,Equifax,741,3,
5869,11928,5869,2024-01-30,TransUnion,716,3,69
5870,4832,5870,2021-09-02,Experian,660,0,
5871,1487,5871,2021-06-10,TransUnion,663,1,
5872,10220,5872,2021-05-29,TransUnion,673,2,44
5873,10251,5873,2022-11-22,Equifax,612,3,61
5874,10690,5874,2020-02-10,TransUnion,710,5,
5875,4744,5875,2022-03-24,TransUnion,616,4,
5876,2141,5876,2020-05-07,Experian,766,1,3
5877,7774,5877,2022-07-26,TransUnion,748,2,68
5878,4336,5878,2020-03-17,Experian,700,1,
5879,10719,5879,2021-01-27,Experian,710,5,15
5880,5408,5880,2021-10-10,Equifax,804,5,
5881,3040,5881,2023-04-17,TransUnion,688,1,
5882,5515,5882,2022-05-25,Experian,696,1,55
5883,7835,5883,2022-04-04,TransUnion,746,5,
5884,14732,5884,2020-09-08,Equifax,593,1,
5885,5866,5885,2020-09-23,Equifax,707,4,
5886,9199,5886,2020-12-20,TransUnion,705,2,47
5887,12627,5887,2023-01-10,Experian,698,5,60
5888,1366,5888,2022-10-21,Experian,666,1,
5889,2533,5889,2023-04-17,Experian,703,2,24
5890,12835,5890,2024-04-15,Equifax,820,0,
5891,740,5891,2023-02-19,Experian,657,4,
5892,794,5892,2022-01-21,TransUnion,627,5,
5893,13436,5893,2022-01-30,Experian,609,3,
5894,10599,5894,2021-08-12,Equifax,625,3,
5895,7132,5895,2020-09-14,Equifax,731,4,
5896,9829,5896,2022-10-03,TransUnion,771,2,
5897,7108,5897,2023-05-21,Experian,700,3,
5898,9163,5898,2023-11-21,Experian,699,1,43
5899,3146,5899,2020-07-02,Experian,806,4,
5900,4716,5900,2023-12-13,Experian,744,1,48
5901,8549,5901,2022-04-01,Experian,687,2,
5902,11942,5902,2022-01-15,Experian,724,0,
5903,1124,5903,2023-12-09,Equifax,676,1,
5904,2860,5904,2023-05-18,Experian,725,0,
5905,9711,5905,2021-04-21,Equifax,674,3,25
5906,2358,5906,2020-06-14,Equifax,585,4,
5907,835,5907,2021-02-15,Equifax,846,2,
5908,6544,5908,2021-01-17,TransUnion,585,3,33
5909,13753,5909,2021-02-25,TransUnion,663,1,
5910,12432,5910,2020-08-30,Experian,717,1,
5911,2001,5911,2021-03-21,Equifax,712,2,
5912,1131,5912,2021-10-14,Equifax,588,0,51
5913,2533,5913,2022-05-12,Equifax,703,5,
5914,6609,5914,2023-02-20,Experian,729,3,
5915,344,5915,2021-04-19,Equifax,850,1,
5916,12681,5916,2023-10-02,Experian,844,4,6
5917,7028,5917,2021-12-17,Experian,724,5,
5918,6624,5918,2021-02-19,Experian,598,0,56
5919,11418,5919,2021-02-01,Equifax,660,2,49
5920,8634,5920,2023-01-09,TransUnion,692,3,
5921,8840,5921,2022-04-21,TransUnion,728,2,
5922,2090,5922,2020-04-02,Experian,715,2,46
5923,10758,5923,2020-03-25,TransUnion,641,3,
5924,10362,5924,2022-01-10,Equifax,742,5,
5925,3753,5925,2020-01-25,TransUnion,805,2,
5926,388,5926,2024-03-24,TransUnion,595,5,
5927,10593,5927,2023-05-22,Equifax,746,2,
5928,12513,5928,2021-02-16,Experian,703,2,47
5929,12500,5929,2022-11-16,Experian,680,5,
5930,6334,5930,2022-12-23,Equifax,704,0,
5931,8584,5931,2024-05-03,Experian,582,4,36
5932,13124,5932,2020-10-20,Equifax,633,0,
5933,11310,5933,2020-11-22,TransUnion,745,3,
5934,9940,5934,2022-10-01,Experian,643,1,
5935,11975,5935,2021-05-20,TransUnion,723,5,57
5936,13014,5936,2022-11-01,TransUnion,609,0,69
5937,10116,5937,2020-08-03,Equifax,744,4,
5938,12325,5938,2020-12-05,Experian,766,2,
5939,14358,5939,2024-02-17,Experian,717,3,
5940,13297,5940,2022-08-01,TransUnion,679,1,
5941,1711,5941,2020-12-21,Equifax,673,2,
5942,9037,5942,2022-06-22,TransUnion,687,2,31
5943,9354,5943,2022-04-16,Experian,757,5,
5944,13022,5944,2023-11-09,TransUnion,701,1,
5945,5130,5945,2022-10-02,Experian,629,5,
5946,13570,5946,2022-12-24,Equifax,814,5,
5947,6634,5947,2020-03-04,Equifax,673,0,
5948,7763,5948,2021-01-16,Experian,589,4,9
5949,14034,5949,2022-10-28,TransUnion,807,5,37
5950,5516,5950,2021-02-02,TransUnion,644,1,20
5951,646,5951,2024-02-11,TransUnion,584,4,
5952,5186,5952,2020-05-07,Equifax,695,5,
5953,6887,5953,2022-02-05,TransUnion,658,4,
5954,10856,5954,2020-10-05,TransUnion,587,2,
5955,2947,5955,2020-06-17,TransUnion,811,4,54
5956,12447,5956,2021-03-06,Experian,747,5,
5957,13784,5957,2023-02-21,Experian,844,2,19
5958,5027,5958,2020-12-28,Experian,731,3,
5959,5992,5959,2022-02-10,Experian,765,5,62
5960,8382,5960,2020-10-05,TransUnion,595,4,
5961,9552,5961,2021-07-24,Experian,776,2,19
5962,9952,5962,2021-11-24,TransUnion,670,3,
5963,4692,5963,2021-12-06,TransUnion,585,1,
5964,11727,5964,2023-07-05,Equifax,580,2,15
5965,5468,5965,2022-04-04,Experian,647,3,
5966,14900,5966,2021-05-15,Experian,715,0,
5967,9871,5967,2023-12-28,Experian,731,3,33
5968,6996,5968,2020-01-11,TransUnion,677,3,68
5969,10620,5969,2024-05-12,Equifax,757,1,
5970,10430,5970,2022-09-19,TransUnion,741,2,
5971,13167,5971,2024-04-29,Experian,696,3,
5972,8297,5972,2023-07-05,Experian,710,3,70
5973,5775,5973,2021-05-07,TransUnion,721,0,
5974,12409,5974,2020-04-18,TransUnion,587,5,64
5975,7470,5975,2022-05-10,Experian,688,4,67
5976,14297,5976,2021-10-19,Equifax,597,2,
5977,8829,5977,2024-04-29,TransUnion,615,2,4
5978,11264,5978,2021-01-20,Experian,742,3,
5979,9242,5979,2022-07-14,Equifax,706,2,
5980,9592,5980,2020-11-18,Experian,712,0,54
5981,11050,5981,2022-06-10,Experian,722,2,
5982,9940,5982,2020-04-30,Experian,643,1,
5983,931,5983,2020-04-26,Experian,658,4,
5984,10072,5984,2022-04-23,Equifax,736,3,69
5985,7015,5985,2022-07-05,Equifax,732,2,18
5986,1331,5986,2022-06-29,TransUnion,748,4,13
5987,8001,5987,2020-08-22,Experian,724,5,
5988,10552,5988,2022-10-11,TransUnion,678,3,37
5989,4315,5989,2021-05-23,Experian,727,3,
5990,14564,5990,2024-01-28,Experian,790,0,
5991,547,5991,2022-01-05,TransUnion,816,1,
5992,7412,5992,2020-06-11,Experian,723,4,54
5993,543,5993,2020-08-24,TransUnion,698,4,
5994,7313,5994,2020-03-14,TransUnion,714,1,
5995,12477,5995,2020-01-08,TransUnion,626,1,
5996,5870,5996,2021-07-16,Experian,760,3,59
5997,1616,5997,2021-11-20,TransUnion,739,4,
5998,9514,5998,2023-09-05,Equifax,800,0,58
5999,6303,5999,2023-09-30,TransUnion,775,1,8
6000,12750,6000,2020-01-30,TransUnion,727,2,21
6001,7964,6001,2022-09-27,TransUnion,685,5,
6002,5982,6002,2020-10-21,Equifax,807,2,
6003,12813,6003,2022-11-05,Equifax,740,3,
6004,3435,6004,2021-03-23,TransUnion,713,0,
6005,9405,6005,2020-05-09,Equifax,706,2,
6006,13296,6006,2021-02-08,TransUnion,780,5,44
6007,3438,6007,2020-05-15,Equifax,580,5,
6008,11558,6008,2020-08-24,TransUnion,706,2,55
6009,499,6009,2020-08-28,Equifax,705,0,
6010,11372,6010,2024-01-19,Experian,581,0,43
6011,13085,6011,2020-06-25,TransUnion,801,1,
6012,3209,6012,2022-12-03,TransUnion,757,0,29
6013,7307,6013,2023-03-24,Equifax,737,0,69
6014,8286,6014,2021-05-11,Experian,785,1,
6015,5060,6015,2023-08-14,TransUnion,656,3,12
6016,6160,6016,2023-02-27,TransUnion,674,5,
6017,2496,6017,2022-06-03,Equifax,701,0,
6018,3556,6018,2021-08-16,Equifax,747,2,22
6019,2507,6019,2023-12-26,Experian,646,4,
6020,6343,6020,2022-04-15,Experian,783,1,
6021,12190,6021,2021-08-03,TransUnion,845,1,17
6022,10175,6022,2021-07-25,Experian,673,2,8
6023,14181,6023,2021-10-19,Experian,708,5,
6024,11135,6024,2020-03-31,TransUnion,803,0,65
6025,13613,6025,2021-11-24,TransUnion,683,3,
6026,1675,6026,2023-10-02,Equifax,584,0,14
6027,4019,6027,2023-03-18,Experian,584,1,48
6028,14967,6028,2020-12-27,TransUnion,611,2,
6029,6327,6029,2024-03-19,Experian,634,3,
6030,14339,6030,2024-02-02,TransUnion,621,1,
6031,362,6031,2023-08-29,TransUnion,716,2,35
6032,2601,6032,2022-08-13,Equifax,614,2,
6033,1879,6033,2020-01-16,TransUnion,837,3,
6034,12131,6034,2023-01-07,TransUnion,691,5,
6035,1314,6035,2023-08-07,TransUnion,721,5,
6036,14187,6036,2021-07-22,TransUnion,696,5,62
6037,6087,6037,2021-11-14,Experian,822,5,
6038,926,6038,2020-10-03,TransUnion,739,0,51
6039,8194,6039,2020-11-24,TransUnion,690,0,
6040,13849,6040,2024-01-15,Experian,751,2,
6041,14081,6041,2023-04-24,Experian,778,2,23
6042,7939,6042,2023-02-20,TransUnion,665,1,46
6043,10978,6043,2022-11-08,Experian,763,5,
6044,3995,6044,2020-08-25,Experian,729,2,4
6045,10675,6045,2020-08-27,Experian,617,5,
6046,4429,6046,2023-03-11,Experian,726,2,37
6047,1607,6047,2024-01-11,Experian,664,4,49
6048,4868,6048,2021-10-14,Experian,667,0,
6049,4964,6049,2022-03-08,TransUnion,754,0,
6050,2648,6050,2023-11-19,Experian,730,5,35
6051,5664,6051,2024-01-07,TransUnion,743,2,5
6052,768,6052,2021-07-03,Equifax,821,3,
6053,5763,6053,2021-11-03,Experian,836,2,
6054,10117,6054,2021-08-21,Experian,718,2,16
6055,14650,6055,2022-11-13,Experian,715,0,
6056,5001,6056,2020-08-07,Experian,792,4,67
6057,10044,6057,2023-08-07,TransUnion,589,4,
6058,6474,6058,2023-03-30,TransUnion,723,4,
6059,14113,6059,2023-10-06,TransUnion,734,5,
6060,2464,6060,2022-05-25,Equifax,743,2,
6061,14845,6061,2021-01-06,TransUnion,651,5,
6062,1335,6062,2021-08-15,Equifax,769,5,42
6063,14416,6063,2023-03-19,TransUnion,714,3,18
6064,8393,6064,2023-11-18,Experian,704,4,27
6065,6429,6065,2021-02-15,Equifax,816,3,
6066,377,6066,2023-01-02,TransUnion,722,5,
6067,13386,6067,2021-09-10,TransUnion,729,0,
6068,813,6068,2023-02-27,Experian,741,0,
6069,14173,6069,2021-02-11,TransUnion,640,0,27
6070,14367,6070,2024-02-23,Equifax,683,1,
6071,8036,6071,2022-11-28,TransUnion,727,4,15
6072,1117,6072,2020-01-08,TransUnion,766,2,62
6073,9468,6073,2023-07-14,Experian,717,1,13
6074,8221,6074,2022-08-23,Equifax,673,3,38
6075,4877,6075,2022-11-21,TransUnion,738,5,
6076,13657,6076,2024-03-12,Equifax,734,1,9
6077,3976,6077,2021-01-23,Equifax,669,0,
6078,9933,6078,2020-08-20,Equifax,581,0,62
6079,3880,6079,2020-03-07,TransUnion,580,0,51
6080,9380,6080,2022-04-27,Experian,737,5,60
6081,1977,6081,2022-04-11,TransUnion,720,5,
6082,13444,6082,2022-01-23,TransUnion,674,4,
6083,3597,6083,2021-05-18,Equifax,718,4,20
6084,5695,6084,2023-08-08,TransUnion,730,4,
6085,339,6085,2023-04-10,Experian,781,5,
6086,11479,6086,2023-11-11,TransUnion,826,3,
6087,3229,6087,2020-07-17,Experian,739,0,
6088,12554,6088,2023-07-03,Experian,825,0,4
6089,8971,6089,2023-09-04,TransUnion,723,4,65
6090,989,6090,2022-07-14,Experian,773,2,
6091,5037,6091,2023-03-24,TransUnion,841,1,
6092,75,6092,2022-11-02,Experian,755,4,
6093,13708,6093,2023-02-18,TransUnion,697,3,
6094,1409,6094,2020-12-22,Experian,731,2,
6095,7455,6095,2021-11-30,Equifax,833,0,
6096,7746,6096,2020-01-30,Experian,632,3,
6097,13442,6097,2022-12-30,Experian,677,3,
6098,14928,6098,2024-04-29,Equifax,811,1,
6099,11702,6099,2024-03-02,Experian,633,3,
6100,12469,6100,2023-12-31,Experian,702,5,
6101,12440,6101,2023-03-02,TransUnion,667,4,
6102,13451,6102,2022-11-08,Experian,720,2,
6103,503,6103,2023-03-09,TransUnion,689,1,31
6104,6511,6104,2020-04-17,Equifax,635,4,
6105,10804,6105,2023-03-21,Equifax,749,0,
6106,5694,6106,2022-02-14,TransUnion,715,2,
6107,3112,6107,2022-03-29,TransUnion,743,2,
6108,6146,6108,2022-02-22,Experian,646,4,
6109,10937,6109,2022-02-19,Experian,679,3,
6110,11458,6110,2021-12-14,Equifax,591,0,
6111,2614,6111,2020-06-18,Experian,689,5,30
6112,2075,6112,2020-08-11,TransUnion,784,5,
6113,10748,6113,2022-04-09,Experian,603,2,40
6114,8268,6114,2022-06-15,Equifax,711,0,
6115,4142,6115,2022-01-19,Equifax,651,4,55
6116,9501,6116,2021-05-21,Experian,633,0,69
6117,14849,6117,2021-03-30,TransUnion,707,4,
6118,4451,6118,2023-02-10,Equifax,696,5,41
6119,5656,6119,2021-05-08,Equifax,706,5,
6120,9846,6120,2021-11-12,TransUnion,681,2,6
6121,7270,6121,2023-04-24,Experian,743,1,
6122,490,6122,2020-05-01,TransUnion,731,1,
6123,13699,6123,2021-12-31,Experian,616,2,18
6124,345,6124,2023-06-05,Equifax,711,3,
6125,12157,6125,2023-02-22,Equifax,690,1,
6126,847,6126,2021-11-22,TransUnion,785,5,
6127,12801,6127,2020-10-27,TransUnion,770,0,
6128,3041,6128,2020-12-01,Equifax,717,0,
6129,6209,6129,2021-06-21,TransUnion,746,3,58
6130,2026,6130,2023-04-10,TransUnion,713,1,
6131,913,6131,2022-08-19,Experian,673,2,54
6132,4653,6132,2021-12-07,Equifax,745,0,
6133,13655,6133,2020-11-04,TransUnion,595,3,
6134,4703,6134,2024-01-29,Experian,707,2,
6135,395,6135,2021-06-28,Equifax,685,3,
6136,4006,6136,2022-03-27,TransUnion,746,5,
6137,13281,6137,2020-03-23,Experian,675,0,
6138,2994,6138,2020-12-15,TransUnion,838,1,
6139,12487,6139,2022-05-02,TransUnion,716,1,
6140,7795,6140,2021-08-18,Experian,723,0,55
6141,8807,6141,2020-08-30,Experian,645,2,
6142,5885,6142,2022-10-24,TransUnion,726,2,
6143,6904,6143,2020-11-26,Experian,839,3,9
6144,3959,6144,2023-03-03,TransUnion,706,0,
6145,5397,6145,2020-02-08,Experian,719,1,9
6146,3916,6146,2022-10-04,Equifax,787,1,
6147,13423,6147,2023-02-28,Experian,846,3,
6148,10744,6148,2023-06-29,Equifax,694,4,
6149,2786,6149,2024-03-15,Equifax,680,3,37
6150,5055,6150,2021-03-07,TransUnion,719,5,
6151,7146,6151,2022-04-10,Experian,670,4,38
6152,556,6152,2023-01-10,TransUnion,744,2,20
6153,6420,6153,2021-08-15,Experian,583,5,45
6154,10288,6154,2022-07-08,TransUnion,756,3,
6155,14231,6155,2024-02-19,Equifax,613,3,24
6156,11456,6156,2020-01-18,Experian,723,0,
6157,10977,6157,2022-03-21,Experian,645,5,
6158,4395,6158,2021-09-08,TransUnion,706,5,
6159,3875,6159,2021-08-13,Equifax,693,0,22
6160,7042,6160,2023-04-02,TransUnion,740,3,
6161,3786,6161,2020-08-20,Experian,661,4,25
6162,12212,6162,2022-11-29,TransUnion,774,4,
6163,12212,6163,2021-09-14,Experian,774,3,
6164,14623,6164,2021-01-12,Experian,735,0,46
6165,4123,6165,2022-04-18,Equifax,838,0,
6166,2968,6166,2024-03-14,Experian,705,0,17
6167,3677,6167,2021-04-21,TransUnion,682,1,
6168,10638,6168,2020-07-27,Equifax,766,4,64
6169,2861,6169,2023-08-01,Equifax,671,0,
6170,6311,6170,2023-08-27,Experian,628,0,
6171,2823,6171,2024-05-15,TransUnion,732,5,
6172,12343,6172,2024-04-12,Equifax,673,4,28
6173,6179,6173,2020-11-15,TransUnion,593,3,37
6174,8554,6174,2023-06-03,Experian,846,4,
6175,8858,6175,2022-11-24,TransUnion,702,2,
6176,8144,6176,2023-11-04,TransUnion,701,2,
6177,3925,6177,2024-03-15,TransUnion,629,2,48
6178,7550,6178,2021-08-17,TransUnion,665,0,
6179,4224,6179,2020-06-18,TransUnion,613,1,
6180,4396,6180,2023-01-26,Equifax,595,2,
6181,9954,6181,2022-03-19,TransUnion,763,2,44
6182,1273,6182,2023-10-11,Equifax,667,0,
6183,14428,6183,2021-04-11,TransUnion,736,3,
6184,983,6184,2022-03-15,Equifax,729,4,37
6185,716,6185,2021-04-25,Equifax,774,2,37
6186,4725,6186,2021-07-23,Equifax,779,0,16
6187,12327,6187,2020-05-08,TransUnion,602,3,
6188,4485,6188,2024-03-05,TransUnion,727,3,
6189,13989,6189,2021-08-11,Experian,614,2,
6190,2127,6190,2022-01-30,Equifax,755,5,22
6191,735,6191,2021-02-21,Experian,728,0,66
6192,1248,6192,2023-11-23,TransUnion,808,1,9
6193,13729,6193,2021-05-09,TransUnion,704,3,
6194,14206,6194,2022-05-24,TransUnion,615,3,
6195,13306,6195,2023-09-27,TransUnion,630,1,
6196,12052,6196,2023-02-22,Equifax,770,0,
6197,13858,6197,2021-02-17,Experian,667,5,
6198,10520,6198,2020-06-15,Equifax,590,4,65
6199,11373,6199,2020-06-16,Experian,675,4,
6200,10603,6200,2021-02-01,TransUnion,648,5,
6201,13910,6201,2023-01-21,TransUnion,617,5,
6202,575,6202,2023-03-04,Equifax,734,5,
6203,1562,6203,2020-09-01,Experian,839,0,
6204,12560,6204,2020-03-21,Experian,715,2,
6205,6795,6205,2022-05-13,TransUnion,837,4,
6206,8701,6206,2022-01-19,Equifax,729,2,
6207,14761,6207,2020-10-03,TransUnion,721,5,20
6208,2565,6208,2022-09-28,Equifax,644,5,
6209,1363,6209,2023-09-08,Equifax,829,3,21
6210,10475,6210,2020-09-26,Experian,739,5,
6211,3325,6211,2020-08-16,TransUnion,690,0,
6212,1280,6212,2021-05-02,TransUnion,847,2,
6213,2444,6213,2023-10-26,Equifax,634,1,
6214,3601,6214,2023-06-14,Experian,837,4,
6215,6021,6215,2023-04-18,Equifax,663,3,5
6216,8018,6216,2021-07-11,Equifax,730,3,9
6217,1357,6217,2024-04-03,TransUnion,844,5,61
6218,8016,6218,2022-10-09,Equifax,846,0,17
6219,9549,6219,2022-05-22,Equifax,650,5,4
6220,1954,6220,2023-06-08,Equifax,744,0,
6221,10246,6221,2023-06-11,Equifax,634,4,
6222,2421,6222,2021-06-11,Experian,635,1,
6223,7098,6223,2021-08-10,Equifax,728,1,
6224,9365,6224,2023-11-10,Equifax,694,1,
6225,14504,6225,2023-11-10,Equifax,678,0,12
6226,5638,6226,2021-05-06,Equifax,641,1,
6227,6982,6227,2023-12-29,Equifax,657,5,
6228,11554,6228,2023-03-26,Experian,699,3,
6229,3487,6229,2021-09-12,TransUnion,608,1,48
6230,699,6230,2023-10-06,Equifax,804,3,20
6231,6502,6231,2020-01-20,Experian,796,2,
6232,3808,6232,2023-09-24,Equifax,735,2,
6233,5671,6233,2021-02-09,Equifax,669,2,
6234,5793,6234,2023-06-26,Experian,747,0,
6235,9753,6235,2024-01-09,Experian,709,1,49
6236,5591,6236,2022-01-30,Experian,677,0,
6237,2057,6237,2020-05-22,Equifax,808,2,27
6238,6620,6238,2023-09-02,Experian,779,2,
6239,8218,6239,2022-10-18,TransUnion,706,5,16
6240,5786,6240,2023-08-09,Equifax,717,4,
6241,10138,6241,2021-11-25,Equifax,731,2,
6242,5984,6242,2023-11-18,Equifax,683,4,48
6243,250,6243,2024-03-19,TransUnion,753,4,
6244,9247,6244,2021-01-29,TransUnion,772,1,10
6245,13594,6245,2022-12-11,TransUnion,826,5,
6246,4464,6246,2020-10-04,Equifax,713,2,
6247,8370,6247,2020-10-24,TransUnion,713,2,
6248,8232,6248,2020-10-12,Experian,767,1,
6249,10207,6249,2020-08-31,Experian,604,3,
6250,2103,6250,2020-10-04,Equifax,683,3,
6251,10239,6251,2021-12-11,TransUnion,694,4,
6252,11094,6252,2020-06-14,Experian,596,5,
6253,5932,6253,2024-04-24,Experian,732,3,
6254,1637,6254,2022-11-16,Experian,839,1,29
6255,5913,6255,2020-05-25,Experian,691,0,70
6256,2756,6256,2021-01-21,Experian,808,3,
6257,4248,6257,2023-04-07,TransUnion,714,4,
6258,11369,6258,2021-05-01,Experian,647,3,
6259,7586,6259,2022-04-27,Experian,841,5,
6260,5709,6260,2021-04-13,TransUnion,695,4,20
6261,3119,6261,2022-07-29,TransUnion,654,3,68
6262,4621,6262,2023-03-21,Experian,605,3,
6263,11350,6263,2022-01-14,TransUnion,675,2,
6264,6354,6264,2024-02-09,Experian,724,0,
6265,11816,6265,2022-04-16,TransUnion,824,3,4
6266,8278,6266,2022-01-30,TransUnion,701,0,
6267,7429,6267,2021-04-23,TransUnion,848,1,
6268,6353,6268,2021-10-28,TransUnion,809,1,
6269,3779,6269,2023-06-23,Experian,586,2,39
6270,12806,6270,2021-11-22,TransUnion,648,2,30
6271,5204,6271,2021-05-30,TransUnion,619,0,31
6272,9189,6272,2022-11-23,Equifax,641,2,
6273,9917,6273,2022-01-25,Experian,594,5,
6274,5184,6274,2023-07-09,TransUnion,689,5,15
6275,1665,6275,2023-05-11,Equifax,726,0,
6276,14441,6276,2023-01-23,Equifax,708,2,
6277,596,6277,2023-07-07,Experian,738,3,29
6278,3971,6278,2023-11-14,TransUnion,806,1,
6279,6001,6279,2020-06-23,Experian,741,3,
6280,719,6280,2020-01-14,Equifax,740,5,
6281,7804,6281,2020-10-04,TransUnion,678,5,
6282,5419,6282,2021-12-07,Experian,690,4,40
6283,3907,6283,2020-11-26,TransUnion,849,0,
6284,2113,6284,2022-12-19,Experian,829,5,34
6285,3629,6285,2022-11-28,TransUnion,734,4,38
6286,1320,6286,2022-07-30,Equifax,809,0,
6287,10006,6287,2023-06-14,TransUnion,789,1,62
6288,2946,6288,2021-07-29,Equifax,702,1,
6289,2697,6289,2023-06-30,Equifax,711,5,11
6290,5339,6290,2023-05-01,TransUnion,664,1,71
6291,10058,6291,2021-10-09,TransUnion,710,1,
6292,2956,6292,2021-07-18,TransUnion,654,2,68
6293,13769,6293,2023-07-18,Experian,646,0,57
6294,5460,6294,2024-03-25,Equifax,617,4,
6295,1180,6295,2022-10-08,TransUnion,709,5,32
6296,1485,6296,2023-03-29,Equifax,817,5,
6297,11935,6297,2023-02-19,Experian,712,3,41
6298,9599,6298,2023-07-11,Equifax,763,4,
6299,4903,6299,2022-01-30,Experian,647,0,
6300,10569,6300,2020-10-02,Experian,743,3,68
6301,4767,6301,2020-02-04,Experian,770,2,
6302,14279,6302,2022-04-09,TransUnion,725,2,
6303,3865,6303,2024-04-14,Experian,580,0,
6304,14056,6304,2022-02-03,Equifax,728,4,10
6305,10734,6305,2020-03-30,Equifax,822,3,
6306,3710,6306,2021-12-25,Equifax,755,3,
6307,11598,6307,2023-05-26,Experian,591,1,
6308,10598,6308,2022-05-05,TransUnion,669,0,69
6309,6982,6309,2022-09-08,Equifax,657,5,
6310,10309,6310,2022-11-28,Experian,645,4,
6311,11017,6311,2022-08-22,TransUnion,697,4,
6312,7748,6312,2021-09-05,Experian,715,4,24
6313,4584,6313,2020-12-02,Equifax,725,4,
6314,4102,6314,2021-03-03,TransUnion,742,5,42
6315,666,6315,2022-01-22,Experian,735,1,
6316,13379,6316,2022-06-11,Experian,604,5,
6317,3788,6317,2020-10-11,TransUnion,780,4,
6318,2176,6318,2021-04-27,Equifax,663,5,28
6319,8401,6319,2023-10-31,TransUnion,700,5,34
6320,10253,6320,2020-12-07,Equifax,800,2,32
6321,13706,6321,2021-03-07,Experian,806,1,
6322,9298,6322,2021-12-23,TransUnion,632,5,34
6323,9920,6323,2023-05-13,Equifax,704,3,
6324,13545,6324,2020-03-18,Experian,691,1,
6325,4527,6325,2024-01-31,Experian,602,5,
6326,11147,6326,2021-10-23,Equifax,665,1,
6327,1510,6327,2023-08-07,Experian,708,1,46
6328,11538,6328,2021-04-29,Equifax,636,3,
6329,979,6329,2021-03-15,Equifax,728,3,58
6330,6439,6330,2020-05-25,TransUnion,733,4,
6331,12421,6331,2020-03-12,Experian,815,3,48
6332,10114,6332,2022-12-09,Equifax,680,1,
6333,10171,6333,2022-03-04,TransUnion,707,4,
6334,6566,6334,2020-07-09,Experian,676,0,34
6335,9757,6335,2022-06-13,Equifax,737,5,
6336,1847,6336,2021-01-22,Experian,686,1,43
6337,8393,6337,2023-12-19,Equifax,704,1,
6338,6721,6338,2024-05-10,Equifax,681,3,17
6339,9246,6339,2023-07-18,Equifax,669,1,
6340,3224,6340,2023-12-29,Equifax,673,0,
6341,2343,6341,2022-12-29,Equifax,674,0,
6342,4279,6342,2023-08-12,Equifax,847,4,
6343,1765,6343,2022-11-25,Experian,756,5,
6344,649,6344,2021-09-14,TransUnion,726,2,
6345,4762,6345,2020-09-12,Equifax,591,0,
6346,3919,6346,2022-07-21,TransUnion,651,4,62
6347,6713,6347,2023-11-17,Experian,695,3,
6348,397,6348,2023-04-16,TransUnion,816,1,10
6349,11283,6349,2021-12-18,Equifax,761,0,8
6350,9275,6350,2024-05-26,Equifax,776,1,
6351,966,6351,2023-01-17,Equifax,732,0,32
6352,3790,6352,2022-02-18,Equifax,660,4,
6353,5893,6353,2023-08-02,Experian,619,1,62
6354,9756,6354,2020-08-03,Equifax,590,1,
6355,7805,6355,2023-07-05,TransUnion,766,5,39
6356,6897,6356,2021-09-16,Equifax,737,4,
6357,571,6357,2021-03-08,Equifax,678,4,23
6358,3184,6358,2020-01-15,Experian,631,5,
6359,4305,6359,2021-04-22,TransUnion,624,0,53
6360,6292,6360,2021-10-07,TransUnion,708,5,
6361,11541,6361,2021-05-05,Experian,624,1,
6362,10027,6362,2023-07-09,Equifax,603,0,63
6363,10858,6363,2023-06-11,Equifax,785,0,
6364,4643,6364,2023-01-24,TransUnion,698,0,
6365,13817,6365,2024-04-30,Equifax,641,2,68
6366,3549,6366,2022-11-16,Experian,624,5,
6367,12075,6367,2023-01-19,TransUnion,613,0,
6368,4897,6368,2024-05-09,Experian,704,0,48
6369,4626,6369,2021-11-26,Experian,660,1,48
6370,2916,6370,2020-08-19,TransUnion,644,2,
6371,7224,6371,2023-01-24,Experian,740,2,
6372,14707,6372,2021-04-25,TransUnion,736,3,
6373,10904,6373,2021-11-15,Experian,634,4,38
6374,2017,6374,2020-07-12,Experian,647,2,
6375,2370,6375,2020-05-05,Experian,651,1,12
6376,4414,6376,2023-12-12,TransUnion,689,2,31
6377,1967,6377,2024-02-22,Equifax,707,5,
6378,5488,6378,2023-11-10,Equifax,771,4,
6379,4167,6379,2022-03-19,TransUnion,671,4,
6380,11910,6380,2022-02-24,Experian,604,5,
6381,4964,6381,2023-07-07,Experian,754,3,
6382,5006,6382,2022-10-22,Experian,642,4,
6383,2280,6383,2023-09-01,TransUnion,677,1,63
6384,14541,6384,2020-01-26,Equifax,843,2,
6385,3298,6385,2022-02-25,TransUnion,729,2,17
6386,2321,6386,2022-10-18,Experian,800,4,
6387,6554,6387,2022-01-17,Experian,822,0,13
6388,8251,6388,2020-08-06,TransUnion,644,5,
6389,14760,6389,2020-06-09,TransUnion,769,4,19
6390,4809,6390,2021-03-05,Equifax,641,4,30
6391,4771,6391,2021-06-16,TransUnion,650,4,55
6392,12250,6392,2023-04-26,Equifax,595,2,68
6393,14888,6393,2021-06-22,Equifax,702,5,
6394,11448,6394,2022-11-17,Experian,629,0,46
6395,2452,6395,2023-10-31,TransUnion,735,2,
6396,119,6396,2022-12-02,Equifax,732,3,
6397,4286,6397,2022-07-20,Experian,725,0,57
6398,12739,6398,2023-06-20,Experian,617,2,
6399,12138,6399,2021-07-24,TransUnion,849,4,65
6400,10646,6400,2022-07-28,Equifax,622,3,
6401,9876,6401,2021-03-13,TransUnion,694,2,
6402,10911,6402,2022-06-02,TransUnion,688,0,
6403,3851,6403,2023-03-02,Equifax,667,5,
6404,10968,6404,2023-10-23,Equifax,755,2,
6405,1567,6405,2024-01-23,Experian,668,0,65
6406,7587,6406,2020-07-30,TransUnion,705,0,
6407,1189,6407,2022-10-11,Equifax,788,2,
6408,11786,6408,2020-02-17,TransUnion,707,5,
6409,5783,6409,2022-10-01,Equifax,819,3,66
6410,130,6410,2022-08-26,Equifax,744,1,3
6411,7666,6411,2023-01-19,Equifax,597,1,18
6412,1617,6412,2021-10-23,Experian,707,1,5
6413,2414,6413,2024-02-17,TransUnion,710,2,
6414,4222,6414,2022-03-18,Experian,787,2,
6415,12904,6415,2020-04-03,Equifax,750,4,
6416,2380,6416,2021-09-16,Equifax,649,2,
6417,13791,6417,2022-06-12,Experian,708,1,53
6418,10924,6418,2020-03-11,TransUnion,698,3,40
6419,11831,6419,2023-05-02,Equifax,706,4,67
6420,4484,6420,2023-11-17,TransUnion,705,2,
6421,4085,6421,2020-01-14,TransUnion,686,2,
6422,8861,6422,2022-11-20,Experian,691,2,36
6423,4539,6423,2023-12-16,Experian,831,3,
6424,13644,6424,2020-03-22,Equifax,692,2,
6425,14769,6425,2023-02-17,Equifax,701,1,19
6426,8871,6426,2022-03-04,Experian,595,2,
6427,750,6427,2023-12-13,Experian,673,2,24
6428,196,6428,2024-03-07,Equifax,641,3,13
6429,302,6429,2020-07-24,TransUnion,740,3,
6430,4280,6430,2020-07-15,Equifax,736,4,
6431,5185,6431,2021-10-26,TransUnion,669,4,48
6432,9730,6432,2022-05-20,TransUnion,590,0,
6433,3049,6433,2020-11-12,Experian,749,5,32
6434,7239,6434,2021-02-01,Equifax,633,5,47
6435,10635,6435,2023-10-27,Equifax,673,4,
6436,75,6436,2023-09-13,Equifax,755,1,38
6437,3049,6437,2022-11-17,Experian,749,2,
6438,13760,6438,2021-04-30,Experian,678,4,7
6439,2257,6439,2023-09-09,Equifax,679,2,
6440,9452,6440,2020-06-17,TransUnion,757,2,
6441,9246,6441,2024-03-23,Equifax,669,4,
6442,11244,6442,2024-01-22,TransUnion,703,2,
6443,7982,6443,2023-06-04,TransUnion,805,5,
6444,14117,6444,2020-07-05,Experian,735,3,
6445,7475,6445,2022-03-30,TransUnion,718,2,57
6446,4236,6446,2020-11-12,Experian,615,0,56
6447,7956,6447,2022-12-19,TransUnion,750,1,
6448,4073,6448,2021-01-17,Experian,754,2,
6449,6575,6449,2023-06-07,Equifax,746,5,
6450,1007,6450,2023-03-08,TransUnion,645,3,9
6451,14787,6451,2021-01-29,Equifax,664,4,
6452,11405,6452,2023-04-27,Equifax,679,3,
6453,7325,6453,2020-03-26,Equifax,693,3,36
6454,14263,6454,2020-03-10,TransUnion,661,3,6
6455,13288,6455,2022-07-20,Experian,719,3,63
6456,11386,6456,2024-05-30,Equifax,791,4,
6457,4314,6457,2023-09-08,TransUnion,603,3,
6458,3085,6458,2021-07-03,Experian,604,4,
6459,11610,6459,2021-09-16,Experian,632,1,
6460,13825,6460,2022-10-29,Experian,736,5,
6461,4783,6461,2021-11-14,Equifax,629,0,
6462,8390,6462,2022-12-24,Experian,712,2,13
6463,4266,6463,2020-08-22,Experian,684,0,12
6464,9716,6464,2021-07-09,Experian,813,2,18
6465,11725,6465,2023-12-19,TransUnion,817,4,
6466,2282,6466,2023-02-05,Experian,850,5,
6467,12730,6467,2021-11-10,Equifax,745,2,
6468,631,6468,2021-06-10,Experian,631,2,
6469,12277,6469,2024-04-23,TransUnion,646,3,
6470,2115,6470,2021-05-18,TransUnion,740,3,
6471,9864,6471,2022-01-25,Equifax,710,5,15
6472,2495,6472,2022-08-08,TransUnion,730,3,
6473,6061,6473,2022-04-12,Experian,817,0,
6474,8542,6474,2023-12-10,TransUnion,753,2,
6475,7115,6475,2021-11-03,Experian,701,2,
6476,418,6476,2021-09-10,Equifax,646,0,
6477,853,6477,2022-08-09,Experian,826,0,15
6478,14890,6478,2022-11-05,Experian,669,5,
6479,6748,6479,2024-02-25,TransUnion,696,5,38
6480,12530,6480,2020-02-24,Experian,609,5,48
6481,2625,6481,2020-03-03,Equifax,649,2,
6482,8622,6482,2022-04-27,Experian,649,2,
6483,11878,6483,2021-07-05,Experian,829,4,
6484,5315,6484,2024-03-14,Experian,746,0,5
6485,10442,6485,2023-11-20,Experian,788,4,
6486,7683,6486,2023-10-04,Experian,692,4,23
6487,12251,6487,2023-12-11,Experian,676,2,60
6488,535,6488,2023-07-02,Experian,667,4,
6489,10670,6489,2020-06-29,Experian,848,5,68
6490,12273,6490,2022-05-06,Equifax,694,4,5
6491,2507,6491,2023-09-02,Experian,646,4,
6492,1687,6492,2022-08-23,TransUnion,602,5,
6493,3960,6493,2021-12-31,Experian,622,4,
6494,265,6494,2020-03-25,Experian,727,5,
6495,8676,6495,2023-10-27,Equifax,738,5,
6496,8978,6496,2024-01-05,Experian,715,0,
6497,347,6497,2023-04-04,Equifax,627,5,70
6498,11102,6498,2020-09-15,TransUnion,606,2,64
6499,13650,6499,2021-03-10,Experian,730,2,
6500,5811,6500,2023-10-23,Experian,781,1,18
6501,10129,6501,2020-09-26,Experian,693,3,49
6502,5122,6502,2020-05-01,Equifax,720,3,
6503,8368,6503,2022-09-09,Experian,748,3,7
6504,6025,6504,2022-05-03,Experian,839,3,
6505,8348,6505,2021-11-16,TransUnion,726,2,
6506,6817,6506,2021-12-31,Equifax,685,4,
6507,2941,6507,2023-11-12,TransUnion,791,3,39
6508,4634,6508,2022-05-26,Equifax,723,4,
6509,7874,6509,2021-12-04,Experian,695,5,53
6510,14690,6510,2021-04-05,Experian,654,0,65
6511,1618,6511,2023-04-09,Equifax,689,1,
6512,13684,6512,2020-11-26,Experian,629,0,65
6513,542,6513,2021-06-29,Experian,726,1,42
6514,6887,6514,2020-06-10,TransUnion,658,4,32
6515,10344,6515,2021-11-17,TransUnion,638,1,
6516,912,6516,2022-05-28,Equifax,580,4,
6517,13441,6517,2020-11-28,Equifax,633,5,
6518,8435,6518,2020-08-18,Equifax,739,3,
6519,3863,6519,2021-12-07,Equifax,720,4,7
6520,13021,6520,2023-05-04,Experian,608,4,7
6521,9258,6521,2023-10-14,Experian,736,2,14
6522,8752,6522,2020-03-10,Equifax,781,2,
6523,4901,6523,2022-06-02,Experian,717,4,50
6524,8317,6524,2022-06-23,TransUnion,704,4,
6525,1816,6525,2021-02-22,Equifax,802,3,62
6526,1324,6526,2021-02-27,Equifax,725,3,
6527,12836,6527,2020-10-07,Equifax,630,0,
6528,12153,6528,2020-05-20,Experian,631,5,
6529,10676,6529,2020-08-08,TransUnion,648,1,28
6530,522,6530,2020-04-11,Experian,727,0,
6531,273,6531,2020-12-08,Equifax,760,1,32
6532,7029,6532,2023-01-01,TransUnion,696,4,10
6533,4126,6533,2023-06-17,Equifax,600,2,51
6534,1759,6534,2024-03-02,Experian,801,0,5
6535,8604,6535,2022-07-29,Experian,678,4,24
6536,10089,6536,2020-09-07,Experian,824,2,67
6537,9742,6537,2023-04-07,Experian,661,4,
6538,6308,6538,2023-02-25,Experian,706,1,6
6539,6657,6539,2023-04-07,Equifax,735,2,49
6540,8855,6540,2024-01-10,Equifax,712,3,
6541,8761,6541,2020-08-25,Experian,645,3,
6542,2794,6542,2022-12-13,Experian,730,2,68
6543,7284,6543,2023-10-07,Equifax,593,2,
6544,8552,6544,2022-05-21,TransUnion,711,5,23
6545,2269,6545,2023-05-16,TransUnion,732,5,
6546,11588,6546,2022-04-16,TransUnion,704,1,
6547,5466,6547,2023-04-28,TransUnion,739,2,
6548,7264,6548,2021-03-15,TransUnion,832,0,
6549,2550,6549,2020-11-16,Equifax,837,3,
6550,9553,6550,2020-12-27,Experian,593,4,8
6551,5919,6551,2021-01-08,TransUnion,699,4,39
6552,6716,6552,2021-10-26,Equifax,723,5,
6553,12606,6553,2020-05-28,Equifax,657,4,13
6554,8588,6554,2021-10-07,Equifax,643,0,24
6555,7879,6555,2021-04-06,Equifax,749,2,57
6556,7648,6556,2020-11-04,TransUnion,809,1,
6557,3218,6557,2020-11-24,Equifax,723,1,
6558,11495,6558,2021-10-26,Experian,695,2,
6559,13053,6559,2022-08-19,Equifax,789,2,
6560,14472,6560,2022-10-25,TransUnion,661,5,17
6561,4630,6561,2022-06-02,Equifax,587,2,
6562,4379,6562,2021-09-02,Equifax,722,4,31
6563,7452,6563,2022-08-21,TransUnion,705,1,41
6564,826,6564,2023-11-27,Experian,615,5,69
6565,9739,6565,2021-03-09,Equifax,746,0,
6566,8439,6566,2021-10-29,TransUnion,588,5,
6567,649,6567,2021-03-27,Experian,726,4,
6568,9536,6568,2022-01-08,Equifax,643,1,
6569,10154,6569,2023-01-24,TransUnion,686,0,
6570,8507,6570,2022-10-26,TransUnion,666,0,11
6571,13514,6571,2024-04-08,Equifax,671,3,25
6572,3729,6572,2022-05-28,Experian,659,3,
6573,4300,6573,2023-12-01,Experian,700,2,
6574,14802,6574,2023-03-26,Equifax,725,2,20
6575,13164,6575,2021-08-26,Equifax,779,1,
6576,6410,6576,2021-06-26,Equifax,678,1,64
6577,5470,6577,2022-12-12,TransUnion,623,0,
6578,14233,6578,2023-01-14,TransUnion,740,5,39
6579,780,6579,2020-04-04,TransUnion,653,5,9
6580,3690,6580,2020-03-20,TransUnion,678,3,
6581,523,6581,2021-12-12,Experian,763,1,
6582,14614,6582,2022-04-24,Equifax,661,4,18
6583,3738,6583,2024-03-21,Experian,582,1,
6584,637,6584,2021-07-27,Experian,754,3,
6585,9639,6585,2021-03-29,Equifax,844,5,
6586,13145,6586,2022-09-11,Equifax,830,2,
6587,12293,6587,2020-02-04,Equifax,708,1,
6588,7459,6588,2024-03-13,TransUnion,708,2,
6589,10085,6589,2021-10-23,Equifax,737,3,55
6590,4422,6590,2023-03-08,TransUnion,783,5,63
6591,9970,6591,2022-10-18,Experian,781,1,
6592,8754,6592,2020-12-14,Equifax,705,1,23
6593,10295,6593,2020-04-04,TransUnion,661,2,16
6594,8982,6594,2023-06-20,Experian,719,4,
6595,14702,6595,2023-03-15,Equifax,684,2,
6596,7220,6596,2023-05-22,TransUnion,717,0,69
6597,8677,6597,2023-09-30,Experian,703,1,
6598,9143,6598,2020-11-10,TransUnion,827,4,3
6599,6134,6599,2024-05-23,Experian,777,1,
6600,13043,6600,2022-04-06,Experian,693,5,
6601,13562,6601,2020-03-11,Experian,742,4,29
6602,7629,6602,2022-05-25,Experian,702,5,
6603,3289,6603,2023-10-18,TransUnion,790,0,
6604,9508,6604,2020-07-17,Experian,800,3,
6605,13206,6605,2021-01-24,Equifax,687,1,67
6606,1627,6606,2021-05-30,Equifax,715,4,
6607,8075,6607,2021-09-07,Experian,674,1,56
6608,1572,6608,2021-10-08,Equifax,644,3,
6609,5453,6609,2022-01-13,TransUnion,730,3,
6610,14419,6610,2022-10-07,TransUnion,662,4,
6611,3299,6611,2020-03-20,Experian,661,0,
6612,1489,6612,2022-11-29,Equifax,597,3,32
6613,3887,6613,2021-09-21,Equifax,673,2,69
6614,6283,6614,2024-05-20,Equifax,805,5,40
6615,1499,6615,2021-11-29,Experian,761,1,
6616,9517,6616,2021-04-01,Experian,667,2,64
6617,14496,6617,2023-04-11,Equifax,636,3,61
6618,2762,6618,2020-09-02,TransUnion,651,4,40
6619,8978,6619,2021-12-20,TransUnion,715,0,6
6620,13241,6620,2023-01-23,Experian,696,2,
6621,5799,6621,2022-07-18,Equifax,704,1,
6622,1540,6622,2023-06-14,Experian,693,2,
6623,3208,6623,2021-04-28,Experian,594,0,69
6624,516,6624,2024-04-07,Experian,729,2,26
6625,11499,6625,2021-10-29,Equifax,717,4,43
6626,13017,6626,2021-08-04,Equifax,719,0,18
6627,11459,6627,2022-03-27,Equifax,734,3,19
6628,10365,6628,2022-02-10,Equifax,611,3,
6629,14195,6629,2022-09-29,Experian,728,3,
6630,2230,6630,2024-01-03,Experian,683,2,20
6631,2564,6631,2020-08-26,Experian,727,5,
6632,8445,6632,2022-08-04,TransUnion,596,5,
6633,9174,6633,2023-12-27,Experian,715,5,49
6634,7701,6634,2021-10-07,Experian,684,0,33
6635,8287,6635,2022-03-21,Experian,658,4,41
6636,1031,6636,2023-10-07,Experian,694,4,5
6637,7916,6637,2023-09-06,Equifax,826,5,
6638,6121,6638,2020-06-11,Equifax,696,2,
6639,2165,6639,2023-01-26,Experian,674,4,
6640,7105,6640,2021-06-10,Experian,683,5,52
6641,9024,6641,2020-12-29,Experian,658,0,
6642,9731,6642,2020-04-29,TransUnion,738,2,
6643,12699,6643,2023-01-01,Experian,735,5,
6644,6242,6644,2022-12-31,TransUnion,659,1,
6645,6084,6645,2021-04-13,TransUnion,694,3,39
6646,3254,6646,2022-09-29,Experian,700,2,
6647,3516,6647,2021-09-21,TransUnion,704,0,
6648,5579,6648,2022-02-08,Experian,661,1,
6649,8013,6649,2020-10-19,TransUnion,798,0,22
6650,4277,6650,2022-01-18,Equifax,611,1,
6651,11800,6651,2024-04-04,Equifax,741,4,
6652,6246,6652,2020-08-20,TransUnion,734,2,
6653,12876,6653,2022-01-08,TransUnion,722,0,
6654,3556,6654,2022-02-19,TransUnion,747,1,
6655,5961,6655,2023-07-23,Experian,720,3,
6656,8648,6656,2023-05-20,Equifax,780,2,
6657,11927,6657,2024-04-18,Experian,668,1,30
6658,2957,6658,2023-10-29,Experian,813,5,
6659,7580,6659,2020-11-07,TransUnion,716,3,
6660,881,6660,2022-06-03,TransUnion,706,1,
6661,11288,6661,2020-08-26,TransUnion,720,3,
6662,1868,6662,2021-03-05,Experian,716,5,
6663,3686,6663,2021-08-26,Equifax,587,0,32
6664,14457,6664,2023-03-30,Equifax,714,5,
6665,616,6665,2020-05-13,Equifax,768,4,
6666,5665,6666,2021-03-13,Experian,809,3,
6667,5241,6667,2020-08-20,Equifax,695,2,
6668,5963,6668,2023-03-29,Experian,712,1,
6669,12957,6669,2023-01-06,TransUnion,683,2,
6670,13843,6670,2020-08-25,Experian,630,0,18
6671,5346,6671,2020-08-19,Experian,732,4,33
6672,5816,6672,2021-10-07,TransUnion,653,0,
6673,11073,6673,2020-05-21,Experian,656,2,15
6674,1405,6674,2021-07-30,Experian,734,5,
6675,5473,6675,2020-07-05,TransUnion,728,4,
6676,4712,6676,2023-10-19,TransUnion,729,0,17
6677,6419,6677,2021-05-09,Experian,694,5,
6678,10711,6678,2022-06-17,TransUnion,656,2,
6679,1843,6679,2021-10-11,TransUnion,727,5,
6680,12394,6680,2021-04-29,TransUnion,590,0,19
6681,3510,6681,2022-10-24,TransUnion,701,4,26
6682,13082,6682,2021-03-26,Experian,673,0,
6683,13103,6683,2024-01-15,Experian,707,5,
6684,8286,6684,2020-12-29,Experian,785,5,61
6685,12027,6685,2022-12-12,TransUnion,719,0,37
6686,3993,6686,2023-08-26,Experian,697,0,
6687,9133,6687,2024-02-05,Equifax,662,3,
6688,9465,6688,2021-06-07,Experian,779,1,17
6689,13939,6689,2021-08-02,Experian,617,4,
6690,1245,6690,2023-02-20,Equifax,669,1,5
6691,4362,6691,2020-09-01,TransUnion,673,3,29
6692,4475,6692,2020-08-05,Equifax,677,3,
6693,10440,6693,2021-03-05,Experian,729,4,21
6694,13809,6694,2023-02-16,TransUnion,799,1,30
6695,9999,6695,2021-04-03,Equifax,722,1,
6696,12627,6696,2022-01-28,Equifax,698,4,69
6697,8622,6697,2021-10-30,Experian,649,3,27
6698,12075,6698,2022-09-17,TransUnion,613,0,66
6699,12212,6699,2020-03-17,Experian,774,5,40
6700,1554,6700,2021-04-23,TransUnion,679,4,5
6701,3934,6701,2020-07-31,Equifax,691,1,19
6702,14673,6702,2020-02-25,TransUnion,721,3,
6703,9016,6703,2024-04-11,Equifax,640,5,
6704,3878,6704,2021-05-30,Experian,690,1,
6705,6071,6705,2023-07-05,Equifax,651,2,
6706,12568,6706,2023-02-19,TransUnion,715,4,
6707,1408,6707,2024-01-16,TransUnion,669,4,54
6708,12364,6708,2021-05-28,Experian,727,0,8
6709,12900,6709,2023-12-28,Experian,735,5,69
6710,14941,6710,2023-10-12,Experian,779,3,
6711,87,6711,2020-09-10,Experian,840,1,
6712,8648,6712,2024-03-09,Equifax,780,0,22
6713,12649,6713,2021-08-03,Experian,749,3,14
6714,10225,6714,2020-06-30,TransUnion,616,3,18
6715,5196,6715,2021-10-11,TransUnion,829,0,58
6716,9161,6716,2024-03-14,TransUnion,648,3,
6717,7176,6717,2020-05-03,TransUnion,680,1,
6718,5737,6718,2022-01-02,TransUnion,795,5,
6719,12826,6719,2022-10-23,TransUnion,688,1,
6720,12132,6720,2022-11-20,Equifax,762,4,
6721,1753,6721,2022-01-27,TransUnion,695,4,
6722,4056,6722,2023-06-13,Experian,720,0,
6723,4683,6723,2020-03-25,TransUnion,674,0,
6724,2445,6724,2020-11-02,Equifax,729,2,45
6725,7931,6725,2022-09-21,Experian,837,0,24
6726,13384,6726,2020-07-21,TransUnion,682,5,
6727,14,6727,2024-05-21,Experian,728,0,
6728,13851,6728,2022-12-19,Experian,736,1,
6729,14338,6729,2020-02-11,TransUnion,748,5,
6730,9016,6730,2023-09-26,TransUnion,640,1,11
6731,3713,6731,2022-01-11,Experian,739,5,
6732,10224,6732,2024-04-29,Experian,622,2,
6733,6677,6733,2020-04-27,Experian,711,3,29
6734,8381,6734,2023-08-02,TransUnion,657,2,
6735,862,6735,2021-09-07,Experian,670,4,
6736,12817,6736,2022-04-06,Experian,690,5,41
6737,14502,6737,2022-06-03,Experian,787,0,29
6738,6352,6738,2020-11-03,Equifax,738,0,
6739,13882,6739,2021-10-25,TransUnion,752,3,46
6740,6722,6740,2021-10-18,Experian,659,0,59
6741,6002,6741,2021-05-30,TransUnion,643,4,
6742,11082,6742,2023-12-21,TransUnion,670,2,
6743,10423,6743,2022-08-20,TransUnion,686,0,27
6744,3986,6744,2023-09-30,Equifax,820,0,
6745,617,6745,2022-08-15,Experian,820,5,
6746,7406,6746,2020-12-08,Experian,680,4,
6747,13582,6747,2023-03-07,Equifax,780,1,46
6748,4068,6748,2022-03-21,TransUnion,755,5,52
6749,13073,6749,2021-09-04,Equifax,671,2,52
6750,8556,6750,2021-09-06,Experian,769,1,36
6751,3670,6751,2023-04-29,Equifax,810,5,
6752,4148,6752,2023-11-03,Equifax,694,2,
6753,13578,6753,2023-08-06,Equifax,758,0,21
6754,5035,6754,2023-01-26,Experian,710,3,62
6755,6171,6755,2023-03-21,Equifax,691,4,
6756,6763,6756,2022-02-02,TransUnion,749,0,
6757,5253,6757,2023-05-24,TransUnion,650,3,
6758,6586,6758,2024-04-12,Equifax,774,5,70
6759,5287,6759,2022-09-03,TransUnion,731,4,3
6760,7998,6760,2024-01-25,TransUnion,731,0,21
6761,12622,6761,2020-09-13,TransUnion,701,1,
6762,11593,6762,2020-12-05,Equifax,733,2,
6763,2211,6763,2022-11-15,TransUnion,607,1,
6764,2997,6764,2021-09-02,Equifax,673,0,31
6765,10206,6765,2023-06-06,Experian,601,5,6
6766,5575,6766,2022-04-13,TransUnion,738,3,
6767,13525,6767,2020-04-10,Equifax,635,0,
6768,138,6768,2021-05-25,TransUnion,836,1,
6769,11171,6769,2021-05-12,Equifax,791,4,
6770,5616,6770,2022-01-08,TransUnion,606,1,70
6771,4799,6771,2022-09-30,Equifax,838,2,
6772,3010,6772,2021-05-11,TransUnion,779,1,35
6773,5210,6773,2021-10-09,TransUnion,662,4,
6774,13874,6774,2023-08-23,Experian,661,2,59
6775,210,6775,2022-10-20,Experian,643,1,48
6776,665,6776,2022-04-15,Equifax,634,4,10
6777,8626,6777,2020-03-08,Experian,762,3,
6778,14665,6778,2021-11-11,Equifax,849,5,
6779,10857,6779,2022-02-10,Equifax,674,3,
6780,4898,6780,2020-11-19,Experian,718,2,46
6781,314,6781,2022-08-26,Equifax,774,5,22
6782,8829,6782,2022-06-27,TransUnion,615,0,
6783,4749,6783,2021-09-19,TransUnion,690,4,66
6784,1053,6784,2023-03-18,TransUnion,844,4,27
6785,9487,6785,2024-01-19,TransUnion,770,2,40
6786,3825,6786,2023-06-17,Equifax,739,0,30
6787,1868,6787,2021-01-09,Experian,716,4,
6788,14708,6788,2024-01-08,TransUnion,749,3,
6789,11888,6789,2020-11-17,TransUnion,798,5,4
6790,13716,6790,2020-08-20,Experian,650,1,27
6791,12907,6791,2022-12-26,Equifax,667,0,
6792,4532,6792,2022-01-07,TransUnion,674,4,
6793,3670,6793,2021-01-19,Equifax,810,2,
6794,9362,6794,2020-03-15,Equifax,712,3,42
6795,8066,6795,2022-08-06,TransUnion,612,0,52
6796,7248,6796,2020-04-03,Experian,695,1,
6797,13081,6797,2021-02-03,Equifax,743,1,52
6798,9046,6798,2022-06-04,Equifax,671,3,22
6799,6292,6799,2024-02-26,Experian,708,3,
6800,6496,6800,2020-04-28,Equifax,833,4,70
6801,9803,6801,2021-08-21,TransUnion,723,0,
6802,5859,6802,2020-03-27,TransUnion,683,4,25
6803,3043,6803,2023-03-26,TransUnion,637,4,21
6804,10327,6804,2021-03-08,TransUnion,602,5,29
6805,2418,6805,2021-07-18,Experian,746,0,9
6806,12721,6806,2020-10-21,Equifax,708,0,13
6807,6466,6807,2024-04-11,Equifax,732,3,
6808,13691,6808,2021-09-26,Experian,698,1,66
6809,1970,6809,2020-03-22,TransUnion,679,5,
6810,11999,6810,2022-06-17,Experian,778,0,
6811,9457,6811,2021-08-10,Experian,683,5,
6812,14852,6812,2022-11-11,Equifax,732,5,3
6813,10706,6813,2023-08-08,TransUnion,749,4,66
6814,5728,6814,2021-09-24,TransUnion,838,2,45
6815,2498,6815,2021-01-30,Experian,674,4,
6816,2870,6816,2022-04-27,Equifax,817,3,
6817,3185,6817,2021-01-24,Experian,599,5,
6818,14918,6818,2021-12-08,Experian,741,2,
6819,9280,6819,2022-06-22,Experian,691,5,64
6820,7552,6820,2020-01-27,Equifax,656,4,51
6821,14876,6821,2021-06-15,TransUnion,588,2,
6822,14584,6822,2022-02-26,TransUnion,704,2,
6823,4004,6823,2024-01-20,Experian,690,5,
6824,13098,6824,2024-04-10,Experian,695,0,
6825,6469,6825,2022-09-01,Equifax,779,4,
6826,7895,6826,2021-07-28,Experian,700,1,22
6827,13697,6827,2022-09-27,Experian,677,5,
6828,12948,6828,2020-09-26,Experian,680,0,
6829,4684,6829,2022-01-11,Experian,663,0,
6830,1331,6830,2020-07-06,TransUnion,748,3,17
6831,640,6831,2023-06-20,Experian,582,2,
6832,10237,6832,2020-08-11,Equifax,833,0,
6833,1832,6833,2020-09-20,Equifax,672,4,
6834,2923,6834,2022-05-18,Experian,746,2,
6835,7242,6835,2020-08-21,Equifax,843,5,52
6836,3794,6836,2024-05-11,TransUnion,808,3,
6837,7217,6837,2022-07-01,Experian,717,3,
6838,1445,6838,2021-07-23,Equifax,664,3,
6839,8309,6839,2020-02-05,Experian,731,4,
6840,11789,6840,2020-05-11,Equifax,721,5,20
6841,4585,6841,2023-06-09,Experian,662,1,6
6842,1368,6842,2023-06-11,TransUnion,738,3,55
6843,3466,6843,2022-10-01,Equifax,639,2,34
6844,14377,6844,2020-07-01,Experian,713,4,45
6845,6469,6845,2020-02-07,Equifax,779,0,
6846,14368,6846,2021-06-05,Experian,662,0,19
6847,190,6847,2022-02-15,TransUnion,637,2,
6848,6371,6848,2023-01-01,Equifax,693,4,37
6849,5632,6849,2023-03-27,Equifax,725,1,55
6850,3485,6850,2022-02-20,Equifax,687,4,46
6851,8109,6851,2022-03-16,Equifax,696,0,70
6852,5171,6852,2023-12-01,Equifax,601,1,
6853,9775,6853,2021-01-24,TransUnion,617,5,
6854,13178,6854,2024-01-13,TransUnion,730,5,
6855,1425,6855,2023-06-01,Experian,636,1,
6856,4569,6856,2023-09-14,TransUnion,690,0,51
6857,14664,6857,2020-11-10,TransUnion,726,1,44
6858,161,6858,2020-01-21,Equifax,718,5,
6859,2015,6859,2022-06-02,Experian,657,3,
6860,9230,6860,2024-01-18,TransUnion,794,0,26
6861,4011,6861,2023-03-31,TransUnion,655,5,
6862,5344,6862,2021-10-18,Experian,707,0,
6863,9324,6863,2020-02-23,Equifax,719,5,28
6864,14978,6864,2021-01-29,TransUnion,798,4,17
6865,12968,6865,2021-07-11,TransUnion,581,5,
6866,4796,6866,2020-02-12,TransUnion,592,1,52
6867,1597,6867,2023-07-19,Experian,817,3,64
6868,5764,6868,2022-06-23,Experian,748,2,3
6869,13259,6869,2020-05-15,Equifax,627,3,35
6870,10291,6870,2020-12-02,Equifax,746,4,55
6871,2197,6871,2024-04-29,Equifax,694,3,
6872,3305,6872,2021-03-24,TransUnion,685,1,20
6873,9525,6873,2023-11-15,Experian,682,1,39
6874,3893,6874,2021-11-05,TransUnion,791,5,
6875,11205,6875,2021-01-30,Equifax,737,2,
6876,6435,6876,2022-07-02,Equifax,710,3,33
6877,620,6877,2023-06-22,Experian,748,5,
6878,5673,6878,2021-10-03,Equifax,701,4,23
6879,8115,6879,2023-08-29,TransUnion,701,4,
6880,474,6880,2023-12-18,Equifax,739,5,
6881,12513,6881,2022-09-22,Experian,703,3,32
6882,5258,6882,2023-01-11,Experian,701,2,
6883,664,6883,2023-09-04,TransUnion,772,5,
6884,884,6884,2022-12-17,Experian,751,2,50
6885,7454,6885,2022-02-17,Experian,792,5,67
6886,14796,6886,2021-08-20,Equifax,679,4,
6887,10641,6887,2023-11-08,TransUnion,809,1,5
6888,1808,6888,2023-06-17,Equifax,584,4,
6889,3529,6889,2021-12-08,Experian,720,1,
6890,8010,6890,2023-08-19,Experian,587,1,35
6891,3755,6891,2024-04-29,TransUnion,614,2,37
6892,3243,6892,2022-02-28,Experian,706,3,29
6893,11309,6893,2023-07-31,Equifax,713,2,68
6894,12743,6894,2022-03-23,Equifax,757,3,
6895,14005,6895,2023-05-06,TransUnion,749,0,
6896,8936,6896,2024-05-07,Equifax,721,4,
6897,5649,6897,2021-04-07,Equifax,611,2,27
6898,6260,6898,2020-03-08,TransUnion,669,0,10
6899,14369,6899,2020-10-02,Experian,638,4,
6900,11770,6900,2022-07-11,Equifax,753,2,21
6901,3735,6901,2022-12-18,Experian,719,3,65
6902,2480,6902,2022-10-03,Equifax,603,3,
6903,5897,6903,2022-04-03,TransUnion,648,3,
6904,9419,6904,2023-02-07,Experian,715,3,
6905,3651,6905,2023-11-07,TransUnion,821,5,
6906,3513,6906,2024-02-02,TransUnion,672,1,
6907,1906,6907,2020-02-01,Experian,716,5,
6908,979,6908,2020-04-27,Experian,728,3,15
6909,13278,6909,2021-10-03,TransUnion,726,0,31
6910,3276,6910,2022-08-31,Experian,601,3,
6911,7078,6911,2023-09-21,Experian,734,0,
6912,8664,6912,2023-10-15,TransUnion,746,5,
6913,4993,6913,2021-09-03,TransUnion,596,4,
6914,11391,6914,2023-03-29,TransUnion,713,4,
6915,9029,6915,2023-06-27,Experian,710,4,
6916,2233,6916,2023-11-05,Experian,596,0,49
6917,8243,6917,2021-12-15,Experian,602,5,20
6918,14481,6918,2023-07-03,TransUnion,685,4,33
6919,8287,6919,2023-07-15,TransUnion,658,1,
6920,12993,6920,2024-01-02,Experian,736,5,
6921,12928,6921,2021-04-22,Experian,674,5,46
6922,12680,6922,2022-11-14,Experian,602,4,32
6923,8758,6923,2023-08-01,Experian,731,2,6
6924,11201,6924,2021-07-05,Equifax,704,1,39
6925,11002,6925,2020-04-03,TransUnion,688,5,40
6926,9386,6926,2022-09-06,Equifax,771,2,
6927,14261,6927,2020-04-21,Equifax,621,5,
6928,9876,6928,2023-12-12,TransUnion,694,5,
6929,1510,6929,2020-05-20,Experian,708,5,
6930,10965,6930,2021-11-21,TransUnion,748,3,43
6931,9468,6931,2024-04-29,Equifax,717,3,
6932,2909,6932,2022-09-21,Experian,670,0,
6933,1482,6933,2020-02-26,Experian,644,3,
6934,12427,6934,2021-11-10,Experian,677,4,
6935,1297,6935,2020-06-24,Experian,747,0,
6936,8348,6936,2021-02-09,Experian,726,1,
6937,833,6937,2023-08-09,Equifax,848,1,
6938,9540,6938,2022-08-17,TransUnion,692,3,
6939,2921,6939,2021-01-02,TransUnion,614,2,
6940,13747,6940,2021-05-14,TransUnion,724,3,
6941,2804,6941,2022-10-08,Experian,728,3,
6942,11127,6942,2022-12-13,TransUnion,824,0,
6943,12691,6943,2024-01-08,Equifax,744,1,
6944,14607,6944,2021-06-14,TransUnion,737,0,60
6945,8766,6945,2021-01-30,TransUnion,593,2,
6946,13713,6946,2022-07-05,Equifax,722,5,52
6947,3600,6947,2021-06-29,Experian,721,2,
6948,6612,6948,2020-07-13,TransUnion,692,5,
6949,13309,6949,2020-12-05,Equifax,706,1,36
6950,13104,6950,2020-04-11,Equifax,643,2,17
6951,12231,6951,2024-05-06,TransUnion,843,4,
6952,299,6952,2023-02-19,TransUnion,699,2,69
6953,4071,6953,2022-10-21,TransUnion,739,0,69
6954,13306,6954,2020-11-02,TransUnion,630,1,67
6955,11314,6955,2023-07-09,TransUnion,705,0,67
6956,3142,6956,2021-04-03,TransUnion,725,0,
6957,11246,6957,2021-03-08,TransUnion,748,1,
6958,1137,6958,2020-11-19,Equifax,736,4,59
6959,6880,6959,2021-09-23,TransUnion,757,0,
6960,10645,6960,2023-09-25,Equifax,825,3,
6961,12379,6961,2023-01-15,Experian,808,1,31
6962,14879,6962,2022-05-14,Equifax,724,2,62
6963,14714,6963,2021-05-09,TransUnion,671,3,50
6964,742,6964,2022-02-26,TransUnion,821,2,71
6965,13897,6965,2023-08-21,Experian,631,4,
6966,4367,6966,2020-01-22,TransUnion,715,4,61
6967,12818,6967,2021-02-27,Experian,663,4,
6968,3663,6968,2023-06-12,TransUnion,609,4,
6969,12729,6969,2024-04-22,Equifax,706,3,
6970,4143,6970,2020-08-06,TransUnion,708,0,
6971,5306,6971,2021-07-01,Equifax,663,1,
6972,14163,6972,2020-10-08,Equifax,767,4,18
6973,9065,6973,2021-06-16,Experian,743,4,
6974,4417,6974,2022-02-21,Experian,719,2,8
6975,9211,6975,2022-10-01,TransUnion,671,3,
6976,3839,6976,2024-03-24,Equifax,726,4,
6977,8439,6977,2020-10-07,TransUnion,588,0,
6978,6047,6978,2020-06-24,Experian,739,5,
6979,1635,6979,2023-11-06,TransUnion,658,5,
6980,3731,6980,2020-07-19,Equifax,667,3,38
6981,954,6981,2022-10-09,Equifax,737,3,29
6982,3997,6982,2020-02-15,Equifax,684,1,
6983,7134,6983,2022-07-08,Experian,733,4,54
6984,4057,6984,2023-10-08,Equifax,734,2,40
6985,4471,6985,2024-01-06,Equifax,786,0,38
6986,4416,6986,2020-03-29,Experian,715,1,28
6987,3987,6987,2020-11-18,Experian,748,2,
6988,6723,6988,2023-05-26,Experian,718,2,33
6989,7810,6989,2020-06-05,Equifax,787,1,14
6990,4274,6990,2022-10-04,TransUnion,841,5,12
6991,11737,6991,2023-11-18,TransUnion,732,0,28
6992,5074,6992,2021-07-14,Equifax,744,5,71
6993,7262,6993,2020-09-05,Experian,739,3,14
6994,7986,6994,2022-11-01,Experian,747,0,
6995,4339,6995,2020-07-06,Experian,619,2,
6996,6340,6996,2022-08-03,Equifax,717,4,53
6997,4587,6997,2021-05-31,Experian,672,2,61
6998,4512,6998,2024-02-21,Equifax,839,5,
6999,608,6999,2022-01-26,Equifax,633,4,
7000,9109,7000,2021-02-19,TransUnion,720,0,
7001,8597,7001,2020-12-29,Experian,679,0,67
7002,1772,7002,2023-09-19,Experian,684,1,35
7003,2010,7003,2020-05-02,Experian,688,1,
7004,6682,7004,2021-07-11,Equifax,702,4,51
7005,688,7005,2020-02-23,Equifax,743,5,48
7006,7840,7006,2020-07-25,Equifax,723,1,7
7007,14978,7007,2020-08-31,Equifax,798,1,
7008,6890,7008,2021-09-22,TransUnion,697,4,
7009,8454,7009,2023-07-19,Experian,634,0,37
7010,6367,7010,2022-06-11,Experian,690,3,
7011,12551,7011,2022-11-23,TransUnion,642,2,
7012,14203,7012,2020-05-06,Experian,643,2,
7013,12127,7013,2024-01-16,Experian,699,4,
7014,11496,7014,2020-01-20,TransUnion,670,3,
7015,3513,7015,2024-03-24,Experian,672,3,25
7016,3276,7016,2023-02-28,Equifax,601,2,32
7017,11030,7017,2021-08-14,TransUnion,848,0,
7018,6482,7018,2020-01-01,TransUnion,585,1,44
7019,11681,7019,2020-02-11,Experian,772,1,21
7020,2772,7020,2023-03-02,Equifax,839,4,
7021,13624,7021,2023-05-19,Experian,749,1,44
7022,11953,7022,2023-08-05,Experian,780,0,
7023,4438,7023,2020-03-19,TransUnion,655,4,
7024,3462,7024,2020-09-05,Experian,739,0,
7025,1542,7025,2023-11-27,TransUnion,623,3,
7026,2763,7026,2023-07-26,Experian,619,1,
7027,9138,7027,2020-09-27,Equifax,632,1,
7028,12104,7028,2022-02-28,Equifax,712,0,55
7029,14901,7029,2022-11-19,Experian,834,0,
7030,6118,7030,2020-12-28,Experian,644,2,
7031,8011,7031,2022-11-29,TransUnion,823,1,
7032,2600,7032,2024-04-30,TransUnion,724,5,61
7033,10128,7033,2021-02-11,Equifax,789,5,64
7034,4935,7034,2020-07-18,TransUnion,847,1,11
7035,9859,7035,2021-12-26,TransUnion,707,4,
7036,2771,7036,2023-03-05,TransUnion,722,0,35
7037,9607,7037,2022-11-04,Experian,630,5,34
7038,14417,7038,2022-12-02,Equifax,600,0,42
7039,14025,7039,2023-01-24,Experian,777,1,45
7040,11972,7040,2020-09-14,TransUnion,850,4,25
7041,13545,7041,2023-04-28,TransUnion,691,2,57
7042,3941,7042,2020-03-10,Experian,652,0,
7043,9915,7043,2023-10-20,TransUnion,671,0,
7044,1147,7044,2020-02-25,TransUnion,691,1,
7045,8945,7045,2024-01-02,TransUnion,680,1,
7046,12877,7046,2023-04-26,Equifax,691,5,
7047,1220,7047,2021-05-13,TransUnion,781,4,62
7048,6416,7048,2020-12-19,TransUnion,642,2,
7049,1955,7049,2020-01-12,Equifax,666,2,46
7050,6728,7050,2024-02-14,TransUnion,630,5,
7051,14556,7051,2021-07-18,TransUnion,703,5,
7052,14634,7052,2022-03-18,Experian,803,1,
7053,5374,7053,2022-06-23,TransUnion,848,1,45
7054,3566,7054,2022-07-15,Equifax,815,0,
7055,7372,7055,2021-03-31,TransUnion,634,0,
7056,2603,7056,2024-05-29,Equifax,671,0,51
7057,5599,7057,2023-10-28,TransUnion,646,0,
7058,4491,7058,2022-09-26,Experian,776,5,
7059,9045,7059,2022-03-15,TransUnion,821,2,
7060,8734,7060,2022-08-07,Equifax,727,4,
7061,10558,7061,2022-02-16,Experian,728,3,
7062,3706,7062,2020-03-02,Equifax,582,0,40
7063,14689,7063,2024-01-06,Experian,741,0,14
7064,440,7064,2023-08-19,Experian,653,3,
7065,3478,7065,2023-07-03,TransUnion,589,3,10
7066,11853,7066,2021-06-19,TransUnion,839,2,
7067,2586,7067,2021-10-27,Experian,782,4,43
7068,10765,7068,2021-12-24,TransUnion,758,3,
7069,2239,7069,2023-02-20,TransUnion,731,0,37
7070,9422,7070,2022-02-01,TransUnion,624,0,
7071,9446,7071,2020-02-12,Experian,708,4,
7072,7780,7072,2023-08-13,TransUnion,673,4,65
7073,3893,7073,2021-08-27,Equifax,791,3,
7074,6806,7074,2021-11-03,Equifax,720,4,
7075,7799,7075,2024-05-23,TransUnion,725,3,62
7076,8104,7076,2022-10-18,Experian,613,3,5
7077,14580,7077,2022-09-04,Experian,593,0,48
7078,5861,7078,2020-02-20,Equifax,693,4,14
7079,6612,7079,2022-07-07,TransUnion,692,0,
7080,10940,7080,2021-05-12,Experian,696,0,
7081,11071,7081,2020-02-27,Experian,660,3,44
7082,5632,7082,2020-10-11,TransUnion,725,2,11
7083,13828,7083,2020-02-04,Experian,694,3,19
7084,10657,7084,2023-06-21,Experian,811,5,
7085,1684,7085,2023-08-21,Equifax,837,0,
7086,11273,7086,2021-12-03,Equifax,609,4,
7087,331,7087,2020-08-24,Experian,794,3,
7088,8787,7088,2020-10-16,Experian,600,0,60
7089,7702,7089,2020-10-23,Equifax,669,0,61
7090,10871,7090,2020-02-15,Experian,720,2,
7091,4694,7091,2020-03-10,Equifax,604,5,
7092,3528,7092,2022-04-27,TransUnion,765,0,24
7093,8556,7093,2020-05-04,Equifax,769,3,
7094,7698,7094,2022-05-19,TransUnion,672,5,
7095,10278,7095,2021-10-07,Experian,740,3,
7096,4794,7096,2020-09-13,TransUnion,657,5,25
7097,8834,7097,2024-04-27,Experian,814,2,23
7098,5128,7098,2022-07-01,Experian,701,4,35
7099,5454,7099,2022-04-02,Equifax,798,1,
7100,109,7100,2021-10-13,TransUnion,652,5,
7101,6643,7101,2022-12-06,TransUnion,740,4,
7102,1718,7102,2023-12-31,Experian,686,4,
7103,8760,7103,2020-06-16,Equifax,749,1,
7104,3936,7104,2022-07-07,Experian,845,4,
7105,4341,7105,2023-10-22,Equifax,667,3,
7106,585,7106,2021-11-25,Experian,705,2,28
7107,12737,7107,2022-09-06,Experian,762,0,
7108,12878,7108,2021-04-30,Equifax,703,0,
7109,1682,7109,2022-10-21,Equifax,692,3,
7110,1779,7110,2024-01-27,TransUnion,730,2,
7111,14289,7111,2024-02-28,TransUnion,600,4,
7112,9841,7112,2023-11-21,TransUnion,738,2,4
7113,8491,7113,2020-12-24,Equifax,677,1,
7114,11707,7114,2020-10-03,TransUnion,794,5,
7115,9282,7115,2023-11-21,Experian,690,1,42
7116,7038,7116,2024-04-09,Equifax,698,0,
7117,7818,7117,2023-12-19,TransUnion,722,5,6
7118,5417,7118,2023-05-02,Experian,671,0,
7119,7904,7119,2020-12-20,TransUnion,678,0,70
7120,9468,7120,2020-03-26,Equifax,717,3,29
7121,5787,7121,2021-11-06,TransUnion,746,4,35
7122,10577,7122,2022-05-08,TransUnion,585,5,40
7123,10043,7123,2022-11-07,Equifax,677,3,57
7124,12285,7124,2020-04-08,Experian,773,3,15
7125,5210,7125,2024-04-30,TransUnion,662,4,
7126,10634,7126,2022-08-15,TransUnion,737,1,
7127,3034,7127,2024-03-30,Experian,668,1,57
7128,12410,7128,2022-04-29,TransUnion,697,3,50
7129,12768,7129,2021-09-25,TransUnion,771,0,3
7130,14506,7130,2022-02-05,Experian,650,2,
7131,14948,7131,2021-06-26,Experian,630,3,51
7132,1804,7132,2020-09-21,Equifax,598,1,
7133,9903,7133,2020-06-03,TransUnion,707,3,
7134,12921,7134,2022-11-29,Equifax,694,5,
7135,14838,7135,2022-10-31,Experian,693,5,
7136,5985,7136,2021-12-10,Equifax,760,5,
7137,8169,7137,2024-04-16,Experian,778,2,6
7138,144,7138,2020-10-06,TransUnion,781,0,
7139,8280,7139,2021-02-24,Equifax,637,4,
7140,5973,7140,2024-04-02,Experian,694,3,48
7141,4835,7141,2023-07-02,TransUnion,677,1,
7142,9665,7142,2022-03-24,TransUnion,741,4,34
7143,1363,7143,2020-04-27,Experian,829,0,
7144,12225,7144,2021-10-30,Experian,649,4,
7145,6868,7145,2022-11-20,Experian,831,5,62
7146,1710,7146,2020-02-16,TransUnion,729,0,34
7147,6313,7147,2020-11-19,Equifax,593,2,
7148,1761,7148,2020-02-24,Experian,699,3,
7149,13162,7149,2020-11-25,TransUnion,691,3,
7150,9538,7150,2023-06-01,Equifax,640,1,
7151,2421,7151,2024-01-17,TransUnion,635,5,30
7152,3258,7152,2022-05-06,Experian,698,0,26
7153,10135,7153,2020-11-24,Equifax,773,4,
7154,3568,7154,2022-01-08,Experian,820,0,
7155,11604,7155,2020-12-26,TransUnion,835,3,4
7156,3624,7156,2020-09-17,TransUnion,619,5,58
7157,4242,7157,2022-04-10,Equifax,616,1,
7158,7081,7158,2020-06-27,TransUnion,732,3,
7159,9196,7159,2024-04-23,Equifax,747,0,
7160,10326,7160,2022-08-18,Experian,748,1,
7161,2341,7161,2023-10-14,Equifax,787,5,17
7162,13128,7162,2023-06-12,TransUnion,790,3,
7163,5865,7163,2022-12-26,Equifax,736,1,52
7164,14241,7164,2021-10-16,TransUnion,679,2,21
7165,7187,7165,2020-07-12,Experian,596,3,
7166,4915,7166,2023-02-07,TransUnion,688,4,
7167,6087,7167,2020-12-10,Equifax,822,0,46
7168,10165,7168,2023-02-09,TransUnion,707,5,
7169,5296,7169,2023-12-03,TransUnion,603,4,69
7170,3123,7170,2023-11-14,Equifax,711,2,49
7171,9665,7171,2023-01-21,Equifax,741,3,
7172,11925,7172,2023-12-10,Equifax,742,4,
7173,3632,7173,2020-09-25,TransUnion,686,4,
7174,5075,7174,2022-02-24,TransUnion,682,5,
7175,12348,7175,2023-01-21,Equifax,689,4,27
7176,1076,7176,2020-08-04,Equifax,633,1,46
7177,8354,7177,2023-05-29,Equifax,733,1,65
7178,4627,7178,2023-09-04,Experian,732,3,
7179,8405,7179,2021-07-03,Equifax,722,5,
7180,5344,7180,2021-07-12,Equifax,707,0,
7181,1390,7181,2020-05-08,Experian,723,5,24
7182,14849,7182,2023-08-15,Equifax,707,3,
7183,468,7183,2020-10-03,Experian,755,0,
7184,7722,7184,2022-10-02,TransUnion,700,0,
7185,7050,7185,2020-05-07,Equifax,625,4,19
7186,6451,7186,2021-06-03,Experian,607,2,
7187,4697,7187,2021-04-30,TransUnion,637,0,4
7188,8043,7188,2022-07-12,Equifax,828,2,35
7189,8477,7189,2021-10-24,Experian,671,0,
7190,7289,7190,2021-04-24,Equifax,608,4,
7191,11341,7191,2020-05-24,Experian,613,5,49
7192,12553,7192,2023-04-19,TransUnion,585,2,45
7193,1654,7193,2022-06-04,Equifax,614,4,59
7194,13988,7194,2020-10-03,TransUnion,689,5,
7195,1796,7195,2021-10-19,Equifax,666,4,
7196,11490,7196,2023-09-19,Equifax,641,0,40
7197,11864,7197,2020-08-05,TransUnion,728,3,
7198,2703,7198,2020-10-21,Experian,711,1,69
7199,7746,7199,2021-12-24,TransUnion,632,4,
7200,359,7200,2023-04-15,TransUnion,660,4,
7201,4696,7201,2021-11-18,Experian,739,4,43
7202,11556,7202,2022-04-13,Equifax,742,3,
7203,4789,7203,2022-04-22,Equifax,701,5,
7204,1520,7204,2021-05-11,Equifax,714,3,11
7205,8505,7205,2023-03-13,Equifax,653,4,20
7206,6989,7206,2021-08-10,TransUnion,625,2,
7207,12388,7207,2023-06-15,Experian,784,2,49
7208,13142,7208,2021-07-15,TransUnion,640,0,
7209,7144,7209,2022-03-27,Experian,705,2,
7210,6025,7210,2021-12-06,TransUnion,839,0,
7211,9963,7211,2023-10-28,Experian,744,0,51
7212,6938,7212,2020-02-09,TransUnion,728,0,68
7213,13605,7213,2020-10-15,TransUnion,590,0,
7214,10418,7214,2024-01-17,Experian,741,4,61
7215,658,7215,2020-03-12,Experian,707,0,50
7216,12918,7216,2022-01-01,TransUnion,614,4,
7217,9022,7217,2020-12-23,Experian,834,4,53
7218,14039,7218,2022-07-12,TransUnion,704,4,
7219,11049,7219,2020-01-15,Experian,698,2,10
7220,1952,7220,2022-06-18,Experian,732,2,27
7221,10581,7221,2023-07-18,TransUnion,655,5,69
7222,4599,7222,2024-01-16,TransUnion,704,5,65
7223,4389,7223,2021-07-31,Equifax,742,4,17
7224,2636,7224,2021-08-17,TransUnion,721,3,
7225,10158,7225,2024-05-03,Equifax,730,3,57
7226,11396,7226,2021-08-31,Experian,637,4,50
7227,6267,7227,2020-07-13,Equifax,657,5,15
7228,10808,7228,2020-07-08,TransUnion,747,5,
7229,13372,7229,2021-03-26,Experian,673,2,
7230,10566,7230,2020-04-20,Experian,733,2,
7231,5633,7231,2021-03-13,TransUnion,766,0,11
7232,5745,7232,2024-04-19,Experian,737,4,
7233,13406,7233,2020-10-09,Equifax,703,2,
7234,10457,7234,2024-01-03,Equifax,594,4,
7235,7816,7235,2021-06-01,TransUnion,664,3,14
7236,12339,7236,2023-10-26,Experian,676,2,56
7237,11287,7237,2022-05-26,Equifax,700,5,
7238,12243,7238,2021-07-15,TransUnion,675,5,
7239,6083,7239,2023-01-22,TransUnion,701,4,67
7240,2315,7240,2023-12-28,Experian,592,1,
7241,11270,7241,2021-04-23,Equifax,675,1,46
7242,10986,7242,2021-04-25,Experian,846,0,60
7243,2064,7243,2021-12-20,Experian,591,1,35
7244,2940,7244,2020-01-29,Experian,596,3,
7245,3240,7245,2022-04-01,Equifax,765,3,
7246,6040,7246,2021-10-05,Equifax,690,3,
7247,12360,7247,2020-01-08,Experian,750,3,
7248,2149,7248,2023-09-10,Experian,754,4,40
7249,12719,7249,2020-08-24,TransUnion,757,5,
7250,10396,7250,2022-07-06,Equifax,667,3,21
7251,10260,7251,2020-03-13,Experian,703,0,
7252,14939,7252,2021-08-28,TransUnion,710,0,
7253,2247,7253,2023-03-28,TransUnion,689,4,
7254,5505,7254,2022-06-30,Equifax,722,3,
7255,9787,7255,2021-06-27,Experian,797,4,
7256,7968,7256,2020-06-14,TransUnion,737,4,
7257,4173,7257,2022-06-24,Experian,602,0,70
7258,13335,7258,2023-08-29,Experian,711,4,37
7259,7363,7259,2022-12-07,Equifax,670,2,32
7260,998,7260,2021-04-04,Equifax,790,5,
7261,14316,7261,2020-12-17,Equifax,629,3,
7262,5485,7262,2022-01-25,TransUnion,802,0,57
7263,11752,7263,2020-02-03,Equifax,650,5,17
7264,3865,7264,2024-02-15,TransUnion,580,4,
7265,9303,7265,2023-12-26,Equifax,585,0,
7266,11728,7266,2023-03-29,Experian,735,3,
7267,11971,7267,2024-02-20,TransUnion,736,4,46
7268,4449,7268,2023-03-11,Equifax,797,4,
7269,5400,7269,2020-11-22,Experian,645,4,45
7270,14432,7270,2023-07-31,Equifax,740,1,41
7271,132,7271,2020-06-04,Equifax,749,1,
7272,780,7272,2020-03-11,Experian,653,4,52
7273,12371,7273,2023-06-06,TransUnion,685,5,14
7274,11858,7274,2021-02-15,Experian,605,3,
7275,6623,7275,2020-03-14,TransUnion,814,4,28
7276,14698,7276,2023-12-06,TransUnion,850,0,
7277,6858,7277,2021-03-15,Experian,703,1,
7278,6630,7278,2021-06-23,TransUnion,726,1,61
7279,13547,7279,2020-07-05,TransUnion,757,4,
7280,346,7280,2020-10-18,Equifax,722,0,
7281,6407,7281,2023-10-10,TransUnion,673,0,
7282,7453,7282,2024-04-18,TransUnion,728,0,
7283,917,7283,2021-03-10,TransUnion,693,3,5
7284,9312,7284,2023-10-25,Experian,721,5,18
7285,571,7285,2021-04-01,TransUnion,678,1,
7286,41,7286,2024-04-22,Experian,583,1,
7287,5624,7287,2021-12-19,Experian,840,1,
7288,6893,7288,2020-02-20,Experian,650,0,
7289,4322,7289,2024-04-22,Experian,817,1,10
7290,9486,7290,2022-06-10,TransUnion,834,1,
7291,12421,7291,2023-01-23,Experian,815,3,
7292,3663,7292,2020-09-22,Equifax,609,4,
7293,12430,7293,2023-04-27,Experian,701,2,
7294,8615,7294,2021-01-20,TransUnion,823,0,
7295,12231,7295,2023-06-28,Experian,843,2,
7296,8924,7296,2021-07-30,Equifax,843,4,
7297,4274,7297,2020-07-26,Experian,841,2,
7298,7913,7298,2023-12-28,Equifax,830,0,
7299,9682,7299,2024-04-24,Equifax,712,2,21
7300,2484,7300,2020-02-15,TransUnion,766,5,8
7301,6626,7301,2023-06-16,Experian,691,5,
7302,13614,7302,2020-01-28,TransUnion,773,4,70
7303,3869,7303,2022-08-20,TransUnion,770,1,47
7304,9487,7304,2024-03-28,TransUnion,770,5,
7305,5756,7305,2024-02-05,Equifax,744,5,
7306,1790,7306,2022-02-08,TransUnion,774,1,
7307,1573,7307,2020-07-17,Equifax,725,5,16
7308,14465,7308,2023-12-05,TransUnion,646,5,23
7309,12710,7309,2024-04-21,TransUnion,690,2,
7310,3659,7310,2021-02-07,TransUnion,661,5,60
7311,12591,7311,2023-03-09,Experian,845,1,14
7312,5749,7312,2022-04-09,Experian,747,5,
7313,6639,7313,2022-05-31,Equifax,604,1,49
7314,14102,7314,2021-02-15,Equifax,635,5,
7315,14255,7315,2023-03-04,TransUnion,694,1,
7316,3533,7316,2020-07-11,Experian,698,1,
7317,1706,7317,2020-09-10,TransUnion,599,2,
7318,181,7318,2020-11-12,Equifax,792,2,
7319,11134,7319,2020-03-08,TransUnion,803,2,12
7320,2380,7320,2022-10-04,Equifax,649,4,
7321,14669,7321,2023-10-09,Experian,694,3,8
7322,8741,7322,2023-12-30,TransUnion,587,1,
7323,14034,7323,2020-02-19,TransUnion,807,3,
7324,2181,7324,2022-06-07,Equifax,714,0,
7325,7162,7325,2020-10-22,Equifax,654,1,
7326,9632,7326,2024-02-25,Equifax,692,0,
7327,7523,7327,2020-09-21,TransUnion,831,0,
7328,10283,7328,2022-03-05,Equifax,733,0,
7329,728,7329,2020-06-23,Equifax,834,4,
7330,8165,7330,2022-05-04,Equifax,773,5,
7331,7783,7331,2022-08-25,TransUnion,735,4,
7332,7851,7332,2023-07-15,TransUnion,684,1,45
7333,4514,7333,2020-02-09,Equifax,848,2,
7334,5346,7334,2022-04-24,Experian,732,5,50
7335,1534,7335,2020-06-08,Equifax,658,1,
7336,6693,7336,2024-02-25,TransUnion,653,3,6
7337,10499,7337,2020-07-15,Experian,655,2,65
7338,6985,7338,2022-02-17,Equifax,737,1,
7339,9828,7339,2023-11-30,Experian,638,5,
7340,4317,7340,2023-03-12,Equifax,701,1,
7341,13958,7341,2022-04-28,Experian,728,5,
7342,12546,7342,2022-04-11,Experian,721,1,41
7343,14620,7343,2021-12-09,TransUnion,681,2,
7344,4913,7344,2021-06-21,Equifax,736,3,16
7345,1087,7345,2023-10-26,Equifax,635,0,
7346,710,7346,2022-05-04,Equifax,717,1,
7347,928,7347,2021-07-12,Experian,765,2,
7348,3609,7348,2021-09-11,TransUnion,749,5,17
7349,8405,7349,2020-08-29,TransUnion,722,4,
7350,5642,7350,2020-04-29,Experian,658,4,9
7351,11212,7351,2024-01-23,Experian,735,4,36
7352,5840,7352,2021-11-02,Experian,683,5,
7353,13112,7353,2021-09-21,Experian,746,4,23
7354,12351,7354,2023-09-20,Experian,830,5,
7355,14926,7355,2021-06-15,TransUnion,809,5,
7356,2686,7356,2021-12-07,Equifax,813,4,
7357,14266,7357,2023-03-31,Equifax,726,2,39
7358,2449,7358,2020-03-16,Experian,689,2,
7359,12239,7359,2022-03-14,Equifax,711,5,42
7360,4330,7360,2020-04-20,TransUnion,692,5,
7361,4118,7361,2023-06-21,TransUnion,834,4,
7362,7951,7362,2022-12-11,Equifax,710,4,20
7363,8674,7363,2023-05-01,Equifax,624,4,
7364,6793,7364,2020-05-07,Equifax,686,1,52
7365,4278,7365,2022-04-13,Experian,606,0,
7366,7526,7366,2023-01-15,Experian,811,5,
7367,12895,7367,2020-08-20,Experian,734,5,
7368,10283,7368,2020-02-12,Equifax,733,5,
7369,11922,7369,2023-09-21,Experian,729,4,6
7370,13457,7370,2020-06-05,Experian,705,4,51
7371,2142,7371,2023-02-06,TransUnion,674,1,30
7372,3817,7372,2022-05-18,Equifax,676,0,6
7373,7986,7373,2021-07-11,Equifax,747,1,
7374,12684,7374,2024-05-07,TransUnion,691,3,
7375,5690,7375,2024-03-05,Experian,727,0,
7376,2698,7376,2020-07-17,Experian,671,2,63
7377,682,7377,2022-11-22,Experian,679,3,
7378,14506,7378,2022-05-07,Experian,650,3,
7379,11269,7379,2022-10-31,TransUnion,813,5,
7380,1146,7380,2020-01-14,Experian,669,1,
7381,13805,7381,2023-10-09,Equifax,702,4,
7382,9789,7382,2021-03-21,TransUnion,662,5,66
7383,8385,7383,2024-01-29,Experian,735,0,55
7384,12262,7384,2021-12-15,Experian,642,0,37
7385,777,7385,2023-10-06,Equifax,694,0,
7386,6808,7386,2024-05-14,TransUnion,665,1,58
7387,5175,7387,2021-05-29,TransUnion,757,2,
7388,1970,7388,2020-10-29,TransUnion,679,3,
7389,745,7389,2020-09-05,Experian,808,2,11
7390,10484,7390,2023-05-18,Equifax,809,3,
7391,9808,7391,2023-07-14,TransUnion,690,4,64
7392,12817,7392,2020-11-28,TransUnion,690,4,44
7393,14230,7393,2023-12-19,Equifax,596,2,70
7394,14057,7394,2021-08-05,TransUnion,758,5,51
7395,136,7395,2023-07-12,Experian,799,3,70
7396,12659,7396,2020-11-02,Experian,821,1,
7397,3211,7397,2023-12-16,Experian,587,1,41
7398,3831,7398,2022-08-22,Equifax,709,0,67
7399,4306,7399,2022-01-23,Equifax,741,0,38
7400,44,7400,2023-08-18,TransUnion,662,3,
7401,4645,7401,2021-08-06,Experian,729,4,
7402,8689,7402,2022-01-20,Equifax,717,4,
7403,5647,7403,2020-05-26,Experian,597,2,
7404,13092,7404,2022-10-09,Experian,727,2,
7405,8417,7405,2022-12-12,TransUnion,705,3,
7406,3947,7406,2020-02-13,Equifax,646,5,33
7407,5565,7407,2020-11-07,Experian,815,0,
7408,2240,7408,2022-02-08,TransUnion,835,1,
7409,6382,7409,2020-04-20,Experian,707,4,
7410,4052,7410,2022-10-25,Experian,618,4,
7411,1402,7411,2023-10-14,TransUnion,746,4,
7412,622,7412,2020-12-04,Experian,706,5,64
7413,3249,7413,2024-01-13,TransUnion,597,2,
7414,13550,7414,2021-12-18,TransUnion,716,1,
7415,12418,7415,2023-04-20,TransUnion,738,2,27
7416,1858,7416,2024-05-25,Experian,580,5,68
7417,8940,7417,2022-07-19,TransUnion,734,5,
7418,2570,7418,2020-08-23,Equifax,796,4,21
7419,254,7419,2024-04-02,Equifax,631,5,
7420,2384,7420,2020-09-30,Experian,608,5,
7421,8890,7421,2023-01-01,TransUnion,838,1,
7422,10896,7422,2022-03-11,Experian,666,3,29
7423,13935,7423,2021-01-19,Experian,748,0,11
7424,14837,7424,2024-04-05,TransUnion,625,3,
7425,11264,7425,2022-08-27,TransUnion,742,4,
7426,14401,7426,2021-06-28,TransUnion,712,5,
7427,3279,7427,2021-09-10,TransUnion,713,1,
7428,2392,7428,2023-01-08,TransUnion,788,1,13
7429,6682,7429,2023-05-23,TransUnion,702,5,5
7430,2550,7430,2023-05-28,Experian,837,5,
7431,3529,7431,2023-02-07,Experian,720,3,
7432,3800,7432,2023-04-05,Equifax,639,4,51
7433,3559,7433,2020-07-17,TransUnion,582,0,71
7434,13042,7434,2023-11-16,Equifax,660,2,54
7435,4271,7435,2020-12-06,TransUnion,666,2,
7436,8628,7436,2022-08-12,Equifax,825,3,
7437,6418,7437,2024-03-27,Experian,748,1,
7438,5,7438,2022-04-20,Experian,713,4,
7439,11950,7439,2020-03-17,Experian,687,2,
7440,788,7440,2022-01-18,Experian,848,1,70
7441,13029,7441,2022-01-03,Experian,717,2,
7442,11865,7442,2022-04-04,Experian,589,3,
7443,10188,7443,2020-04-01,Experian,711,0,
7444,12112,7444,2021-11-26,Equifax,663,4,
7445,3464,7445,2021-04-06,TransUnion,656,4,
7446,11152,7446,2022-06-06,TransUnion,817,1,11
7447,7108,7447,2021-06-25,TransUnion,700,0,
7448,9447,7448,2022-03-19,Experian,617,4,
7449,4310,7449,2023-02-19,TransUnion,772,1,65
7450,14464,7450,2021-09-30,Experian,624,0,
7451,1980,7451,2021-01-23,Equifax,756,2,
7452,13440,7452,2020-06-17,TransUnion,632,1,
7453,10976,7453,2024-05-10,TransUnion,817,5,
7454,7599,7454,2024-05-21,TransUnion,743,1,
7455,4553,7455,2024-04-28,Equifax,737,4,60
7456,8198,7456,2021-09-20,Equifax,842,2,53
7457,14764,7457,2023-07-12,TransUnion,844,5,
7458,10679,7458,2024-02-27,TransUnion,723,5,21
7459,4161,7459,2020-05-31,Equifax,691,0,
7460,6486,7460,2020-07-20,Experian,705,4,
7461,3194,7461,2020-06-14,TransUnion,816,2,
7462,2695,7462,2024-03-18,Experian,777,4,66
7463,14741,7463,2021-10-20,TransUnion,772,2,
7464,2805,7464,2022-10-09,TransUnion,586,2,31
7465,11667,7465,2023-04-28,Experian,814,3,
7466,502,7466,2024-05-15,TransUnion,675,3,22
7467,14635,7467,2021-09-16,Equifax,699,3,35
7468,13353,7468,2023-02-18,TransUnion,639,5,
7469,1471,7469,2021-09-25,Experian,824,3,19
7470,4591,7470,2020-04-15,TransUnion,594,0,
7471,8651,7471,2021-02-08,Experian,745,5,
7472,3305,7472,2020-02-20,Equifax,685,3,6
7473,9851,7473,2023-08-21,Equifax,722,4,60
7474,11739,7474,2020-10-29,Experian,797,5,69
7475,651,7475,2022-11-25,Experian,742,2,
7476,13358,7476,2021-10-11,Experian,741,5,12
7477,9420,7477,2022-12-19,TransUnion,738,5,
7478,11443,7478,2023-09-25,Experian,738,0,59
7479,12928,7479,2020-06-29,TransUnion,674,3,31
7480,2706,7480,2021-12-03,Experian,743,3,11
7481,8876,7481,2024-01-11,Experian,650,3,
7482,2896,7482,2020-09-11,TransUnion,714,2,31
7483,4348,7483,2021-12-02,Experian,685,2,49
7484,14190,7484,2024-01-26,Equifax,649,3,
7485,5308,7485,2021-09-22,TransUnion,744,3,58
7486,14868,7486,2023-03-24,Experian,718,0,
7487,6586,7487,2023-02-05,Equifax,774,2,33
7488,14709,7488,2020-06-13,Experian,751,0,13
7489,7331,7489,2023-12-06,TransUnion,709,5,48
7490,3261,7490,2022-03-21,Equifax,612,1,47
7491,1880,7491,2022-10-06,TransUnion,594,1,4
7492,2085,7492,2021-02-14,TransUnion,727,0,8
7493,3476,7493,2024-05-15,Experian,700,4,
7494,12928,7494,2020-12-26,TransUnion,674,4,
7495,14911,7495,2021-08-19,Experian,644,1,
7496,8963,7496,2024-05-30,TransUnion,607,3,22
7497,2676,7497,2022-11-10,TransUnion,668,0,31
7498,10044,7498,2021-11-11,Equifax,589,5,
7499,5119,7499,2021-11-14,TransUnion,775,0,12
7500,4658,7500,2022-08-20,TransUnion,593,1,
7501,3055,7501,2022-02-17,Equifax,802,4,
7502,7958,7502,2023-06-02,Equifax,608,2,
7503,7394,7503,2020-10-04,TransUnion,736,4,
7504,14737,7504,2022-09-13,TransUnion,607,3,26
7505,9742,7505,2024-05-01,Experian,661,4,28
7506,5644,7506,2022-04-19,Experian,689,2,
7507,6233,7507,2021-04-19,Experian,768,0,28
7508,6968,7508,2022-10-13,Experian,745,2,19
7509,3536,7509,2020-05-13,TransUnion,708,5,23
7510,14973,7510,2021-06-20,Experian,673,0,
7511,12709,7511,2022-01-10,Equifax,666,5,
7512,11142,7512,2023-03-29,TransUnion,826,0,11
7513,62,7513,2020-02-07,Experian,751,3,
7514,4408,7514,2023-08-17,Equifax,832,1,9
7515,13274,7515,2022-06-29,Equifax,720,2,30
7516,4547,7516,2022-04-24,Experian,610,5,
7517,535,7517,2023-03-03,TransUnion,667,5,61
7518,13140,7518,2021-01-20,Experian,699,0,
7519,2808,7519,2021-10-13,Experian,679,1,
7520,8040,7520,2020-10-24,Experian,586,4,
7521,5778,7521,2021-10-02,TransUnion,676,3,
7522,7114,7522,2022-05-31,Experian,686,3,
7523,13639,7523,2022-01-03,Equifax,634,4,
7524,2973,7524,2020-06-30,Equifax,749,4,
7525,11781,7525,2024-01-03,Equifax,655,2,18
7526,12474,7526,2020-09-20,Equifax,701,4,12
7527,10726,7527,2024-04-25,Equifax,675,4,14
7528,5068,7528,2020-11-15,TransUnion,813,4,
7529,10990,7529,2021-09-16,Experian,668,4,
7530,11862,7530,2021-06-02,Equifax,670,0,
7531,6372,7531,2020-12-06,TransUnion,770,0,62
7532,10660,7532,2022-07-24,Equifax,718,1,57
7533,8703,7533,2020-07-11,Experian,636,5,
7534,8356,7534,2022-07-05,Equifax,678,3,
7535,7658,7535,2023-11-05,Experian,807,2,23
7536,2055,7536,2022-07-06,Equifax,656,4,
7537,166,7537,2021-05-01,Equifax,781,4,71
7538,11820,7538,2020-03-17,Equifax,728,3,
7539,4983,7539,2024-05-10,Experian,702,5,
7540,2742,7540,2023-12-19,TransUnion,691,3,7
7541,3287,7541,2021-10-09,Equifax,778,2,65
7542,9703,7542,2020-05-07,TransUnion,708,3,
7543,10257,7543,2022-11-26,Experian,720,4,50
7544,12530,7544,2022-08-29,Equifax,609,4,17
7545,2168,7545,2024-02-05,Experian,711,3,34
7546,2931,7546,2023-07-28,TransUnion,675,3,
7547,10544,7547,2023-12-16,Experian,715,4,
7548,4412,7548,2022-01-27,Experian,690,0,
7549,10285,7549,2020-10-19,Equifax,716,0,49
7550,1269,7550,2021-06-27,Experian,690,4,
7551,10639,7551,2020-05-21,Experian,829,5,59
7552,2312,7552,2020-02-05,Equifax,731,2,55
7553,239,7553,2021-12-19,TransUnion,745,4,48
7554,2879,7554,2021-05-23,Experian,721,0,31
7555,8327,7555,2023-08-12,Equifax,599,4,
7556,11960,7556,2021-01-08,TransUnion,749,4,
7557,7090,7557,2020-08-13,Experian,670,5,54
7558,1978,7558,2022-07-10,Experian,624,5,35
7559,2155,7559,2023-09-13,Equifax,667,5,
7560,11630,7560,2023-10-04,Experian,794,0,
7561,8361,7561,2020-06-13,Experian,632,4,
7562,2032,7562,2023-11-20,Experian,847,2,
7563,9172,7563,2020-08-05,Experian,737,3,
7564,11234,7564,2022-05-10,Experian,641,2,5
7565,8895,7565,2021-11-18,Experian,825,5,
7566,7795,7566,2022-05-11,Equifax,723,3,21
7567,1661,7567,2021-10-28,Experian,698,1,29
7568,6851,7568,2022-08-03,Experian,801,2,
7569,12490,7569,2022-04-17,TransUnion,687,2,
7570,509,7570,2024-01-11,Experian,815,2,6
7571,11691,7571,2020-06-21,Experian,625,0,
7572,13736,7572,2020-06-17,Equifax,774,5,
7573,11628,7573,2021-06-08,Equifax,799,3,
7574,4010,7574,2023-06-10,Experian,666,5,
7575,8122,7575,2021-10-10,TransUnion,798,0,15
7576,1377,7576,2022-05-09,Experian,732,2,
7577,1101,7577,2024-02-24,TransUnion,590,1,40
7578,9406,7578,2020-11-11,TransUnion,832,5,
7579,3041,7579,2020-03-01,TransUnion,717,2,
7580,4727,7580,2021-11-29,TransUnion,631,5,
7581,4107,7581,2023-07-03,TransUnion,817,4,
7582,2163,7582,2022-02-10,Equifax,755,3,8
7583,476,7583,2023-11-03,Experian,734,3,
7584,2125,7584,2024-03-21,Experian,804,1,11
7585,5440,7585,2022-09-12,Equifax,656,0,
7586,3581,7586,2021-08-30,Experian,685,1,14
7587,9818,7587,2023-01-09,Equifax,705,3,68
7588,14183,7588,2023-08-16,TransUnion,850,4,22
7589,3252,7589,2023-02-24,Equifax,711,4,
7590,10177,7590,2023-07-25,Experian,745,3,
7591,7797,7591,2023-07-27,Experian,758,1,
7592,209,7592,2021-11-08,Equifax,672,2,66
7593,9017,7593,2022-04-03,Experian,664,5,57
7594,14302,7594,2023-07-14,Experian,629,5,
7595,14933,7595,2021-08-02,Experian,718,4,
7596,7840,7596,2024-01-31,TransUnion,723,3,
7597,12314,7597,2020-03-31,Experian,647,3,42
7598,7078,7598,2022-05-30,Equifax,734,0,45
7599,75,7599,2023-10-14,Equifax,755,2,
7600,6930,7600,2021-06-02,Equifax,678,0,
7601,3632,7601,2020-05-09,Equifax,686,4,
7602,1715,7602,2023-11-14,TransUnion,676,3,
7603,910,7603,2023-02-19,Experian,645,5,52
7604,2907,7604,2022-07-19,TransUnion,694,0,
7605,2609,7605,2023-03-19,Equifax,694,2,68
7606,5880,7606,2023-12-17,Experian,746,1,
7607,9426,7607,2023-08-14,Equifax,683,5,
7608,4470,7608,2020-04-25,TransUnion,706,1,
7609,237,7609,2020-08-04,Equifax,804,3,
7610,6448,7610,2023-09-29,TransUnion,692,1,
7611,11086,7611,2023-01-19,Equifax,736,2,40
7612,3833,7612,2024-02-01,Experian,836,5,38
7613,14802,7613,2020-06-28,Equifax,725,0,55
7614,7053,7614,2022-11-06,TransUnion,735,1,62
7615,6672,7615,2021-09-15,Equifax,796,2,
7616,3339,7616,2023-12-16,TransUnion,844,3,24
7617,8537,7617,2023-02-20,Experian,718,3,45
7618,2098,7618,2021-03-14,TransUnion,646,4,
7619,8325,7619,2021-10-29,TransUnion,681,3,
7620,14506,7620,2021-10-25,TransUnion,650,5,57
7621,12835,7621,2021-01-04,Equifax,820,5,11
7622,13574,7622,2020-01-21,TransUnion,585,3,61
7623,4347,7623,2022-09-10,Equifax,594,5,49
7624,1335,7624,2024-04-05,Experian,769,0,27
7625,6589,7625,2021-07-01,TransUnion,716,3,
7626,4637,7626,2021-01-19,TransUnion,669,1,3
7627,11022,7627,2020-04-13,Experian,724,4,
7628,7466,7628,2021-03-16,Equifax,734,0,
7629,12121,7629,2021-08-12,Equifax,680,1,
7630,2002,7630,2023-04-21,TransUnion,838,3,
7631,5983,7631,2021-09-24,Experian,729,1,64
7632,7510,7632,2023-07-21,TransUnion,601,5,
7633,6955,7633,2023-04-24,TransUnion,678,4,
7634,6206,7634,2020-06-19,Experian,828,3,19
7635,7230,7635,2024-02-10,TransUnion,687,2,
7636,7723,7636,2023-08-25,Experian,773,1,7
7637,14697,7637,2020-05-17,TransUnion,647,0,
7638,14095,7638,2021-11-12,TransUnion,842,1,
7639,9121,7639,2022-08-11,Equifax,749,4,
7640,7934,7640,2023-09-13,TransUnion,658,2,19
7641,9279,7641,2021-08-16,Equifax,740,1,12
7642,2227,7642,2020-02-13,TransUnion,776,3,53
7643,11780,7643,2021-01-02,Experian,634,5,
7644,960,7644,2020-08-04,Experian,689,4,
7645,5385,7645,2023-05-11,TransUnion,626,5,60
7646,12271,7646,2022-05-12,TransUnion,738,5,
7647,13792,7647,2023-02-26,Experian,747,0,
7648,2398,7648,2021-10-07,TransUnion,690,2,70
7649,12243,7649,2022-04-01,Experian,675,4,52
7650,5430,7650,2020-03-17,Equifax,582,0,8
7651,7642,7651,2022-12-07,TransUnion,646,0,12
7652,3093,7652,2020-04-12,Equifax,718,0,12
7653,6877,7653,2021-05-13,Experian,714,5,32
7654,10092,7654,2022-12-26,TransUnion,587,2,
7655,2627,7655,2023-01-01,TransUnion,682,5,
7656,5605,7656,2023-12-19,Experian,670,1,
7657,8493,7657,2021-11-11,Experian,655,2,
7658,5837,7658,2023-09-19,Experian,736,1,59
7659,4672,7659,2021-12-10,TransUnion,604,2,49
7660,2175,7660,2022-05-02,TransUnion,681,2,
7661,6821,7661,2024-03-19,TransUnion,774,4,40
7662,14709,7662,2021-10-04,Equifax,751,4,13
7663,9715,7663,2022-12-17,Experian,591,5,6
7664,1767,7664,2020-07-24,TransUnion,783,4,64
7665,2768,7665,2021-03-04,Equifax,648,0,
7666,14288,7666,2020-03-17,TransUnion,689,0,
7667,689,7667,2020-08-04,Experian,779,2,54
7668,8627,7668,2022-10-16,Experian,728,5,47
7669,135,7669,2020-02-15,Experian,658,3,
7670,4857,7670,2021-07-02,TransUnion,739,0,
7671,2108,7671,2020-12-13,Experian,676,0,
7672,14018,7672,2022-11-06,TransUnion,669,3,27
7673,10446,7673,2022-10-26,Experian,612,5,
7674,2920,7674,2021-09-30,Experian,767,0,37
7675,12258,7675,2022-01-18,Equifax,686,3,
7676,233,7676,2021-09-12,Equifax,707,5,10
7677,480,7677,2023-12-23,Experian,664,4,
7678,2814,7678,2023-03-05,Equifax,748,2,
7679,5375,7679,2021-12-08,TransUnion,635,2,
7680,8834,7680,2022-11-07,TransUnion,814,3,
7681,442,7681,2024-02-18,Equifax,784,0,
7682,4057,7682,2020-10-17,TransUnion,734,2,
7683,3061,7683,2022-05-03,TransUnion,646,4,
7684,11157,7684,2020-11-15,Experian,580,5,
7685,12928,7685,2022-02-11,Experian,674,1,
7686,2759,7686,2021-08-20,Experian,772,0,
7687,8555,7687,2022-09-22,Experian,690,0,45
7688,13537,7688,2022-07-10,Equifax,683,3,61
7689,2248,7689,2021-11-05,Equifax,723,0,
7690,10277,7690,2023-07-07,Experian,805,1,42
7691,10724,7691,2021-07-13,Equifax,679,0,
7692,9814,7692,2021-01-06,Experian,710,4,
7693,2917,7693,2020-06-25,Equifax,675,4,
7694,918,7694,2023-12-21,TransUnion,688,0,57
7695,2482,7695,2020-04-26,Experian,725,0,
7696,12289,7696,2022-12-28,Experian,701,2,
7697,2259,7697,2022-10-06,Equifax,709,0,45
7698,2343,7698,2023-10-07,Equifax,674,5,55
7699,1129,7699,2024-03-19,Equifax,686,0,
7700,2977,7700,2021-09-15,Equifax,701,4,54
7701,6193,7701,2023-05-19,TransUnion,680,4,23
7702,12471,7702,2021-07-21,TransUnion,727,2,
7703,14570,7703,2023-10-20,Equifax,758,1,
7704,787,7704,2020-01-29,Equifax,800,4,68
7705,7055,7705,2020-02-18,Equifax,610,2,32
7706,11938,7706,2023-05-05,Equifax,671,3,47
7707,130,7707,2024-01-13,TransUnion,744,5,21
7708,12442,7708,2023-08-10,Experian,662,2,
7709,10140,7709,2021-04-03,Experian,786,0,23
7710,11995,7710,2021-07-06,Experian,588,4,35
7711,6555,7711,2023-07-29,Experian,601,2,64
7712,5212,7712,2022-12-07,Experian,662,4,50
7713,4618,7713,2023-05-22,Equifax,696,5,30
7714,1432,7714,2020-05-21,TransUnion,723,5,
7715,3739,7715,2022-05-12,Equifax,678,0,
7716,5760,7716,2022-11-20,TransUnion,836,4,
7717,11955,7717,2021-01-22,Experian,734,4,
7718,9258,7718,2022-09-16,Experian,736,2,
7719,13036,7719,2021-05-09,TransUnion,730,3,46
7720,6661,7720,2023-10-14,Experian,711,0,11
7721,7812,7721,2020-08-14,TransUnion,595,1,5
7722,11492,7722,2020-01-20,Equifax,654,3,
7723,1816,7723,2020-09-29,TransUnion,802,5,
7724,12918,7724,2020-05-09,Experian,614,5,
7725,4573,7725,2024-02-04,Equifax,830,2,48
7726,4047,7726,2023-07-12,TransUnion,775,0,
7727,8069,7727,2023-10-13,Equifax,731,4,
7728,8061,7728,2020-08-14,Equifax,705,2,
7729,6347,7729,2022-03-29,Experian,738,3,
7730,13513,7730,2024-01-16,TransUnion,777,4,
7731,2323,7731,2021-08-08,TransUnion,697,3,
7732,12374,7732,2022-11-18,TransUnion,642,2,
7733,11551,7733,2023-10-16,Experian,732,1,
7734,6716,7734,2023-10-23,TransUnion,723,0,34
7735,10380,7735,2023-02-01,Equifax,679,3,
7736,8578,7736,2021-09-04,TransUnion,654,2,
7737,9790,7737,2022-03-02,Equifax,711,4,60
7738,1533,7738,2021-12-22,Experian,722,0,
7739,11622,7739,2020-12-12,TransUnion,685,2,
7740,6015,7740,2024-02-25,Experian,692,2,
7741,4729,7741,2020-11-05,TransUnion,641,4,49
7742,8955,7742,2023-06-09,Equifax,642,1,
7743,11831,7743,2020-10-09,Experian,706,4,
7744,833,7744,2020-08-24,Equifax,848,0,
7745,6401,7745,2024-04-28,Experian,687,0,20
7746,9314,7746,2023-11-13,TransUnion,658,0,
7747,12662,7747,2024-01-16,TransUnion,740,4,
7748,11290,7748,2023-05-16,Experian,656,3,
7749,10030,7749,2020-11-03,Experian,733,5,
7750,10099,7750,2022-11-18,TransUnion,641,1,
7751,9376,7751,2020-10-05,Equifax,713,2,
7752,1997,7752,2020-04-10,Equifax,751,5,
7753,1603,7753,2024-01-21,Experian,718,0,47
7754,14946,7754,2022-05-17,Equifax,772,2,
7755,8439,7755,2023-11-06,Equifax,588,2,11
7756,7122,7756,2023-01-16,Experian,815,4,57
7757,227,7757,2022-02-15,Experian,760,2,
7758,9779,7758,2024-03-11,TransUnion,762,1,
7759,333,7759,2023-01-28,Experian,745,3,
7760,5661,7760,2020-05-25,TransUnion,782,1,7
7761,9275,7761,2022-06-24,Equifax,776,4,71
7762,929,7762,2021-03-30,Equifax,788,2,
7763,2840,7763,2024-05-30,TransUnion,720,0,
7764,12020,7764,2023-11-26,Experian,710,1,61
7765,13599,7765,2021-12-28,Equifax,669,0,
7766,4735,7766,2022-01-31,Equifax,651,3,
7767,13881,7767,2020-11-27,Equifax,709,2,
7768,13531,7768,2021-01-28,Experian,745,5,
7769,13677,7769,2023-01-29,Equifax,707,0,
7770,4785,7770,2020-07-05,Equifax,612,3,51
7771,241,7771,2022-12-02,Experian,594,0,25
7772,5445,7772,2020-10-04,TransUnion,683,2,22
7773,2282,7773,2020-11-02,Experian,850,4,
7774,10400,7774,2024-02-18,Experian,786,2,
7775,9667,7775,2020-01-26,Experian,767,0,
7776,11203,7776,2023-06-04,TransUnion,731,4,
7777,10191,7777,2023-04-16,Equifax,740,3,
7778,7564,7778,2020-03-13,Equifax,758,2,20
7779,13368,7779,2023-03-09,TransUnion,823,3,
7780,5884,7780,2024-05-04,Experian,836,3,
7781,10344,7781,2024-03-08,Experian,638,2,54
7782,2931,7782,2023-10-21,Equifax,675,1,
7783,5146,7783,2023-08-15,Equifax,702,5,
7784,13438,7784,2020-07-10,Experian,732,1,
7785,6752,7785,2023-10-28,Equifax,669,5,
7786,6741,7786,2023-08-20,Equifax,754,0,
7787,7725,7787,2024-04-16,Experian,792,4,
7788,2385,7788,2023-03-09,TransUnion,728,4,
7789,6179,7789,2020-11-23,Equifax,593,4,
7790,2907,7790,2020-06-28,Experian,694,3,
7791,1495,7791,2021-07-19,Experian,789,4,
7792,14673,7792,2021-08-17,Equifax,721,5,
7793,12533,7793,2020-04-17,TransUnion,713,0,49
7794,5817,7794,2024-02-05,Experian,682,2,
7795,8202,7795,2021-10-31,Equifax,826,3,
7796,1878,7796,2021-06-03,Equifax,693,4,
7797,9312,7797,2021-02-28,Experian,721,3,58
7798,6592,7798,2023-02-12,TransUnion,694,0,
7799,10857,7799,2020-11-19,TransUnion,674,1,19
7800,8053,7800,2023-12-18,TransUnion,744,4,
7801,14048,7801,2021-07-01,TransUnion,689,0,59
7802,4632,7802,2020-06-27,TransUnion,646,3,33
7803,6429,7803,2024-04-22,Equifax,816,5,
7804,4926,7804,2023-03-12,Experian,665,2,
7805,8705,7805,2020-04-24,TransUnion,592,0,32
7806,8296,7806,2022-02-15,Equifax,749,0,57
7807,1005,7807,2023-01-04,Experian,785,5,10
7808,6213,7808,2022-09-19,Experian,710,4,57
7809,4101,7809,2023-01-06,Experian,744,3,
7810,12909,7810,2021-09-29,Equifax,732,3,
7811,11406,7811,2022-07-07,TransUnion,841,5,42
7812,9885,7812,2020-10-16,TransUnion,849,3,13
7813,3460,7813,2021-09-26,Equifax,672,2,
7814,6012,7814,2022-09-18,Equifax,811,2,
7815,2999,7815,2023-10-13,Equifax,727,4,
7816,9275,7816,2022-09-15,TransUnion,776,1,37
7817,10300,7817,2023-03-02,Equifax,698,1,
7818,3659,7818,2021-10-19,Equifax,661,4,
7819,11621,7819,2020-01-04,Experian,713,1,
7820,10912,7820,2020-06-14,TransUnion,661,5,27
7821,13011,7821,2021-05-24,TransUnion,594,2,
7822,11081,7822,2023-06-23,Experian,721,2,
7823,6417,7823,2021-05-12,TransUnion,744,0,47
7824,14628,7824,2023-09-28,Equifax,583,0,13
7825,12508,7825,2024-05-19,Experian,727,5,47
7826,4177,7826,2020-08-07,TransUnion,743,0,57
7827,12258,7827,2022-12-23,Experian,686,2,16
7828,10845,7828,2020-03-08,Equifax,605,0,10
7829,9284,7829,2020-03-20,Equifax,610,2,65
7830,5048,7830,2020-06-30,TransUnion,689,4,
7831,2794,7831,2021-04-10,TransUnion,730,1,
7832,14136,7832,2020-06-16,Equifax,699,3,49
7833,4233,7833,2024-04-18,TransUnion,821,3,
7834,13295,7834,2024-04-24,TransUnion,631,4,
7835,12720,7835,2020-12-14,Experian,724,0,
7836,4391,7836,2021-12-02,TransUnion,850,3,
7837,11986,7837,2023-07-31,TransUnion,749,5,
7838,1485,7838,2023-08-21,Equifax,817,3,
7839,4312,7839,2021-09-17,TransUnion,690,4,
7840,9180,7840,2020-04-14,TransUnion,706,0,43
7841,568,7841,2024-03-05,TransUnion,683,4,
7842,2659,7842,2022-08-06,TransUnion,659,4,
7843,10792,7843,2020-04-07,Experian,606,0,39
7844,7971,7844,2021-08-22,Experian,585,2,15
7845,10557,7845,2023-02-26,Equifax,594,0,
7846,1605,7846,2020-09-10,Experian,716,5,37
7847,3544,7847,2022-10-27,TransUnion,670,1,35
7848,14850,7848,2023-03-30,Experian,733,4,
7849,7035,7849,2023-01-10,TransUnion,807,5,
7850,13462,7850,2022-03-31,Equifax,726,4,3
7851,8282,7851,2022-02-22,Experian,676,3,
7852,6002,7852,2024-03-22,Experian,643,3,61
7853,14337,7853,2020-06-28,Experian,718,2,
7854,14549,7854,2020-04-05,Equifax,754,2,20
7855,11905,7855,2021-10-30,Equifax,735,1,
7856,5362,7856,2020-03-03,TransUnion,594,3,
7857,13204,7857,2023-12-14,Equifax,748,3,
7858,274,7858,2021-04-04,Equifax,581,3,
7859,5689,7859,2020-08-01,Experian,623,2,
7860,8048,7860,2020-01-07,Equifax,823,0,
7861,5548,7861,2020-06-15,Equifax,589,3,
7862,2186,7862,2024-02-26,TransUnion,652,0,
7863,3615,7863,2024-02-27,Equifax,713,2,66
7864,13540,7864,2022-05-04,Equifax,675,4,
7865,9109,7865,2022-04-06,TransUnion,720,1,
7866,9323,7866,2022-08-30,Equifax,694,0,
7867,11046,7867,2020-10-19,Equifax,696,4,
7868,9869,7868,2020-02-01,TransUnion,661,0,69
7869,11693,7869,2021-09-13,Experian,837,0,6
7870,14406,7870,2022-09-30,TransUnion,780,2,
7871,4440,7871,2020-11-15,TransUnion,715,2,41
7872,14941,7872,2021-08-21,Equifax,779,2,
7873,2811,7873,2021-05-06,TransUnion,705,1,27
7874,8810,7874,2020-10-27,Equifax,683,3,
7875,7575,7875,2020-11-10,TransUnion,744,5,
7876,7452,7876,2023-07-01,Equifax,705,2,
7877,12674,7877,2024-04-26,Equifax,688,2,61
7878,14131,7878,2023-07-31,Equifax,698,4,16
7879,5726,7879,2022-06-26,TransUnion,833,0,63
7880,10347,7880,2021-06-12,TransUnion,598,2,
7881,2354,7881,2020-06-28,Equifax,660,5,
7882,4333,7882,2021-07-19,Equifax,705,5,19
7883,14516,7883,2024-01-12,Experian,707,3,42
7884,426,7884,2021-12-04,Equifax,658,5,53
7885,10328,7885,2021-03-08,Equifax,601,0,34
7886,2862,7886,2022-02-12,TransUnion,721,0,57
7887,8535,7887,2020-10-25,Experian,699,1,
7888,142,7888,2021-05-02,Equifax,682,2,45
7889,1595,7889,2021-01-08,TransUnion,713,0,
7890,9463,7890,2023-07-12,Experian,793,4,31
7891,6798,7891,2020-02-10,TransUnion,740,0,
7892,10274,7892,2021-06-19,Equifax,721,1,66
7893,11345,7893,2022-10-13,Experian,734,1,
7894,4747,7894,2021-05-20,Experian,707,1,
7895,14882,7895,2022-11-18,Experian,725,2,
7896,8661,7896,2022-09-30,TransUnion,725,3,69
7897,11090,7897,2020-05-08,TransUnion,637,4,9
7898,9064,7898,2021-08-15,Experian,709,2,
7899,8949,7899,2020-08-09,TransUnion,730,3,
7900,5123,7900,2024-05-18,Equifax,730,4,24
7901,5666,7901,2023-08-22,Experian,848,2,13
7902,11739,7902,2022-11-18,Equifax,797,5,
7903,8360,7903,2021-04-19,Equifax,805,3,15
7904,353,7904,2023-03-13,Equifax,649,1,3
7905,13030,7905,2022-11-21,Experian,773,5,39
7906,3753,7906,2024-02-03,TransUnion,805,2,
7907,740,7907,2023-06-18,Experian,657,4,
7908,2843,7908,2024-02-11,Equifax,678,0,
7909,10096,7909,2023-04-30,Equifax,846,2,
7910,12238,7910,2023-07-06,Experian,829,2,
7911,4698,7911,2022-12-03,TransUnion,700,1,
7912,10199,7912,2021-08-20,Equifax,821,5,7
7913,2190,7913,2023-12-02,Equifax,705,0,
7914,12866,7914,2020-05-16,Equifax,635,0,
7915,6972,7915,2020-03-04,TransUnion,663,5,11
7916,6211,7916,2024-01-17,Experian,697,5,
7917,13242,7917,2023-11-11,Experian,837,0,
7918,12079,7918,2021-10-13,TransUnion,730,2,13
7919,8447,7919,2021-08-27,Equifax,749,2,
7920,7170,7920,2023-06-20,Equifax,611,0,51
7921,7779,7921,2024-03-31,Experian,673,5,67
7922,9591,7922,2022-04-22,TransUnion,727,4,
7923,8519,7923,2022-05-28,Equifax,640,2,
7924,6260,7924,2020-03-04,TransUnion,669,0,
7925,4227,7925,2021-02-17,Equifax,757,0,
7926,11846,7926,2021-01-08,TransUnion,829,5,
7927,9928,7927,2023-07-11,Experian,695,5,
7928,10287,7928,2022-04-09,Experian,725,5,
7929,4033,7929,2023-12-22,Equifax,798,3,
7930,13010,7930,2020-06-17,TransUnion,728,5,
7931,5506,7931,2023-06-07,Experian,785,4,
7932,11203,7932,2023-01-27,Experian,731,0,
7933,504,7933,2021-03-28,Equifax,597,3,47
7934,11201,7934,2022-06-01,Equifax,704,3,29
7935,5313,7935,2023-05-27,Equifax,693,3,
7936,727,7936,2020-05-01,TransUnion,660,2,12
7937,2002,7937,2024-05-18,Experian,838,2,
7938,12028,7938,2024-05-18,TransUnion,716,5,70
7939,2030,7939,2021-02-24,Experian,735,5,
7940,10168,7940,2020-07-02,Experian,676,1,
7941,4461,7941,2021-10-31,Equifax,582,4,22
7942,9716,7942,2020-12-27,Experian,813,3,
7943,11172,7943,2024-05-14,Experian,744,2,18
7944,9652,7944,2020-10-23,Experian,722,2,48
7945,1046,7945,2022-09-11,Experian,747,5,66
7946,13742,7946,2024-01-06,TransUnion,809,2,
7947,6021,7947,2020-05-17,TransUnion,663,5,
7948,3443,7948,2024-01-16,TransUnion,734,3,
7949,14417,7949,2020-12-27,Equifax,600,4,
7950,7933,7950,2021-11-29,TransUnion,650,0,
7951,1249,7951,2024-04-12,Equifax,817,4,66
7952,3180,7952,2021-10-18,TransUnion,714,3,42
7953,569,7953,2023-10-23,Equifax,613,0,
7954,4937,7954,2022-07-06,Experian,836,2,
7955,884,7955,2020-11-19,Equifax,751,4,28
7956,13515,7956,2021-05-05,Equifax,818,0,
7957,4395,7957,2020-02-23,Experian,706,3,
7958,8627,7958,2022-05-17,Equifax,728,1,
7959,217,7959,2023-03-31,Experian,771,0,6
7960,12175,7960,2022-11-01,TransUnion,609,0,
7961,9395,7961,2021-10-02,Experian,740,1,
7962,14972,7962,2021-07-17,TransUnion,690,5,
7963,1396,7963,2023-12-30,Equifax,845,5,8
7964,4441,7964,2023-05-13,Experian,673,2,
7965,3794,7965,2021-02-27,Experian,808,1,
7966,14087,7966,2021-02-06,TransUnion,650,3,
7967,8059,7967,2021-04-10,Experian,701,5,7
7968,1118,7968,2022-05-28,Equifax,725,5,35
7969,6189,7969,2022-05-02,Experian,690,1,14
7970,13041,7970,2021-03-17,Equifax,582,2,46
7971,10669,7971,2021-05-18,Equifax,693,5,
7972,841,7972,2020-02-01,Experian,655,4,
7973,6396,7973,2020-11-20,Equifax,744,2,14
7974,1070,7974,2023-08-10,Experian,584,4,
7975,1390,7975,2020-12-02,Experian,723,0,
7976,10611,7976,2022-02-08,Experian,597,0,70
7977,3322,7977,2021-03-05,Experian,712,2,
7978,8278,7978,2024-03-27,Experian,701,2,
7979,10781,7979,2022-09-07,Experian,683,4,
7980,13612,7980,2023-09-12,TransUnion,700,3,44
7981,2696,7981,2024-04-11,Experian,632,5,
7982,4266,7982,2020-10-21,TransUnion,684,4,
7983,9860,7983,2023-08-10,Experian,682,2,
7984,13567,7984,2020-11-27,Experian,750,0,
7985,999,7985,2023-06-07,Equifax,670,2,
7986,4950,7986,2023-09-20,Equifax,690,4,17
7987,5734,7987,2020-10-20,Equifax,717,1,
7988,11095,7988,2020-07-08,TransUnion,848,4,37
7989,7219,7989,2024-02-28,Experian,731,3,
7990,8832,7990,2021-12-18,Experian,723,1,4
7991,1988,7991,2023-10-02,TransUnion,835,3,
7992,6566,7992,2021-03-19,Equifax,676,0,39
7993,2603,7993,2023-03-31,TransUnion,671,1,
7994,7427,7994,2020-08-26,TransUnion,699,1,9
7995,10652,7995,2021-02-13,Equifax,696,0,30
7996,9654,7996,2020-12-15,Equifax,821,5,19
7997,13114,7997,2023-09-21,Equifax,633,2,
7998,9441,7998,2021-04-20,Equifax,750,1,
7999,12683,7999,2020-07-11,Experian,662,1,
8000,14885,8000,2021-07-13,Experian,681,0,
8001,6836,8001,2022-05-06,Equifax,654,2,
8002,13186,8002,2021-05-04,Experian,591,3,
8003,221,8003,2022-01-12,Experian,617,0,
8004,11764,8004,2020-04-17,Equifax,585,4,
8005,3214,8005,2023-03-12,Experian,780,3,
8006,3757,8006,2023-04-22,TransUnion,652,4,37
8007,12220,8007,2020-06-30,Equifax,820,2,23
8008,11473,8008,2020-04-10,TransUnion,731,5,9
8009,5497,8009,2020-11-29,TransUnion,650,3,
8010,2547,8010,2023-01-20,Equifax,709,4,67
8011,7811,8011,2022-06-07,Experian,641,3,
8012,14888,8012,2023-02-20,Equifax,702,2,53
8013,1160,8013,2020-07-29,Equifax,637,3,52
8014,2614,8014,2024-01-18,Experian,689,1,
8015,3964,8015,2020-06-16,Equifax,823,0,
8016,3886,8016,2022-10-02,Equifax,705,3,
8017,10307,8017,2022-02-27,TransUnion,817,1,64
8018,13868,8018,2020-05-28,Equifax,702,1,36
8019,5118,8019,2022-11-08,Experian,773,5,15
8020,4066,8020,2021-03-25,Equifax,687,5,40
8021,3366,8021,2024-03-07,Experian,746,2,
8022,14013,8022,2023-09-03,Experian,719,1,
8023,9688,8023,2023-07-02,TransUnion,600,0,
8024,6960,8024,2020-09-19,TransUnion,593,0,25
8025,14591,8025,2020-10-16,TransUnion,711,5,
8026,6616,8026,2024-02-16,Experian,824,0,
8027,3433,8027,2023-12-25,Equifax,615,5,
8028,9882,8028,2022-06-01,TransUnion,683,2,49
8029,9506,8029,2021-05-08,TransUnion,849,0,
8030,11150,8030,2022-05-16,TransUnion,824,2,71
8031,5889,8031,2020-07-24,Equifax,718,0,
8032,4444,8032,2021-10-13,TransUnion,739,5,
8033,535,8033,2023-05-13,Experian,667,1,
8034,13153,8034,2022-02-24,Equifax,675,3,7
8035,4642,8035,2022-03-17,TransUnion,702,4,57
8036,1001,8036,2021-06-01,Experian,742,3,
8037,7680,8037,2021-10-21,TransUnion,740,3,
8038,4717,8038,2023-05-04,TransUnion,591,1,
8039,8194,8039,2021-10-16,TransUnion,690,1,50
8040,8059,8040,2022-04-18,Equifax,701,3,21
8041,1726,8041,2020-08-19,Experian,700,1,69
8042,5207,8042,2024-01-30,Experian,844,3,32
8043,3092,8043,2022-08-30,TransUnion,663,4,
8044,11870,8044,2023-05-08,Experian,690,0,
8045,12627,8045,2020-10-22,Experian,698,1,21
8046,4820,8046,2022-10-06,Equifax,739,0,
8047,9517,8047,2024-02-06,Experian,667,0,
8048,8663,8048,2024-01-17,Equifax,708,2,67
8049,14016,8049,2020-06-01,Experian,675,1,
8050,14072,8050,2022-10-04,Experian,724,3,45
8051,5012,8051,2020-02-20,Equifax,659,0,
8052,5611,8052,2022-08-25,TransUnion,602,2,
8053,14096,8053,2023-02-01,Equifax,749,5,38
8054,9344,8054,2024-05-23,TransUnion,745,2,69
8055,10571,8055,2024-01-24,TransUnion,805,1,68
8056,14689,8056,2023-10-01,Experian,741,5,
8057,13736,8057,2022-07-06,TransUnion,774,5,
8058,5054,8058,2021-10-15,TransUnion,581,3,31
8059,14175,8059,2024-05-30,Experian,795,2,16
8060,14277,8060,2020-10-06,TransUnion,830,2,
8061,4920,8061,2020-09-08,TransUnion,836,2,
8062,1773,8062,2022-10-19,Equifax,743,4,
8063,14573,8063,2023-11-25,Experian,711,1,54
8064,12718,8064,2022-07-30,Equifax,708,2,64
8065,3878,8065,2023-03-26,Experian,690,2,36
8066,1215,8066,2023-11-01,Experian,690,5,42
8067,12012,8067,2020-03-30,Experian,721,4,
8068,7256,8068,2021-12-27,TransUnion,736,2,
8069,11170,8069,2022-04-08,Experian,710,1,14
8070,14323,8070,2021-07-27,TransUnion,804,0,
8071,2976,8071,2022-09-07,Equifax,672,1,
8072,8390,8072,2020-12-02,Equifax,712,5,
8073,5134,8073,2023-02-23,Experian,742,3,
8074,7409,8074,2020-12-08,TransUnion,624,3,
8075,3598,8075,2020-03-10,Experian,812,4,
8076,11674,8076,2020-06-06,TransUnion,621,2,58
8077,10523,8077,2022-09-05,Equifax,601,4,31
8078,10538,8078,2020-05-02,Experian,740,1,
8079,2836,8079,2023-08-17,TransUnion,731,4,
8080,6652,8080,2022-04-04,TransUnion,837,4,
8081,12825,8081,2021-03-04,Equifax,664,0,
8082,7279,8082,2024-04-12,TransUnion,700,5,
8083,7233,8083,2021-04-19,Equifax,706,4,68
8084,13679,8084,2023-06-27,TransUnion,686,3,
8085,6445,8085,2023-04-29,Experian,763,0,
8086,14227,8086,2022-03-13,Equifax,604,5,
8087,4475,8087,2022-06-12,Equifax,677,1,
8088,13419,8088,2022-10-05,Experian,648,3,
8089,6976,8089,2022-11-17,Experian,685,4,33
8090,3357,8090,2021-12-09,TransUnion,597,1,41
8091,4931,8091,2020-09-16,TransUnion,687,0,59
8092,2146,8092,2023-09-03,TransUnion,589,5,70
8093,8572,8093,2020-12-15,TransUnion,817,3,
8094,11059,8094,2023-03-05,TransUnion,829,3,42
8095,9820,8095,2020-01-12,Experian,743,4,
8096,9815,8096,2024-02-24,Experian,801,4,
8097,11536,8097,2023-12-13,Equifax,685,3,27
8098,12263,8098,2020-02-27,Equifax,761,2,
8099,12548,8099,2024-05-05,Experian,691,3,
8100,12524,8100,2023-05-05,TransUnion,663,4,
8101,11947,8101,2023-02-16,Equifax,611,3,
8102,8650,8102,2024-03-17,TransUnion,712,5,
8103,14797,8103,2022-01-29,Experian,624,1,46
8104,11857,8104,2020-10-26,Equifax,719,1,
8105,13704,8105,2022-09-24,Equifax,737,5,19
8106,7561,8106,2024-01-14,Equifax,669,3,10
8107,10343,8107,2022-10-07,Equifax,648,2,
8108,7101,8108,2021-09-11,Experian,719,0,
8109,10517,8109,2021-09-05,Experian,732,4,
8110,976,8110,2021-02-23,Equifax,582,3,
8111,11521,8111,2021-07-30,Equifax,710,1,11
8112,8955,8112,2020-01-22,TransUnion,642,5,
8113,2854,8113,2022-07-13,Equifax,699,2,43
8114,5654,8114,2023-08-08,TransUnion,837,5,
8115,4959,8115,2021-09-04,Equifax,820,3,
8116,3712,8116,2024-03-12,Equifax,589,2,19
8117,13404,8117,2020-12-07,Equifax,739,4,
8118,4078,8118,2022-03-20,TransUnion,704,4,
8119,9319,8119,2020-06-05,TransUnion,677,1,24
8120,13489,8120,2020-03-06,Experian,745,3,
8121,11261,8121,2022-04-23,Experian,713,5,46
8122,13092,8122,2020-03-13,Experian,727,0,
8123,6778,8123,2021-09-19,TransUnion,735,0,
8124,6373,8124,2021-01-22,Experian,619,0,33
8125,874,8125,2020-05-15,Equifax,720,5,
8126,4945,8126,2022-10-31,TransUnion,597,3,
8127,4805,8127,2021-06-06,TransUnion,699,0,26
8128,3630,8128,2020-02-08,Equifax,806,0,
8129,3551,8129,2022-06-23,Experian,633,0,
8130,11169,8130,2023-12-10,TransUnion,848,0,
8131,12386,8131,2023-10-11,TransUnion,745,1,
8132,1458,8132,2022-04-27,TransUnion,845,3,
8133,8035,8133,2021-04-13,TransUnion,651,5,56
8134,5973,8134,2022-12-16,Equifax,694,5,
8135,950,8135,2021-08-07,Equifax,602,1,
8136,6457,8136,2020-07-21,Experian,686,1,
8137,10725,8137,2023-11-09,Equifax,661,2,26
8138,5986,8138,2021-01-01,TransUnion,690,5,14
8139,2319,8139,2020-04-02,Experian,732,3,21
8140,12668,8140,2024-03-07,Equifax,708,1,19
8141,1049,8141,2023-10-15,TransUnion,715,1,
8142,12614,8142,2020-05-22,TransUnion,749,3,
8143,5820,8143,2020-01-19,TransUnion,731,3,
8144,370,8144,2020-12-23,TransUnion,689,2,60
8145,1377,8145,2023-11-01,TransUnion,732,0,
8146,12083,8146,2021-09-30,Experian,692,5,11
8147,2744,8147,2020-03-10,Equifax,740,5,
8148,13625,8148,2023-06-10,Equifax,731,1,70
8149,2812,8149,2022-06-09,Equifax,614,5,
8150,13460,8150,2020-02-27,Equifax,748,2,62
8151,13963,8151,2020-08-02,Experian,716,2,
8152,6593,8152,2021-07-03,TransUnion,813,2,26
8153,9432,8153,2020-08-14,Experian,736,4,45
8154,6607,8154,2022-12-26,Experian,703,2,
8155,5612,8155,2020-08-06,TransUnion,695,1,36
8156,4179,8156,2021-10-16,Experian,617,0,
8157,3047,8157,2022-03-18,Experian,728,5,
8158,4943,8158,2021-06-06,Experian,603,2,
8159,217,8159,2024-04-13,Experian,771,0,67
8160,12829,8160,2023-03-01,TransUnion,642,2,
8161,2175,8161,2022-12-17,Equifax,681,3,13
8162,10167,8162,2022-11-25,Experian,664,0,
8163,10682,8163,2023-07-20,TransUnion,719,3,5
8164,5482,8164,2020-11-15,Equifax,604,1,
8165,11168,8165,2022-10-09,Equifax,786,2,66
8166,12011,8166,2024-05-01,TransUnion,624,2,
8167,2798,8167,2021-02-08,TransUnion,691,3,50
8168,14793,8168,2021-04-13,TransUnion,641,1,
8169,10333,8169,2021-04-06,Experian,720,1,33
8170,5578,8170,2021-11-29,Equifax,723,0,
8171,11611,8171,2020-02-27,Experian,731,2,62
8172,1552,8172,2020-03-09,Experian,718,2,
8173,740,8173,2020-11-05,Equifax,657,0,
8174,7879,8174,2023-04-01,TransUnion,749,5,
8175,7338,8175,2020-11-10,Equifax,687,4,
8176,2903,8176,2021-06-10,TransUnion,722,5,
8177,12419,8177,2021-09-01,Equifax,749,0,
8178,8829,8178,2023-11-05,Equifax,615,0,64
8179,1750,8179,2022-08-15,TransUnion,732,1,19
8180,14172,8180,2024-02-04,Experian,687,0,15
8181,6902,8181,2021-05-06,TransUnion,737,2,19
8182,7835,8182,2022-04-23,Equifax,746,4,
8183,8249,8183,2022-01-22,Equifax,788,5,54
8184,8444,8184,2022-11-01,TransUnion,774,1,22
8185,757,8185,2023-02-14,Experian,654,4,
8186,5956,8186,2020-02-12,Equifax,741,3,
8187,10640,8187,2022-09-01,TransUnion,640,1,
8188,8826,8188,2023-11-27,Experian,768,2,
8189,5750,8189,2022-03-02,Equifax,605,3,
8190,5465,8190,2021-01-03,Experian,811,3,
8191,6510,8191,2021-08-06,Equifax,745,1,
8192,2488,8192,2022-10-07,Experian,666,4,
8193,2371,8193,2021-10-02,Equifax,684,4,14
8194,11195,8194,2024-02-05,Equifax,710,0,
8195,7104,8195,2022-02-14,Experian,726,1,
8196,4236,8196,2020-09-21,TransUnion,615,4,
8197,12638,8197,2021-08-31,Equifax,817,4,54
8198,7664,8198,2023-04-25,Equifax,796,5,25
8199,5205,8199,2023-06-25,Equifax,796,1,
8200,3715,8200,2020-05-04,TransUnion,758,0,
8201,11058,8201,2020-01-30,Equifax,591,2,
8202,10594,8202,2021-07-26,Equifax,586,5,71
8203,9238,8203,2023-11-19,Equifax,727,3,
8204,7980,8204,2023-09-22,Experian,686,2,10
8205,844,8205,2020-12-12,Equifax,687,5,
8206,12620,8206,2024-01-29,Equifax,647,2,
8207,8782,8207,2020-07-14,Equifax,703,4,7
8208,10153,8208,2021-08-20,TransUnion,684,1,
8209,2155,8209,2021-08-19,TransUnion,667,5,
8210,392,8210,2022-09-24,TransUnion,748,4,34
8211,512,8211,2024-05-17,Experian,593,2,19
8212,10455,8212,2023-07-17,Experian,709,2,
8213,11039,8213,2022-10-20,Equifax,850,4,46
8214,7824,8214,2023-11-07,Equifax,729,0,
8215,1796,8215,2020-12-16,TransUnion,666,3,
8216,2422,8216,2020-01-19,TransUnion,756,1,
8217,7721,8217,2024-03-26,Experian,772,5,
8218,7459,8218,2023-05-31,Equifax,708,4,
8219,12127,8219,2024-03-27,TransUnion,699,2,
8220,5724,8220,2022-11-29,Equifax,683,2,21
8221,3420,8221,2021-11-29,Equifax,588,1,
8222,13594,8222,2024-05-05,Equifax,826,3,
8223,14336,8223,2022-06-07,Equifax,831,5,21
8224,40,8224,2024-01-23,Experian,638,0,
8225,10137,8225,2024-01-19,Equifax,658,1,
8226,14001,8226,2020-08-13,Experian,655,5,35
8227,5960,8227,2020-04-11,Equifax,692,0,
8228,1422,8228,2024-01-07,Experian,738,0,
8229,3774,8229,2021-01-16,TransUnion,731,3,
8230,4709,8230,2023-01-11,TransUnion,743,5,68
8231,4574,8231,2020-07-29,Experian,713,0,
8232,10056,8232,2023-05-25,TransUnion,711,1,40
8233,7908,8233,2021-08-25,Experian,738,4,
8234,14546,8234,2021-08-24,Experian,755,1,61
8235,8261,8235,2020-09-08,TransUnion,695,0,36
8236,6569,8236,2022-02-16,Experian,764,0,
8237,3137,8237,2022-06-21,TransUnion,592,0,
8238,10019,8238,2021-09-14,TransUnion,760,5,62
8239,5694,8239,2024-05-05,Experian,715,0,
8240,11138,8240,2020-11-13,TransUnion,752,0,
8241,5627,8241,2022-07-12,Equifax,702,2,12
8242,13434,8242,2022-06-17,Equifax,839,3,39
8243,7399,8243,2021-02-17,Equifax,692,3,42
8244,6190,8244,2020-06-15,Experian,670,2,
8245,6406,8245,2022-01-25,TransUnion,771,1,
8246,13415,8246,2023-02-27,Equifax,716,1,51
8247,14182,8247,2020-08-27,Equifax,731,4,67
8248,12472,8248,2021-01-21,TransUnion,713,3,
8249,1932,8249,2024-01-03,Experian,742,5,
8250,14,8250,2023-05-01,Experian,728,1,10
8251,1189,8251,2023-10-19,Experian,788,0,21
8252,2667,8252,2023-10-27,Experian,692,0,
8253,1705,8253,2024-02-17,TransUnion,696,0,
8254,12160,8254,2022-02-20,TransUnion,713,3,8
8255,13208,8255,2020-11-17,TransUnion,648,5,
8256,781,8256,2020-08-30,Experian,780,2,
8257,14225,8257,2020-08-29,Equifax,719,1,
8258,14182,8258,2022-06-05,TransUnion,731,3,
8259,6645,8259,2020-11-28,Experian,602,1,55
8260,5577,8260,2021-11-12,Equifax,603,5,
8261,7034,8261,2020-03-15,Equifax,732,3,
8262,14082,8262,2024-04-29,Experian,600,2,
8263,11686,8263,2021-09-23,Experian,699,5,
8264,4612,8264,2021-03-06,Equifax,697,3,
8265,2607,8265,2022-02-08,Experian,766,1,
8266,4094,8266,2022-10-31,Equifax,707,4,
8267,6870,8267,2022-02-04,Equifax,636,1,
8268,11685,8268,2023-12-03,Experian,674,4,
8269,14287,8269,2022-05-01,TransUnion,711,1,23
8270,5513,8270,2021-07-03,TransUnion,706,1,
8271,11402,8271,2023-02-26,Equifax,739,3,
8272,9622,8272,2021-10-20,TransUnion,609,0,38
8273,14996,8273,2024-04-30,TransUnion,818,1,
8274,6320,8274,2020-08-20,Equifax,598,2,
8275,1841,8275,2020-04-22,Equifax,818,3,43
8276,9682,8276,2024-02-16,TransUnion,712,5,
8277,5558,8277,2021-04-17,Experian,684,2,
8278,6505,8278,2022-02-08,Equifax,678,5,
8279,4555,8279,2022-07-24,Experian,732,5,
8280,5332,8280,2020-05-18,TransUnion,762,2,11
8281,14721,8281,2020-11-09,Equifax,659,3,65
8282,2436,8282,2023-09-15,Experian,762,1,4
8283,1352,8283,2020-01-23,Experian,580,2,29
8284,6872,8284,2020-07-16,TransUnion,672,2,10
8285,3182,8285,2024-02-02,Experian,742,3,
8286,8046,8286,2022-10-17,Experian,769,4,
8287,11249,8287,2023-11-15,TransUnion,590,4,
8288,7529,8288,2020-08-11,Experian,737,0,21
8289,13966,8289,2021-05-31,TransUnion,608,3,67
8290,5674,8290,2023-04-07,Experian,749,2,
8291,11549,8291,2021-12-07,Equifax,742,3,
8292,10052,8292,2023-11-23,Experian,803,4,34
8293,6379,8293,2021-09-30,Experian,641,2,
8294,9559,8294,2020-08-27,Equifax,646,0,40
8295,683,8295,2023-04-08,TransUnion,713,5,46
8296,1664,8296,2024-03-19,Equifax,696,4,71
8297,10539,8297,2020-11-18,Experian,703,3,
8298,1806,8298,2020-06-23,Experian,693,3,57
8299,6685,8299,2022-04-09,Experian,724,5,
8300,11924,8300,2022-03-16,Experian,660,1,
8301,10772,8301,2023-05-16,Equifax,639,3,64
8302,14266,8302,2021-10-28,TransUnion,726,0,47
8303,2821,8303,2024-02-22,Equifax,583,0,18
8304,10825,8304,2020-03-14,Experian,616,5,13
8305,6451,8305,2022-08-26,TransUnion,607,5,
8306,4177,8306,2020-01-04,Equifax,743,0,
8307,5788,8307,2022-08-19,Equifax,720,4,
8308,55,8308,2023-03-24,TransUnion,590,3,67
8309,6092,8309,2021-12-02,Equifax,661,5,22
8310,9697,8310,2020-01-14,Experian,684,3,32
8311,7513,8311,2020-09-08,Equifax,608,3,
8312,3275,8312,2022-11-08,Experian,707,2,54
8313,2762,8313,2022-11-26,Experian,651,1,
8314,13595,8314,2021-01-26,TransUnion,740,4,
8315,9843,8315,2023-11-13,TransUnion,699,3,
8316,10483,8316,2021-09-21,TransUnion,732,3,
8317,10943,8317,2022-01-30,Equifax,826,1,18
8318,12555,8318,2021-10-26,Equifax,691,3,11
8319,13142,8319,2021-10-25,Experian,640,2,
8320,11542,8320,2020-07-08,Equifax,722,2,
8321,10276,8321,2022-03-04,Equifax,721,2,71
8322,11360,8322,2020-01-09,TransUnion,693,3,
8323,13905,8323,2020-08-05,Experian,717,4,29
8324,7348,8324,2024-03-18,Experian,670,3,
8325,1604,8325,2022-12-30,Experian,717,1,
8326,7453,8326,2023-03-07,Experian,728,0,
8327,12601,8327,2024-02-08,TransUnion,715,3,70
8328,3437,8328,2022-03-22,Experian,678,5,
8329,8342,8329,2022-06-21,Experian,735,0,
8330,8276,8330,2021-02-14,Equifax,737,5,
8331,13235,8331,2021-03-26,Experian,677,0,
8332,12653,8332,2022-01-23,Equifax,661,0,
8333,9635,8333,2021-03-22,Equifax,719,3,
8334,2301,8334,2021-06-27,Experian,731,3,69
8335,1694,8335,2020-09-11,TransUnion,721,0,
8336,13809,8336,2020-08-21,TransUnion,799,5,15
8337,12284,8337,2023-06-29,Experian,695,2,71
8338,1101,8338,2023-01-10,TransUnion,590,5,
8339,11353,8339,2022-01-14,TransUnion,733,2,70
8340,7949,8340,2022-10-03,Experian,843,5,
8341,10352,8341,2024-02-14,TransUnion,832,1,
8342,14791,8342,2020-05-09,TransUnion,742,0,63
8343,7929,8343,2021-11-08,Experian,796,3,
8344,8739,8344,2022-05-16,Equifax,684,2,
8345,1447,8345,2021-06-10,Experian,720,5,66
8346,8934,8346,2020-07-02,Experian,736,1,12
8347,602,8347,2020-05-26,TransUnion,743,0,
8348,12633,8348,2023-06-05,TransUnion,594,0,13
8349,11816,8349,2024-05-24,Equifax,824,1,
8350,5205,8350,2021-11-14,TransUnion,796,5,
8351,10734,8351,2020-10-06,Equifax,822,4,
8352,3272,8352,2021-12-06,Experian,736,3,
8353,2819,8353,2023-05-27,Equifax,690,4,52
8354,11096,8354,2020-08-19,Experian,590,3,
8355,7897,8355,2022-02-24,Experian,653,3,64
8356,9109,8356,2020-12-16,Experian,720,0,
8357,1240,8357,2020-05-20,Equifax,657,4,
8358,12148,8358,2021-03-28,Experian,725,1,
8359,13249,8359,2022-07-24,TransUnion,684,3,46
8360,10917,8360,2023-02-16,Equifax,714,5,
8361,3372,8361,2021-08-12,TransUnion,836,1,47
8362,877,8362,2023-01-25,Experian,617,0,
8363,2906,8363,2023-07-25,TransUnion,587,3,57
8364,13044,8364,2020-10-10,Equifax,735,4,
8365,9704,8365,2021-08-23,Equifax,629,1,
8366,13008,8366,2023-05-08,Equifax,708,0,
8367,3250,8367,2020-12-22,TransUnion,716,4,38
8368,832,8368,2023-12-06,TransUnion,636,1,20
8369,11994,8369,2021-11-30,Equifax,657,2,
8370,2902,8370,2024-01-23,Experian,663,4,43
8371,8619,8371,2021-06-01,TransUnion,729,1,
8372,4423,8372,2024-03-01,TransUnion,739,2,48
8373,7291,8373,2020-05-22,TransUnion,773,4,
8374,4921,8374,2020-12-13,Equifax,650,1,
8375,1202,8375,2021-01-11,Equifax,645,0,
8376,5673,8376,2020-10-25,Experian,701,2,40
8377,4907,8377,2022-08-03,Experian,710,4,
8378,40,8378,2021-03-02,TransUnion,638,1,
8379,1121,8379,2023-05-29,Equifax,690,0,
8380,4762,8380,2021-10-16,Experian,591,2,
8381,9678,8381,2021-01-30,Equifax,670,1,
8382,11443,8382,2020-03-10,Equifax,738,2,
8383,14685,8383,2022-12-05,Experian,704,2,
8384,8522,8384,2023-09-05,Experian,726,2,
8385,6233,8385,2021-08-26,TransUnion,768,0,
8386,10890,8386,2020-10-22,TransUnion,807,5,23
8387,4511,8387,2021-03-02,TransUnion,729,5,
8388,6543,8388,2022-10-07,Equifax,716,3,
8389,13208,8389,2021-08-04,TransUnion,648,5,42
8390,10491,8390,2021-01-10,TransUnion,671,2,66
8391,139,8391,2023-05-02,Experian,732,4,
8392,13709,8392,2022-02-27,TransUnion,689,1,62
8393,5143,8393,2020-03-31,Equifax,798,2,
8394,14411,8394,2023-01-13,Experian,635,1,51
8395,7019,8395,2021-12-16,TransUnion,743,4,
8396,9640,8396,2022-01-08,Equifax,754,0,22
8397,383,8397,2022-12-25,Experian,728,3,
8398,1326,8398,2022-11-15,Experian,658,0,40
8399,10608,8399,2023-03-14,Experian,731,0,7
8400,12980,8400,2020-03-31,Experian,679,5,31
8401,1289,8401,2024-05-09,Experian,741,1,40
8402,8599,8402,2022-02-15,Equifax,668,3,53
8403,1751,8403,2023-09-11,Experian,720,2,
8404,39,8404,2021-11-11,Experian,644,4,54
8405,222,8405,2024-02-12,Equifax,676,2,
8406,467,8406,2021-03-16,Equifax,850,1,19
8407,10405,8407,2021-10-16,Experian,645,3,
8408,7008,8408,2021-04-02,Equifax,590,3,
8409,9646,8409,2024-02-17,TransUnion,719,2,
8410,13624,8410,2020-02-12,Experian,749,4,
8411,9111,8411,2023-07-30,Experian,747,2,19
8412,9796,8412,2020-10-09,Experian,646,2,
8413,2680,8413,2020-07-05,Experian,680,5,
8414,12097,8414,2021-05-09,Experian,761,5,53
8415,7923,8415,2022-12-15,TransUnion,652,5,
8416,48,8416,2020-10-20,Equifax,608,3,52
8417,961,8417,2022-02-07,Equifax,745,5,34
8418,7508,8418,2022-04-21,TransUnion,677,0,12
8419,3549,8419,2020-03-15,TransUnion,624,3,
8420,5951,8420,2022-08-18,Equifax,824,1,
8421,8107,8421,2020-01-07,Equifax,602,5,
8422,11260,8422,2022-09-14,Experian,660,4,
8423,14544,8423,2021-09-30,TransUnion,706,4,
8424,12198,8424,2022-07-03,TransUnion,797,2,9
8425,9801,8425,2021-03-11,Experian,688,0,31
8426,8567,8426,2023-02-23,Equifax,696,2,
8427,5236,8427,2021-09-18,Equifax,741,4,
8428,5474,8428,2021-02-01,TransUnion,684,2,
8429,4214,8429,2021-11-04,Experian,828,1,
8430,7505,8430,2020-08-08,TransUnion,844,1,
8431,7298,8431,2022-03-19,Equifax,665,0,14
8432,7792,8432,2020-03-17,Equifax,738,1,4
8433,5012,8433,2023-02-07,Equifax,659,2,
8434,3165,8434,2024-03-16,Equifax,702,1,
8435,9784,8435,2021-03-18,Experian,720,5,
8436,14423,8436,2023-10-16,TransUnion,734,3,65
8437,6906,8437,2023-02-14,TransUnion,738,5,
8438,876,8438,2020-02-27,TransUnion,699,1,
8439,14080,8439,2023-03-10,Experian,726,0,71
8440,2666,8440,2022-12-30,Equifax,614,5,28
8441,2143,8441,2024-02-16,TransUnion,776,3,51
8442,11964,8442,2023-01-08,Experian,640,0,63
8443,8342,8443,2022-04-20,Experian,735,0,
8444,10555,8444,2021-02-08,Experian,679,5,
8445,6016,8445,2022-03-15,Experian,693,0,53
8446,10754,8446,2024-03-22,Experian,698,1,
8447,3046,8447,2020-02-09,TransUnion,668,3,
8448,13487,8448,2020-01-17,Experian,690,0,
8449,11773,8449,2023-02-18,TransUnion,688,5,7
8450,4172,8450,2023-04-29,Equifax,736,3,
8451,10074,8451,2024-01-12,Equifax,618,1,37
8452,2313,8452,2022-01-09,Equifax,644,5,
8453,5175,8453,2023-06-09,TransUnion,757,5,
8454,7966,8454,2020-12-16,Equifax,831,4,
8455,10249,8455,2021-08-05,TransUnion,686,2,7
8456,3497,8456,2021-08-19,TransUnion,735,4,
8457,440,8457,2020-06-28,Equifax,653,4,38
8458,7117,8458,2020-07-27,Equifax,703,1,19
8459,13515,8459,2023-08-11,TransUnion,818,0,
8460,7497,8460,2023-06-23,TransUnion,730,5,
8461,8294,8461,2023-02-17,Experian,738,4,
8462,1507,8462,2020-09-09,Equifax,838,5,
8463,6475,8463,2022-04-01,TransUnion,683,3,19
8464,2615,8464,2021-05-13,Experian,676,0,17
8465,5503,8465,2022-08-23,Equifax,764,2,
8466,10073,8466,2021-11-14,Equifax,675,3,
8467,1034,8467,2021-05-07,TransUnion,763,4,
8468,14901,8468,2022-09-18,Experian,834,3,
8469,12907,8469,2024-02-27,Equifax,667,0,
8470,11047,8470,2021-08-07,Equifax,741,2,66
8471,11162,8471,2020-02-02,TransUnion,744,1,59
8472,11242,8472,2022-03-08,Equifax,838,5,
8473,7514,8473,2020-10-25,Experian,727,0,37
8474,8313,8474,2023-05-30,Experian,724,0,
8475,283,8475,2022-10-21,Experian,650,0,
8476,9824,8476,2023-07-10,Experian,743,0,
8477,9942,8477,2020-07-24,Experian,849,1,
8478,2765,8478,2022-05-17,Experian,798,5,
8479,4261,8479,2020-02-12,Experian,825,2,63
8480,8641,8480,2022-01-22,Equifax,724,2,
8481,12283,8481,2020-12-14,Experian,706,5,
8482,13974,8482,2022-11-02,TransUnion,734,5,
8483,6531,8483,2023-08-27,Equifax,793,1,46
8484,2050,8484,2024-03-18,Equifax,708,0,3
8485,13975,8485,2024-04-13,Experian,585,5,
8486,9622,8486,2022-09-09,Equifax,609,1,
8487,3372,8487,2023-10-01,Experian,836,5,
8488,12021,8488,2020-08-05,TransUnion,827,1,
8489,14781,8489,2022-09-17,Experian,794,0,
8490,7616,8490,2020-07-04,TransUnion,709,3,
8491,10694,8491,2021-12-28,TransUnion,610,3,
8492,3284,8492,2021-12-11,Equifax,832,1,
8493,1422,8493,2021-06-07,TransUnion,738,1,50
8494,4057,8494,2020-09-13,Equifax,734,0,
8495,14511,8495,2021-12-24,TransUnion,702,1,
8496,6762,8496,2021-12-30,Experian,751,0,51
8497,11956,8497,2023-11-10,TransUnion,711,4,
8498,10008,8498,2020-06-09,TransUnion,720,0,
8499,3998,8499,2021-09-28,Experian,772,3,
8500,12428,8500,2023-09-09,Equifax,737,0,
8501,567,8501,2021-08-22,Experian,689,0,22
8502,10148,8502,2023-10-04,Equifax,649,1,
8503,4532,8503,2022-10-21,Experian,674,3,
8504,11688,8504,2021-07-03,Equifax,716,3,56
8505,178,8505,2022-09-24,Equifax,675,5,
8506,5884,8506,2023-04-18,Equifax,836,2,36
8507,7139,8507,2023-10-16,Experian,698,4,
8508,3698,8508,2022-11-29,Equifax,700,0,34
8509,13308,8509,2020-05-15,Experian,624,1,24
8510,14541,8510,2023-09-07,Equifax,843,3,16
8511,9935,8511,2023-09-29,Equifax,749,4,31
8512,6912,8512,2024-03-26,Experian,686,3,
8513,2362,8513,2023-01-09,Equifax,740,4,30
8514,4348,8514,2021-08-30,Experian,685,4,
8515,5342,8515,2021-09-27,Experian,728,4,
8516,2921,8516,2020-01-30,Equifax,614,0,
8517,10382,8517,2023-12-23,TransUnion,720,2,
8518,1296,8518,2020-09-24,Experian,607,5,
8519,11274,8519,2020-02-01,Equifax,660,0,
8520,9434,8520,2022-01-03,TransUnion,679,4,56
8521,11275,8521,2021-03-25,Equifax,833,1,
8522,14691,8522,2023-01-01,Experian,807,2,
8523,10394,8523,2022-05-25,TransUnion,696,1,
8524,8526,8524,2024-01-15,Equifax,774,2,
8525,7819,8525,2020-11-10,TransUnion,666,3,33
8526,28,8526,2023-07-24,Equifax,736,0,
8527,9007,8527,2021-03-15,Experian,724,5,46
8528,3364,8528,2020-10-14,Equifax,693,4,
8529,2726,8529,2024-04-07,Experian,671,0,26
8530,9711,8530,2020-03-02,Experian,674,3,41
8531,1150,8531,2021-11-24,TransUnion,726,5,
8532,11312,8532,2020-02-02,Experian,738,3,
8533,10600,8533,2023-05-14,Equifax,637,2,
8534,6585,8534,2021-05-31,Equifax,727,2,
8535,6160,8535,2021-11-22,Experian,674,5,
8536,12516,8536,2022-01-14,Experian,731,0,
8537,7321,8537,2021-07-19,Equifax,585,4,20
8538,10561,8538,2020-09-16,Experian,587,1,63
8539,6342,8539,2021-06-04,Equifax,647,1,
8540,8327,8540,2024-01-01,Experian,599,2,12
8541,9888,8541,2020-08-20,Experian,840,5,38
8542,873,8542,2024-01-14,Equifax,627,1,
8543,12304,8543,2020-03-13,Experian,707,2,5
8544,8889,8544,2024-02-09,Equifax,703,4,
8545,1031,8545,2022-09-03,Equifax,694,4,43
8546,9760,8546,2020-04-01,Experian,760,2,28
8547,2555,8547,2020-03-29,Equifax,690,0,
8548,8733,8548,2022-04-09,Experian,847,3,
8549,12239,8549,2024-02-03,Equifax,711,1,
8550,7626,8550,2020-09-30,TransUnion,847,5,
8551,6515,8551,2021-05-05,Experian,674,0,34
8552,13694,8552,2022-03-09,Experian,733,4,
8553,13133,8553,2020-09-24,TransUnion,746,1,
8554,1078,8554,2020-08-03,Experian,657,1,
8555,8625,8555,2023-08-27,Equifax,709,5,32
8556,5100,8556,2021-03-04,Experian,603,3,
8557,6313,8557,2022-01-09,Equifax,593,1,32
8558,3336,8558,2020-10-21,TransUnion,593,1,
8559,8831,8559,2021-08-26,Equifax,736,0,
8560,12900,8560,2023-05-31,TransUnion,735,5,
8561,13137,8561,2021-01-10,TransUnion,688,0,7
8562,13617,8562,2021-10-08,TransUnion,694,5,7
8563,172,8563,2022-07-03,TransUnion,586,5,45
8564,3792,8564,2022-04-26,Equifax,773,4,
8565,14626,8565,2023-05-03,TransUnion,747,2,
8566,7307,8566,2023-01-26,TransUnion,737,2,
8567,13504,8567,2023-12-25,Experian,586,4,57
8568,5212,8568,2023-11-06,Experian,662,4,
8569,12457,8569,2022-10-06,Equifax,715,4,
8570,4319,8570,2021-02-11,TransUnion,735,3,
8571,7492,8571,2020-06-27,Equifax,593,1,
8572,9561,8572,2022-01-01,Equifax,698,4,
8573,2528,8573,2022-06-01,TransUnion,677,2,16
8574,13627,8574,2023-06-01,Experian,826,1,26
8575,1118,8575,2024-01-12,TransUnion,725,1,21
8576,10149,8576,2022-06-13,TransUnion,829,5,
8577,7496,8577,2020-12-25,Experian,681,0,68
8578,11686,8578,2021-01-26,Experian,699,1,
8579,9767,8579,2020-05-05,Equifax,729,3,11
8580,9972,8580,2024-05-05,Experian,594,0,
8581,6247,8581,2020-06-16,Equifax,682,5,
8582,8211,8582,2021-06-15,TransUnion,648,1,45
8583,10606,8583,2023-02-06,TransUnion,634,4,7
8584,7163,8584,2023-09-27,Equifax,682,3,
8585,4537,8585,2023-11-03,TransUnion,746,1,28
8586,8899,8586,2020-04-23,Experian,695,0,70
8587,10926,8587,2023-04-18,Experian,748,3,28
8588,10018,8588,2021-09-18,TransUnion,759,4,23
8589,5461,8589,2022-02-03,TransUnion,703,5,
8590,3230,8590,2020-03-09,TransUnion,660,0,21
8591,12867,8591,2020-09-11,Equifax,701,3,9
8592,3982,8592,2022-01-16,TransUnion,682,5,
8593,8179,8593,2022-11-12,Experian,703,0,50
8594,6311,8594,2020-04-20,Equifax,628,4,
8595,1731,8595,2022-02-20,Equifax,610,5,52
8596,8852,8596,2022-01-21,TransUnion,671,5,
8597,3257,8597,2023-09-22,Equifax,729,5,
8598,2684,8598,2021-12-23,Experian,693,3,
8599,2171,8599,2021-01-17,Equifax,742,5,
8600,7571,8600,2023-02-26,TransUnion,649,4,
8601,4312,8601,2021-09-11,TransUnion,690,3,
8602,12893,8602,2020-07-16,TransUnion,709,2,
8603,12590,8603,2022-09-03,Experian,821,1,
8604,993,8604,2022-05-23,Experian,590,4,
8605,7504,8605,2023-08-19,Equifax,734,2,10
8606,9564,8606,2020-06-03,TransUnion,738,2,65
8607,8665,8607,2022-09-03,TransUnion,740,0,
8608,3419,8608,2024-05-14,TransUnion,659,5,
8609,468,8609,2021-03-21,Equifax,755,1,47
8610,6092,8610,2021-11-28,Equifax,661,3,27
8611,13402,8611,2020-11-03,Experian,600,4,11
8612,14143,8612,2024-01-14,Equifax,714,5,63
8613,1566,8613,2022-11-13,Equifax,837,4,
8614,1572,8614,2022-11-27,TransUnion,644,0,
8615,3294,8615,2022-07-12,Experian,764,1,
8616,3216,8616,2022-01-26,Experian,586,5,
8617,8930,8617,2023-11-01,Equifax,734,4,
8618,10766,8618,2023-04-17,Equifax,711,3,16
8619,12241,8619,2023-05-10,Experian,771,2,
8620,8606,8620,2022-10-13,Equifax,727,1,
8621,12192,8621,2020-04-01,Experian,792,4,49
8622,3946,8622,2021-06-16,Equifax,720,3,
8623,6639,8623,2023-09-16,Experian,604,1,
8624,9667,8624,2021-10-21,Experian,767,2,
8625,14505,8625,2020-02-01,Experian,660,5,
8626,9757,8626,2020-12-02,Experian,737,4,
8627,13382,8627,2023-03-24,Experian,709,5,
8628,13876,8628,2024-04-16,TransUnion,696,5,14
8629,7046,8629,2021-11-01,TransUnion,622,1,
8630,7480,8630,2021-04-24,TransUnion,757,4,13
8631,11370,8631,2024-03-29,TransUnion,702,0,
8632,11949,8632,2022-08-07,Experian,738,1,54
8633,3701,8633,2022-01-25,Equifax,584,0,
8634,13982,8634,2020-09-02,Equifax,739,0,
8635,7118,8635,2022-03-12,Equifax,840,3,
8636,10928,8636,2021-03-20,Experian,601,5,54
8637,11371,8637,2024-04-23,Experian,836,0,
8638,12815,8638,2021-11-22,Experian,790,4,33
8639,11312,8639,2021-07-25,Equifax,738,0,
8640,12445,8640,2022-05-24,Equifax,663,0,69
8641,12515,8641,2020-02-01,Equifax,706,3,16
8642,2400,8642,2023-03-09,Equifax,657,1,
8643,78,8643,2021-09-25,Experian,715,5,29
8644,13633,8644,2020-01-12,Experian,783,2,
8645,7986,8645,2021-08-24,Experian,747,0,
8646,8654,8646,2023-10-27,TransUnion,603,3,
8647,3370,8647,2020-01-10,Equifax,693,1,28
8648,14703,8648,2021-01-12,Equifax,701,0,13
8649,3865,8649,2021-11-01,TransUnion,580,0,16
8650,368,8650,2021-12-25,TransUnion,583,0,
8651,9467,8651,2024-03-29,Experian,713,3,
8652,3140,8652,2020-08-21,Equifax,814,1,
8653,13548,8653,2023-01-27,TransUnion,696,4,
8654,3684,8654,2020-08-15,Equifax,725,3,49
8655,9845,8655,2020-10-19,Experian,649,0,
8656,9292,8656,2020-06-06,Equifax,714,4,63
8657,11444,8657,2020-11-02,Experian,747,4,
8658,712,8658,2024-04-06,TransUnion,696,5,
8659,14473,8659,2021-09-02,Equifax,602,4,44
8660,8285,8660,2021-04-14,TransUnion,841,0,
8661,7920,8661,2023-09-13,Experian,602,1,15
8662,2103,8662,2021-07-28,Equifax,683,1,
8663,3881,8663,2023-12-27,Equifax,640,2,
8664,12266,8664,2022-10-22,TransUnion,778,5,
8665,8386,8665,2023-07-06,Equifax,653,4,
8666,4498,8666,2020-08-09,Equifax,737,1,
8667,1522,8667,2021-04-30,TransUnion,694,0,70
8668,10016,8668,2022-08-17,TransUnion,728,5,7
8669,675,8669,2022-11-20,TransUnion,639,2,
8670,1540,8670,2023-01-09,Experian,693,5,10
8671,12057,8671,2022-04-05,Equifax,616,1,43
8672,3173,8672,2021-03-18,Experian,697,3,
8673,4126,8673,2020-01-09,Experian,600,4,11
8674,9260,8674,2020-07-03,TransUnion,708,2,6
8675,9659,8675,2023-10-25,TransUnion,840,0,7
8676,3053,8676,2024-02-05,Equifax,719,3,
8677,5830,8677,2023-10-17,Experian,720,0,
8678,3302,8678,2024-03-06,Experian,691,5,15
8679,13878,8679,2023-09-11,Experian,670,1,
8680,5827,8680,2023-05-08,Experian,583,2,
8681,12514,8681,2021-07-16,Experian,640,5,
8682,13262,8682,2021-08-18,TransUnion,703,2,
8683,2325,8683,2023-11-18,Equifax,655,2,17
8684,12463,8684,2022-01-14,TransUnion,781,0,68
8685,9669,8685,2021-12-13,TransUnion,723,2,
8686,2361,8686,2022-01-22,Equifax,724,1,28
8687,627,8687,2021-02-28,TransUnion,790,2,
8688,12137,8688,2020-07-20,Equifax,695,4,11
8689,10378,8689,2023-06-20,Equifax,667,1,
8690,13455,8690,2021-10-24,TransUnion,715,5,22
8691,10025,8691,2024-03-19,Equifax,606,5,
8692,14192,8692,2023-02-24,Equifax,646,5,
8693,3798,8693,2022-06-02,Experian,785,0,51
8694,5155,8694,2022-07-06,Equifax,708,0,
8695,10384,8695,2021-04-10,Equifax,688,3,
8696,11034,8696,2020-06-13,TransUnion,678,2,
8697,8648,8697,2022-11-09,TransUnion,780,1,
8698,14045,8698,2022-08-01,Equifax,655,2,17
8699,5311,8699,2021-02-28,TransUnion,759,4,
8700,10355,8700,2022-05-13,TransUnion,806,0,
8701,1631,8701,2022-10-19,Experian,734,1,64
8702,13188,8702,2022-05-30,TransUnion,670,3,10
8703,614,8703,2023-06-11,Experian,762,0,43
8704,9924,8704,2022-04-01,Experian,653,4,
8705,8301,8705,2021-11-10,TransUnion,666,2,
8706,12860,8706,2021-11-22,Equifax,685,5,
8707,12320,8707,2021-01-13,Experian,717,0,
8708,11330,8708,2022-03-13,Equifax,744,3,17
8709,2385,8709,2022-09-26,Equifax,728,5,
8710,10047,8710,2023-10-13,TransUnion,813,1,59
8711,597,8711,2022-11-25,TransUnion,747,2,
8712,8303,8712,2023-10-17,TransUnion,700,1,7
8713,2313,8713,2023-12-30,TransUnion,644,4,55
8714,13651,8714,2021-10-04,TransUnion,745,0,
8715,12237,8715,2021-12-24,TransUnion,722,2,9
8716,13704,8716,2021-02-11,Experian,737,5,
8717,1334,8717,2020-01-29,TransUnion,733,0,
8718,13527,8718,2020-12-10,TransUnion,757,3,
8719,8706,8719,2022-10-13,Equifax,672,0,
8720,13789,8720,2023-03-22,Experian,598,2,71
8721,8792,8721,2022-05-13,Equifax,832,1,11
8722,4813,8722,2020-12-24,Equifax,620,0,61
8723,13041,8723,2020-03-05,Equifax,582,2,
8724,2126,8724,2023-01-26,Equifax,710,4,19
8725,5340,8725,2023-05-03,TransUnion,667,1,
8726,5403,8726,2020-12-26,Equifax,760,1,42
8727,3135,8727,2020-03-01,TransUnion,798,4,
8728,12363,8728,2022-12-25,TransUnion,720,4,26
8729,10949,8729,2021-06-14,Equifax,715,0,
8730,10923,8730,2020-12-03,Experian,752,5,68
8731,13404,8731,2022-02-21,Experian,739,3,70
8732,13409,8732,2023-01-03,Experian,701,4,
8733,6835,8733,2023-07-07,Equifax,689,3,67
8734,14822,8734,2020-08-23,TransUnion,743,2,
8735,6833,8735,2021-06-03,Equifax,656,3,
8736,12466,8736,2024-01-25,Equifax,795,2,
8737,12170,8737,2023-11-03,Equifax,727,1,
8738,2773,8738,2023-10-10,Equifax,688,2,
8739,1558,8739,2023-01-20,TransUnion,673,0,22
8740,9802,8740,2023-03-15,Experian,812,1,
8741,6405,8741,2020-02-01,Equifax,636,4,56
8742,8530,8742,2022-07-01,Experian,706,1,
8743,6456,8743,2021-02-15,TransUnion,847,3,
8744,2065,8744,2020-01-04,Experian,691,4,
8745,8916,8745,2020-07-08,Experian,681,2,
8746,11366,8746,2024-05-23,TransUnion,716,2,
8747,1075,8747,2021-03-13,Equifax,695,2,
8748,3310,8748,2023-11-25,Experian,721,4,
8749,12000,8749,2020-07-04,Experian,723,4,17
8750,11196,8750,2021-12-29,TransUnion,684,1,56
8751,7338,8751,2020-05-23,Experian,687,1,
8752,3271,8752,2021-11-25,Experian,600,3,
8753,857,8753,2020-10-15,TransUnion,804,3,
8754,483,8754,2021-12-06,Equifax,677,5,
8755,10981,8755,2023-09-28,Experian,736,2,48
8756,5808,8756,2024-03-12,Experian,697,3,
8757,3782,8757,2023-01-06,TransUnion,673,3,
8758,3639,8758,2024-02-14,TransUnion,808,3,20
8759,8889,8759,2023-04-19,TransUnion,703,2,
8760,10005,8760,2020-02-03,Equifax,700,1,12
8761,8666,8761,2023-06-01,Equifax,709,4,55
8762,14384,8762,2021-09-08,Equifax,651,4,
8763,11096,8763,2020-10-28,Equifax,590,3,
8764,10956,8764,2024-04-20,Experian,685,1,
8765,4879,8765,2023-04-03,Experian,721,1,
8766,14044,8766,2021-10-02,Equifax,664,5,
8767,7548,8767,2021-01-06,Experian,730,4,
8768,14890,8768,2024-04-02,Experian,669,0,38
8769,14951,8769,2024-02-16,Experian,697,4,71
8770,7650,8770,2022-04-27,Experian,788,3,
8771,1751,8771,2022-04-20,Experian,720,4,70
8772,14430,8772,2024-04-07,TransUnion,585,3,59
8773,11784,8773,2023-01-21,Experian,844,2,
8774,117,8774,2022-01-26,Experian,661,2,
8775,5833,8775,2021-10-29,TransUnion,612,1,
8776,6556,8776,2022-08-27,Experian,734,5,
8777,3973,8777,2022-08-10,Experian,730,0,65
8778,14712,8778,2021-09-07,Experian,659,3,28
8779,7056,8779,2022-08-03,Equifax,835,3,35
8780,13570,8780,2023-01-26,TransUnion,814,2,
8781,14342,8781,2021-12-20,Experian,677,5,57
8782,13558,8782,2022-09-23,TransUnion,719,3,
8783,1687,8783,2020-10-30,Equifax,602,1,17
8784,13432,8784,2022-11-13,TransUnion,630,3,8
8785,7917,8785,2023-11-05,Experian,739,1,
8786,3192,8786,2021-05-20,TransUnion,656,2,
8787,4389,8787,2024-05-05,Experian,742,1,
8788,2708,8788,2024-04-30,Experian,807,1,
8789,14403,8789,2020-04-02,TransUnion,705,5,22
8790,7955,8790,2021-11-16,Experian,734,5,53
8791,6499,8791,2022-05-21,TransUnion,758,5,
8792,3556,8792,2020-05-18,TransUnion,747,5,
8793,541,8793,2021-10-15,TransUnion,587,1,
8794,9888,8794,2023-07-13,Equifax,840,4,
8795,12326,8795,2022-07-11,Experian,617,4,
8796,2329,8796,2024-01-10,Experian,778,3,
8797,136,8797,2021-03-29,TransUnion,799,0,
8798,4981,8798,2020-01-08,Experian,590,2,19
8799,11606,8799,2022-08-20,Equifax,660,2,
8800,9740,8800,2022-08-21,TransUnion,806,4,
8801,13709,8801,2024-03-14,Equifax,689,4,
8802,3661,8802,2022-08-02,Equifax,603,4,23
8803,11918,8803,2024-04-27,TransUnion,756,4,3
8804,13254,8804,2022-11-27,TransUnion,619,3,
8805,11988,8805,2023-09-12,Equifax,597,3,
8806,2687,8806,2020-05-12,Experian,716,5,67
8807,12168,8807,2023-02-04,TransUnion,739,1,
8808,42,8808,2020-11-19,Equifax,718,1,
8809,7762,8809,2023-12-07,Equifax,723,3,9
8810,5551,8810,2020-07-16,Experian,692,0,10
8811,6535,8811,2020-10-24,Experian,682,5,31
8812,9540,8812,2023-09-16,Experian,692,3,
8813,8189,8813,2023-10-25,Experian,736,5,69
8814,10749,8814,2023-07-06,TransUnion,652,5,43
8815,1895,8815,2020-08-25,Experian,738,5,31
8816,14093,8816,2024-02-03,Experian,780,1,
8817,4079,8817,2021-01-10,TransUnion,705,2,
8818,14730,8818,2020-05-21,Equifax,737,3,
8819,4265,8819,2020-01-01,Experian,667,3,
8820,12078,8820,2022-08-01,TransUnion,739,4,25
8821,10257,8821,2020-08-19,TransUnion,720,4,
8822,3093,8822,2021-01-20,Equifax,718,2,
8823,10193,8823,2021-04-30,Experian,631,5,
8824,3275,8824,2020-10-16,Experian,707,3,
8825,13247,8825,2021-05-25,TransUnion,750,2,3
8826,14311,8826,2024-05-31,TransUnion,796,3,
8827,6758,8827,2020-06-14,TransUnion,672,4,
8828,8353,8828,2020-11-05,TransUnion,692,0,50
8829,7807,8829,2021-06-05,Experian,601,2,
8830,4261,8830,2020-01-28,Equifax,825,4,
8831,2090,8831,2024-03-13,Equifax,715,3,
8832,3308,8832,2022-05-24,TransUnion,597,3,
8833,13837,8833,2023-12-04,Experian,785,0,
8834,9422,8834,2023-10-29,TransUnion,624,1,
8835,8589,8835,2020-02-22,TransUnion,719,0,
8836,10527,8836,2024-01-11,Experian,661,2,
8837,12692,8837,2024-05-26,Experian,687,4,7
8838,8953,8838,2024-02-14,Equifax,678,4,
8839,12822,8839,2022-01-11,TransUnion,632,5,34
8840,7535,8840,2023-03-04,Equifax,707,5,
8841,4986,8841,2021-11-16,Equifax,693,3,
8842,9277,8842,2024-05-28,TransUnion,722,4,
8843,3555,8843,2022-08-16,Equifax,683,2,15
8844,2438,8844,2022-07-26,Equifax,707,2,
8845,13773,8845,2021-05-14,TransUnion,741,2,
8846,910,8846,2024-01-28,TransUnion,645,4,
8847,11111,8847,2022-11-18,Experian,815,4,10
8848,10560,8848,2022-02-11,TransUnion,735,4,63
8849,5361,8849,2023-04-22,Experian,668,4,
8850,13688,8850,2021-05-09,Experian,724,1,
8851,2643,8851,2020-02-17,Experian,663,1,41
8852,2859,8852,2023-03-03,Equifax,785,1,46
8853,1014,8853,2023-04-29,Equifax,791,2,7
8854,12191,8854,2020-01-19,Experian,589,0,
8855,5338,8855,2020-09-05,Experian,689,4,64
8856,640,8856,2023-02-25,Experian,582,5,
8857,11263,8857,2023-03-15,Experian,651,3,
8858,1086,8858,2023-12-29,TransUnion,690,1,
8859,12074,8859,2020-09-13,Experian,845,2,41
8860,6870,8860,2023-10-31,TransUnion,636,3,34
8861,7743,8861,2023-01-31,Equifax,699,0,
8862,1942,8862,2020-11-26,Experian,636,1,10
8863,6785,8863,2021-05-27,TransUnion,800,0,
8864,7574,8864,2023-11-28,Experian,754,5,
8865,4204,8865,2020-04-27,TransUnion,682,0,
8866,5524,8866,2022-12-03,TransUnion,642,3,
8867,13631,8867,2020-08-05,Experian,648,5,
8868,3969,8868,2022-11-26,TransUnion,707,4,4
8869,1957,8869,2021-11-02,TransUnion,705,2,15
8870,12953,8870,2024-01-19,Equifax,713,4,47
8871,14626,8871,2021-02-05,TransUnion,747,1,
8872,1365,8872,2022-11-11,Equifax,739,2,16
8873,343,8873,2021-12-31,Equifax,833,3,
8874,9990,8874,2024-05-30,TransUnion,695,1,25
8875,8280,8875,2023-03-01,Equifax,637,5,
8876,1880,8876,2022-10-22,Equifax,594,5,
8877,10805,8877,2021-10-04,Equifax,671,2,
8878,7043,8878,2023-10-25,Experian,834,3,
8879,10778,8879,2020-01-03,TransUnion,846,2,13
8880,10060,8880,2022-08-16,TransUnion,632,1,38
8881,5687,8881,2020-06-03,TransUnion,777,5,
8882,6800,8882,2021-01-04,Experian,846,5,20
8883,1766,8883,2024-03-14,TransUnion,640,1,
8884,4798,8884,2020-06-16,Equifax,601,1,44
8885,7254,8885,2020-08-10,Equifax,765,1,68
8886,6630,8886,2021-12-10,Experian,726,3,55
8887,4019,8887,2024-03-23,Equifax,584,5,
8888,12827,8888,2021-07-19,Experian,664,5,
8889,1755,8889,2020-02-21,TransUnion,734,3,
8890,12274,8890,2024-03-01,TransUnion,803,0,
8891,6275,8891,2022-05-14,Experian,668,1,44
8892,10938,8892,2020-12-15,Experian,626,1,64
8893,9122,8893,2022-07-16,Experian,645,2,
8894,11512,8894,2022-09-17,Equifax,651,5,
8895,11338,8895,2021-10-07,TransUnion,635,1,
8896,12521,8896,2023-06-07,TransUnion,736,3,32
8897,9740,8897,2021-04-05,Equifax,806,3,57
8898,3580,8898,2022-07-22,Equifax,706,2,
8899,7265,8899,2022-02-06,Equifax,755,5,15
8900,787,8900,2020-03-17,Experian,800,0,45
8901,11128,8901,2022-03-29,Equifax,692,3,
8902,4105,8902,2021-08-05,Equifax,734,1,44
8903,7037,8903,2021-12-26,Experian,725,1,70
8904,1249,8904,2023-02-22,Equifax,817,1,
8905,9165,8905,2021-02-16,TransUnion,681,4,
8906,7600,8906,2024-03-12,Experian,680,5,
8907,6195,8907,2022-03-09,Equifax,778,3,19
8908,3026,8908,2020-02-28,TransUnion,625,1,
8909,5999,8909,2023-05-02,Equifax,718,1,
8910,6670,8910,2023-09-16,Equifax,739,0,69
8911,6839,8911,2020-11-06,Experian,652,5,
8912,23,8912,2022-03-11,Equifax,824,1,
8913,12883,8913,2022-01-05,TransUnion,622,0,
8914,7520,8914,2023-04-12,Equifax,664,1,
8915,3832,8915,2023-02-26,Experian,688,2,9
8916,4867,8916,2021-10-06,Experian,581,0,20
8917,14756,8917,2021-05-19,Equifax,630,3,27
8918,11503,8918,2022-08-03,Experian,634,3,36
8919,1906,8919,2023-09-29,TransUnion,716,2,
8920,10469,8920,2023-02-14,Equifax,828,5,
8921,3442,8921,2020-07-10,Experian,831,4,
8922,13567,8922,2023-12-07,Equifax,750,1,
8923,4673,8923,2021-01-10,Equifax,612,3,
8924,1817,8924,2020-06-12,Experian,759,5,
8925,2743,8925,2022-06-07,Experian,647,2,10
8926,375,8926,2022-06-28,Equifax,808,3,53
8927,2227,8927,2024-04-17,TransUnion,776,2,
8928,13699,8928,2022-03-17,TransUnion,616,1,
8929,10545,8929,2020-01-18,Experian,686,4,
8930,45,8930,2022-05-30,TransUnion,758,3,15
8931,6527,8931,2023-03-25,Equifax,762,4,
8932,13452,8932,2021-08-03,TransUnion,668,1,
8933,3027,8933,2023-07-24,Equifax,603,2,11
8934,891,8934,2024-02-18,Equifax,840,5,
8935,2131,8935,2024-04-20,TransUnion,599,4,
8936,12065,8936,2023-11-27,TransUnion,698,5,
8937,6804,8937,2020-09-22,TransUnion,630,5,
8938,10658,8938,2023-11-24,Equifax,712,5,31
8939,9938,8939,2021-05-08,Equifax,787,3,
8940,13570,8940,2024-02-29,Experian,814,4,
8941,11156,8941,2023-09-30,TransUnion,675,2,16
8942,5082,8942,2020-06-06,Equifax,630,4,
8943,850,8943,2021-01-04,Experian,699,2,
8944,1964,8944,2023-07-10,TransUnion,714,3,34
8945,1245,8945,2020-12-23,TransUnion,669,2,
8946,14310,8946,2023-09-11,Experian,715,3,
8947,10825,8947,2023-02-18,Experian,616,1,23
8948,11265,8948,2021-11-17,Equifax,634,0,3
8949,2507,8949,2022-10-22,TransUnion,646,1,33
8950,4019,8950,2021-07-16,Equifax,584,3,
8951,11323,8951,2020-06-27,Experian,706,0,
8952,8198,8952,2022-05-20,TransUnion,842,4,
8953,5492,8953,2022-04-15,TransUnion,792,3,
8954,9368,8954,2020-06-29,Equifax,593,1,68
8955,6909,8955,2022-03-05,Experian,735,3,
8956,3627,8956,2023-07-26,Equifax,829,2,
8957,8336,8957,2021-05-14,TransUnion,745,4,
8958,9314,8958,2020-11-26,Experian,658,4,
8959,10626,8959,2021-08-14,Equifax,772,0,56
8960,12998,8960,2020-09-10,Experian,617,2,20
8961,13481,8961,2022-03-08,Experian,720,0,33
8962,3737,8962,2021-05-17,TransUnion,789,0,29
8963,11164,8963,2024-02-09,TransUnion,709,1,
8964,14166,8964,2022-02-14,TransUnion,705,4,
8965,528,8965,2021-09-09,Equifax,585,0,
8966,9262,8966,2021-10-27,Equifax,740,0,14
8967,3181,8967,2022-03-22,Equifax,671,5,6
8968,5457,8968,2023-10-17,Experian,643,3,
8969,14177,8969,2022-04-14,Equifax,647,0,68
8970,10689,8970,2022-06-27,TransUnion,745,0,
8971,12062,8971,2023-03-31,Equifax,711,1,
8972,10356,8972,2020-08-23,Equifax,733,4,
8973,11513,8973,2023-05-10,TransUnion,741,3,
8974,5401,8974,2021-11-18,Equifax,724,4,8
8975,4007,8975,2020-12-31,TransUnion,728,4,
8976,9264,8976,2023-11-15,TransUnion,705,1,61
8977,3144,8977,2022-03-31,TransUnion,776,1,47
8978,13776,8978,2022-07-06,Equifax,836,5,5
8979,4808,8979,2023-05-05,Equifax,685,0,61
8980,2973,8980,2021-01-05,TransUnion,749,2,38
8981,8539,8981,2022-11-14,Equifax,830,2,
8982,6939,8982,2020-09-18,Experian,658,0,
8983,535,8983,2022-09-27,Experian,667,1,3
8984,9577,8984,2023-04-27,Experian,782,0,43
8985,3461,8985,2023-03-30,Experian,632,1,56
8986,3880,8986,2020-07-11,TransUnion,580,5,48
8987,2530,8987,2023-12-04,Equifax,682,4,
8988,8185,8988,2022-02-25,Experian,729,2,
8989,12580,8989,2023-08-25,TransUnion,603,3,33
8990,9767,8990,2020-08-11,Experian,729,5,
8991,6037,8991,2021-12-01,Experian,749,2,
8992,13415,8992,2021-05-07,Equifax,716,0,44
8993,2445,8993,2022-04-28,Equifax,729,0,
8994,11461,8994,2021-01-03,Experian,600,5,
8995,6964,8995,2024-01-18,Experian,714,0,45
8996,11541,8996,2020-06-04,TransUnion,624,5,66
8997,11968,8997,2024-01-22,Equifax,588,2,6
8998,331,8998,2023-11-21,TransUnion,794,4,29
8999,3933,8999,2022-11-16,Equifax,716,5,35
9000,10383,9000,2023-06-22,Equifax,779,2,27
9001,14234,9001,2023-06-21,TransUnion,761,4,
9002,8848,9002,2021-03-29,Equifax,678,2,
9003,1503,9003,2020-07-14,TransUnion,667,4,34
9004,12933,9004,2020-11-01,Equifax,718,1,
9005,4144,9005,2021-12-19,Experian,716,2,50
9006,9355,9006,2020-12-03,TransUnion,706,5,
9007,347,9007,2023-06-24,TransUnion,627,0,
9008,9837,9008,2023-10-01,Equifax,811,5,8
9009,11851,9009,2020-07-12,TransUnion,739,4,42
9010,9322,9010,2020-06-06,TransUnion,686,4,66
9011,9346,9011,2020-05-26,Experian,712,4,8
9012,4711,9012,2021-01-10,Experian,717,4,
9013,7819,9013,2021-12-04,Experian,666,2,48
9014,1560,9014,2022-06-17,Experian,719,5,
9015,8578,9015,2020-10-13,Equifax,654,5,47
9016,1855,9016,2021-07-17,Experian,746,0,
9017,3359,9017,2022-05-21,TransUnion,715,2,31
9018,2132,9018,2023-04-20,Experian,825,4,
9019,4861,9019,2020-01-23,Equifax,634,1,
9020,2895,9020,2023-07-02,TransUnion,767,3,
9021,6766,9021,2023-02-15,Experian,711,0,
9022,6960,9022,2024-03-07,Equifax,593,3,
9023,7247,9023,2022-10-10,TransUnion,680,4,
9024,3101,9024,2023-02-27,Equifax,741,0,21
9025,11274,9025,2020-06-25,Experian,660,2,
9026,10230,9026,2021-04-01,TransUnion,691,2,
9027,14967,9027,2024-04-17,Equifax,611,0,37
9028,7794,9028,2020-09-27,Equifax,633,1,
9029,6569,9029,2021-05-24,TransUnion,764,1,
9030,12181,9030,2022-01-16,Experian,588,0,
9031,6585,9031,2023-06-03,TransUnion,727,0,14
9032,8372,9032,2020-01-10,TransUnion,609,4,32
9033,5049,9033,2023-05-28,Experian,726,1,44
9034,1847,9034,2022-04-14,Experian,686,2,
9035,6252,9035,2020-12-09,TransUnion,740,2,35
9036,13296,9036,2024-02-09,Equifax,780,2,
9037,3185,9037,2020-12-25,TransUnion,599,1,40
9038,12775,9038,2022-07-28,Experian,730,5,48
9039,2539,9039,2020-02-13,Experian,803,2,
9040,9166,9040,2023-04-07,Experian,718,3,
9041,3048,9041,2023-05-31,Experian,705,0,
9042,4668,9042,2021-09-18,Experian,713,3,30
9043,4699,9043,2023-06-15,TransUnion,691,1,52
9044,14043,9044,2022-07-06,Experian,683,2,64
9045,5840,9045,2022-03-02,Equifax,683,1,
9046,7315,9046,2023-12-12,TransUnion,655,1,
9047,6505,9047,2023-11-15,TransUnion,678,2,
9048,161,9048,2023-11-27,Experian,718,3,6
9049,2920,9049,2023-03-12,TransUnion,767,5,
9050,13307,9050,2021-09-02,TransUnion,672,2,
9051,3117,9051,2021-07-24,Equifax,723,1,
9052,14748,9052,2023-12-19,Equifax,706,3,
9053,13783,9053,2021-09-15,TransUnion,707,1,
9054,7842,9054,2020-01-16,TransUnion,664,5,
9055,11271,9055,2022-08-10,Experian,701,0,16
9056,14856,9056,2020-09-09,Experian,636,3,
9057,3036,9057,2023-03-19,TransUnion,638,5,
9058,14931,9058,2020-04-30,Experian,613,1,58
9059,7846,9059,2022-08-06,Equifax,583,2,55
9060,1892,9060,2024-02-10,Equifax,725,1,7
9061,7673,9061,2023-11-07,Experian,681,3,33
9062,12369,9062,2021-09-04,Equifax,811,4,
9063,9780,9063,2023-03-13,Equifax,617,5,11
9064,10025,9064,2021-12-26,TransUnion,606,0,
9065,2572,9065,2021-06-14,TransUnion,744,5,32
9066,5095,9066,2020-02-19,Experian,701,2,
9067,189,9067,2020-02-13,TransUnion,689,4,60
9068,6612,9068,2024-05-17,TransUnion,692,3,
9069,6222,9069,2020-11-28,TransUnion,669,5,
9070,2021,9070,2022-06-26,Equifax,641,5,
9071,5700,9071,2023-09-20,Equifax,715,1,58
9072,6097,9072,2021-06-10,TransUnion,748,0,28
9073,2408,9073,2024-02-12,TransUnion,715,4,
9074,8368,9074,2020-05-29,TransUnion,748,0,
9075,1198,9075,2024-05-28,Equifax,662,1,
9076,8966,9076,2020-10-15,Equifax,715,3,
9077,1331,9077,2024-03-07,TransUnion,748,0,
9078,1708,9078,2020-11-16,TransUnion,811,0,
9079,12954,9079,2020-11-28,Experian,735,4,24
9080,4604,9080,2021-09-24,Experian,654,0,14
9081,12306,9081,2020-01-27,Experian,650,4,
9082,12244,9082,2020-09-01,Experian,720,1,43
9083,8752,9083,2024-01-18,TransUnion,781,3,48
9084,9451,9084,2022-01-01,TransUnion,819,3,
9085,4934,9085,2024-05-02,Experian,639,4,
9086,4664,9086,2022-10-13,Experian,642,5,
9087,12972,9087,2022-06-30,Equifax,773,5,70
9088,7072,9088,2021-09-27,Equifax,730,4,68
9089,9335,9089,2021-07-22,Experian,770,5,
9090,6917,9090,2022-06-10,TransUnion,639,1,36
9091,1095,9091,2022-10-22,Experian,783,1,21
9092,1900,9092,2021-12-26,Experian,691,2,25
9093,1336,9093,2021-09-23,Equifax,793,5,
9094,11665,9094,2020-06-07,Equifax,830,3,
9095,1487,9095,2020-04-24,Experian,663,3,13
9096,11169,9096,2021-06-19,TransUnion,848,2,
9097,8058,9097,2021-08-15,Experian,606,0,
9098,12804,9098,2020-01-11,Experian,645,4,
9099,2898,9099,2022-01-29,Equifax,720,0,21
9100,6916,9100,2021-05-30,TransUnion,709,4,
9101,11357,9101,2022-06-04,Equifax,696,2,
9102,11927,9102,2023-06-18,Experian,668,3,
9103,10641,9103,2023-02-23,Equifax,809,2,
9104,10825,9104,2022-07-18,Equifax,616,5,
9105,2891,9105,2022-04-16,Equifax,745,5,26
9106,572,9106,2021-01-04,TransUnion,728,2,9
9107,11970,9107,2021-09-12,Experian,698,0,
9108,997,9108,2022-12-05,Experian,779,0,25
9109,8609,9109,2020-04-22,TransUnion,725,3,53
9110,6412,9110,2020-11-03,TransUnion,603,5,
9111,240,9111,2023-08-08,Experian,586,5,64
9112,6764,9112,2021-10-14,Experian,696,1,53
9113,13381,9113,2021-01-26,Experian,833,4,23
9114,11601,9114,2020-05-21,Equifax,726,1,
9115,11975,9115,2021-10-31,Equifax,723,0,
9116,10529,9116,2021-05-06,Equifax,733,4,35
9117,2793,9117,2022-11-03,TransUnion,830,5,42
9118,909,9118,2020-06-07,Experian,736,1,
9119,14176,9119,2023-04-18,Equifax,592,3,
9120,8735,9120,2023-03-04,Experian,587,3,
9121,11813,9121,2021-05-01,Experian,720,1,
9122,13421,9122,2023-08-05,Experian,638,0,
9123,10403,9123,2020-10-29,TransUnion,716,1,
9124,5624,9124,2022-11-25,TransUnion,840,2,
9125,6375,9125,2023-05-22,Experian,638,2,
9126,11695,9126,2023-07-24,Experian,736,5,
9127,14863,9127,2024-02-23,Experian,589,5,
9128,4012,9128,2020-01-16,Experian,738,3,
9129,6262,9129,2021-12-16,TransUnion,731,1,
9130,2007,9130,2021-01-16,Equifax,696,2,29
9131,2218,9131,2023-11-12,Equifax,745,3,57
9132,5470,9132,2024-04-12,TransUnion,623,0,33
9133,8069,9133,2024-04-14,Equifax,731,0,53
9134,5298,9134,2022-02-11,TransUnion,802,1,
9135,6938,9135,2024-05-04,Experian,728,1,
9136,7098,9136,2021-01-04,TransUnion,728,3,
9137,7170,9137,2023-12-21,Experian,611,4,35
9138,11768,9138,2023-05-25,Experian,581,3,
9139,2467,9139,2023-06-03,Experian,640,0,
9140,4984,9140,2023-04-16,Experian,685,1,
9141,13174,9141,2022-12-14,Experian,680,0,
9142,12560,9142,2022-03-19,TransUnion,715,4,
9143,10536,9143,2023-01-08,Equifax,713,4,
9144,11525,9144,2021-11-30,Equifax,725,4,39
9145,1506,9145,2022-02-26,Equifax,638,5,27
9146,8617,9146,2020-07-29,TransUnion,699,0,
9147,7978,9147,2021-06-10,Experian,812,0,16
9148,7837,9148,2023-04-12,Experian,769,2,20
9149,4864,9149,2022-03-18,TransUnion,685,3,
9150,14054,9150,2020-07-23,Equifax,589,3,20
9151,6121,9151,2023-05-12,Experian,696,0,
9152,1748,9152,2021-10-05,Experian,791,5,
9153,539,9153,2020-09-28,TransUnion,662,5,
9154,13268,9154,2021-11-30,Experian,683,5,
9155,12171,9155,2020-05-24,Equifax,741,1,20
9156,3684,9156,2023-11-14,Equifax,725,2,59
9157,11576,9157,2023-07-07,Equifax,689,4,
9158,9316,9158,2022-06-11,Equifax,681,5,36
9159,7710,9159,2023-02-06,Equifax,611,2,20
9160,7971,9160,2021-05-18,TransUnion,585,0,
9161,12145,9161,2021-02-09,Experian,636,5,22
9162,6060,9162,2022-06-04,TransUnion,743,0,16
9163,14256,9163,2024-04-12,Equifax,749,5,32
9164,13388,9164,2020-06-21,TransUnion,695,0,
9165,10322,9165,2022-01-03,Equifax,740,5,14
9166,8071,9166,2020-01-17,TransUnion,671,3,9
9167,6783,9167,2023-11-28,TransUnion,678,2,3
9168,4392,9168,2021-07-06,Experian,789,4,68
9169,9139,9169,2023-09-06,Experian,729,3,55
9170,1661,9170,2022-10-17,Equifax,698,3,66
9171,13188,9171,2022-03-30,TransUnion,670,0,
9172,9584,9172,2021-10-27,TransUnion,659,5,31
9173,9045,9173,2023-07-20,Experian,821,3,27
9174,2263,9174,2020-01-16,TransUnion,642,1,41
9175,2754,9175,2021-02-24,TransUnion,727,3,
9176,5759,9176,2022-12-23,Experian,663,1,22
9177,2782,9177,2020-03-01,Equifax,785,2,
9178,961,9178,2023-03-17,Experian,745,4,56
9179,13227,9179,2021-07-27,Experian,634,1,
9180,1887,9180,2021-11-09,Experian,688,2,
9181,12049,9181,2022-11-27,Equifax,621,3,
9182,6951,9182,2022-08-04,Equifax,830,3,
9183,8247,9183,2020-02-03,Equifax,653,0,
9184,12655,9184,2021-11-03,TransUnion,745,1,
9185,1467,9185,2023-03-16,Experian,653,4,
9186,7855,9186,2021-01-11,TransUnion,650,3,
9187,9204,9187,2022-08-24,Equifax,625,4,
9188,8270,9188,2020-02-27,Experian,742,5,9
9189,10676,9189,2021-11-15,Experian,648,1,
9190,9780,9190,2020-03-20,TransUnion,617,1,
9191,7526,9191,2023-05-01,TransUnion,811,3,
9192,14168,9192,2022-09-09,TransUnion,837,5,
9193,13023,9193,2020-08-14,Equifax,643,0,
9194,13704,9194,2023-09-21,TransUnion,737,3,
9195,4640,9195,2020-04-08,Equifax,795,1,59
9196,8292,9196,2022-02-15,Equifax,685,5,
9197,6662,9197,2022-05-06,TransUnion,680,3,33
9198,4080,9198,2022-05-02,Experian,677,0,
9199,1796,9199,2023-04-05,TransUnion,666,3,
9200,7421,9200,2023-03-01,Equifax,809,3,
9201,2969,9201,2024-03-12,Equifax,668,1,
9202,6531,9202,2023-01-08,Experian,793,4,
9203,14377,9203,2022-10-05,Equifax,713,0,36
9204,11854,9204,2023-09-11,TransUnion,671,4,
9205,5438,9205,2020-09-06,Equifax,804,5,
9206,766,9206,2021-07-11,Equifax,734,1,53
9207,5872,9207,2021-08-01,TransUnion,648,4,67
9208,3690,9208,2023-12-23,TransUnion,678,1,
9209,13358,9209,2021-11-21,Experian,741,5,
9210,4864,9210,2021-12-25,TransUnion,685,5,46
9211,641,9211,2022-04-25,Equifax,686,0,
9212,11659,9212,2023-11-15,Equifax,681,5,20
9213,6957,9213,2021-11-13,Equifax,766,4,52
9214,9877,9214,2020-06-08,TransUnion,688,5,
9215,1358,9215,2022-02-10,Experian,711,4,13
9216,13566,9216,2023-07-03,Equifax,675,0,11
9217,8799,9217,2020-05-31,Experian,747,4,
9218,7829,9218,2020-09-29,TransUnion,703,5,
9219,8750,9219,2020-09-13,Experian,695,2,
9220,8133,9220,2023-04-21,Experian,634,0,12
9221,4345,9221,2023-11-26,Experian,829,5,
9222,4104,9222,2023-05-01,TransUnion,684,4,
9223,4427,9223,2023-01-02,Experian,730,5,
9224,5560,9224,2020-02-27,Experian,747,0,28
9225,12063,9225,2021-11-06,Equifax,581,3,
9226,7741,9226,2022-02-10,TransUnion,717,2,27
9227,800,9227,2021-01-02,TransUnion,716,4,
9228,12369,9228,2021-10-08,Equifax,811,0,66
9229,2180,9229,2021-08-04,Experian,696,3,56
9230,10570,9230,2020-07-10,TransUnion,748,3,30
9231,7609,9231,2023-02-13,TransUnion,629,2,4
9232,8067,9232,2024-02-01,Equifax,704,3,48
9233,13648,9233,2023-11-04,TransUnion,624,5,31
9234,5356,9234,2022-04-03,TransUnion,816,0,
9235,12019,9235,2021-11-23,Experian,594,4,
9236,2312,9236,2022-08-25,Experian,731,3,57
9237,8267,9237,2020-08-20,TransUnion,839,3,63
9238,5943,9238,2022-07-07,Experian,760,3,24
9239,6304,9239,2021-10-10,TransUnion,729,2,
9240,11657,9240,2023-01-19,Equifax,583,4,35
9241,11421,9241,2020-08-26,TransUnion,710,0,
9242,6208,9242,2022-12-30,Experian,772,3,
9243,5534,9243,2023-07-27,Experian,672,3,
9244,8900,9244,2023-08-04,Experian,723,4,63
9245,2700,9245,2022-12-09,Equifax,833,5,53
9246,1011,9246,2022-10-15,TransUnion,721,5,44
9247,14401,9247,2024-02-02,TransUnion,712,5,
9248,2785,9248,2022-10-01,Experian,647,3,
9249,2795,9249,2021-07-22,Equifax,694,5,33
9250,5638,9250,2021-07-26,Experian,641,0,
9251,3616,9251,2023-03-11,TransUnion,622,5,
9252,12187,9252,2021-07-17,Experian,727,5,
9253,8137,9253,2020-11-30,Equifax,732,5,
9254,4575,9254,2020-04-24,Experian,638,1,44
9255,6715,9255,2020-06-23,Equifax,829,4,
9256,13328,9256,2020-06-20,Equifax,802,4,
9257,1078,9257,2023-02-09,Experian,657,5,
9258,3700,9258,2020-06-04,Experian,723,5,
9259,5632,9259,2024-05-24,TransUnion,725,0,46
9260,2696,9260,2021-06-24,TransUnion,632,1,44
9261,10085,9261,2024-05-25,TransUnion,737,0,
9262,8383,9262,2023-11-23,TransUnion,710,2,
9263,2509,9263,2020-08-20,TransUnion,846,0,
9264,2341,9264,2023-06-12,Equifax,787,3,
9265,11073,9265,2022-06-11,Experian,656,5,
9266,1105,9266,2022-12-18,Equifax,789,0,34
9267,6538,9267,2020-02-22,Equifax,670,4,11
9268,9423,9268,2021-07-20,Experian,652,1,
9269,7654,9269,2020-03-26,TransUnion,731,1,
9270,7782,9270,2022-07-07,Equifax,615,1,
9271,5914,9271,2024-05-23,Equifax,817,0,21
9272,11591,9272,2020-04-10,Experian,662,0,
9273,10062,9273,2024-05-06,TransUnion,672,5,
9274,5323,9274,2022-10-21,TransUnion,581,4,7
9275,8419,9275,2021-08-18,Experian,699,3,
9276,7878,9276,2023-09-09,Experian,645,2,36
9277,870,9277,2022-12-11,TransUnion,706,1,33
9278,6700,9278,2022-08-01,Experian,817,3,53
9279,14502,9279,2021-03-17,Equifax,787,4,29
9280,4450,9280,2023-10-20,TransUnion,757,2,
9281,7260,9281,2023-09-01,Experian,745,4,
9282,7717,9282,2023-09-04,TransUnion,658,4,
9283,3814,9283,2022-04-25,Experian,584,0,
9284,1117,9284,2022-05-11,TransUnion,766,1,
9285,5797,9285,2023-08-25,Equifax,842,3,
9286,2594,9286,2020-06-12,TransUnion,743,1,
9287,11014,9287,2023-04-27,TransUnion,688,5,
9288,6295,9288,2024-05-10,Experian,726,4,
9289,13931,9289,2022-05-25,Equifax,708,4,
9290,3574,9290,2020-11-02,Equifax,727,5,
9291,11601,9291,2022-03-31,Experian,726,3,
9292,13460,9292,2023-08-19,Experian,748,4,53
9293,8526,9293,2022-11-07,Equifax,774,2,
9294,3709,9294,2022-03-13,Experian,661,5,21
9295,636,9295,2021-08-08,TransUnion,730,3,10
9296,14687,9296,2024-01-10,Experian,665,2,
9297,13525,9297,2023-11-23,TransUnion,635,2,
9298,13400,9298,2024-05-25,Experian,623,2,
9299,3067,9299,2020-02-08,Equifax,705,2,52
9300,11638,9300,2021-10-11,Experian,669,2,61
9301,6007,9301,2021-03-17,TransUnion,679,0,
9302,9601,9302,2023-11-18,Equifax,708,1,69
9303,13116,9303,2020-05-31,TransUnion,699,2,
9304,6792,9304,2023-11-13,Experian,744,3,
9305,14953,9305,2022-08-07,Experian,693,2,
9306,7312,9306,2023-11-24,Experian,746,2,62
9307,4040,9307,2021-12-20,Equifax,662,3,
9308,10037,9308,2021-05-16,TransUnion,725,1,
9309,14103,9309,2022-02-09,Experian,605,1,
9310,10174,9310,2021-04-17,Experian,730,0,
9311,5960,9311,2022-12-23,Equifax,692,1,62
9312,11303,9312,2023-02-04,TransUnion,615,2,
9313,14488,9313,2022-03-18,Equifax,640,2,
9314,6734,9314,2022-03-18,Equifax,585,0,3
9315,2094,9315,2020-08-12,Equifax,722,3,
9316,7480,9316,2023-03-19,Experian,757,4,
9317,8309,9317,2021-07-27,Experian,731,2,
9318,14421,9318,2022-08-02,Equifax,836,1,70
9319,9252,9319,2021-08-07,Equifax,840,1,
9320,434,9320,2020-10-01,Experian,718,5,
9321,9176,9321,2021-10-30,TransUnion,583,5,4
9322,7212,9322,2020-03-02,Experian,807,1,
9323,9165,9323,2023-09-13,Experian,681,2,
9324,14410,9324,2020-12-17,Equifax,832,2,18
9325,184,9325,2023-03-06,TransUnion,598,0,
9326,1496,9326,2021-04-14,Equifax,609,1,43
9327,14293,9327,2024-03-01,Equifax,773,5,11
9328,3817,9328,2023-12-24,Experian,676,5,55
9329,7610,9329,2023-08-17,Experian,716,3,10
9330,2555,9330,2023-07-27,Equifax,690,5,3
9331,13418,9331,2022-10-19,Equifax,669,1,
9332,7674,9332,2020-08-06,Equifax,738,0,
9333,13975,9333,2020-12-31,TransUnion,585,4,
9334,585,9334,2021-07-06,Equifax,705,0,
9335,4825,9335,2021-04-09,TransUnion,588,1,42
9336,8951,9336,2020-04-10,TransUnion,598,1,7
9337,3735,9337,2022-04-03,Experian,719,1,
9338,14427,9338,2022-11-28,Equifax,602,5,38
9339,4197,9339,2020-03-06,Equifax,612,3,
9340,10819,9340,2020-01-02,Experian,675,0,11
9341,921,9341,2023-01-10,TransUnion,670,1,
9342,14263,9342,2022-09-30,Experian,661,5,
9343,7529,9343,2020-11-20,Equifax,737,5,
9344,12959,9344,2021-03-27,TransUnion,590,4,7
9345,4241,9345,2020-03-09,Experian,757,4,24
9346,10297,9346,2024-05-06,Equifax,696,1,54
9347,974,9347,2021-09-03,Equifax,700,1,31
9348,14159,9348,2020-04-04,Equifax,657,2,
9349,1038,9349,2022-01-13,Experian,662,1,65
9350,2433,9350,2022-05-15,Experian,848,2,
9351,4484,9351,2021-06-20,Equifax,705,1,41
9352,7660,9352,2024-04-28,Experian,711,5,66
9353,12588,9353,2022-08-03,TransUnion,669,2,31
9354,14405,9354,2020-10-22,TransUnion,713,1,
9355,1592,9355,2023-05-15,Experian,660,3,
9356,1451,9356,2020-12-20,TransUnion,747,2,
9357,9077,9357,2022-10-10,TransUnion,672,3,10
9358,8272,9358,2022-10-26,TransUnion,706,4,
9359,3513,9359,2022-09-13,TransUnion,672,2,
9360,10060,9360,2020-01-15,Experian,632,5,25
9361,9394,9361,2021-10-24,Equifax,660,4,
9362,8638,9362,2020-08-28,Experian,708,3,30
9363,3586,9363,2020-01-26,Experian,741,5,
9364,13388,9364,2021-11-03,Equifax,695,1,
9365,3145,9365,2021-05-15,Equifax,705,1,
9366,8481,9366,2021-10-15,Equifax,615,4,
9367,171,9367,2020-10-29,Equifax,735,4,8
9368,1351,9368,2022-11-12,Experian,713,0,
9369,10250,9369,2022-04-03,TransUnion,848,3,35
9370,3954,9370,2023-11-21,Experian,817,2,11
9371,374,9371,2023-05-15,Equifax,626,4,49
9372,1965,9372,2020-01-27,Experian,699,5,16
9373,12279,9373,2022-05-18,Equifax,768,3,
9374,2561,9374,2022-01-22,TransUnion,619,0,
9375,2730,9375,2022-05-03,Experian,646,0,55
9376,13088,9376,2024-01-26,Experian,712,1,16
9377,1824,9377,2022-06-30,Experian,736,5,20
9378,9395,9378,2022-05-21,TransUnion,740,1,
9379,13741,9379,2023-01-30,Experian,799,2,
9380,6422,9380,2024-03-18,Equifax,748,2,24
9381,1201,9381,2023-09-24,Experian,685,1,41
9382,5839,9382,2020-02-10,TransUnion,750,1,
9383,7885,9383,2022-10-10,TransUnion,725,2,21
9384,209,9384,2021-06-04,Equifax,672,2,
9385,420,9385,2022-04-25,TransUnion,745,0,7
9386,33,9386,2021-01-07,Equifax,705,2,23
9387,60,9387,2022-01-03,Equifax,656,4,35
9388,3059,9388,2022-06-11,Equifax,638,3,
9389,11126,9389,2023-11-07,Equifax,840,2,
9390,763,9390,2022-06-07,TransUnion,782,4,34
9391,2518,9391,2023-02-11,Equifax,640,4,10
9392,4113,9392,2020-04-11,Equifax,739,1,
9393,9311,9393,2024-01-03,Experian,679,1,71
9394,11546,9394,2024-02-08,Experian,640,3,
9395,13045,9395,2022-04-28,TransUnion,706,1,11
9396,7372,9396,2022-06-05,Equifax,634,2,
9397,7746,9397,2020-12-07,TransUnion,632,5,18
9398,1124,9398,2020-08-31,TransUnion,676,0,
9399,5232,9399,2024-02-13,Equifax,661,5,
9400,348,9400,2023-01-04,Experian,735,2,
9401,9578,9401,2022-05-14,Experian,705,1,
9402,5058,9402,2022-11-13,TransUnion,720,1,
9403,11393,9403,2020-03-10,Experian,749,5,
9404,232,9404,2022-09-30,Equifax,712,4,
9405,4521,9405,2020-02-23,Equifax,641,0,37
9406,6017,9406,2022-10-04,Experian,817,3,
9407,9504,9407,2023-11-10,Experian,735,3,
9408,910,9408,2021-06-21,TransUnion,645,5,43
9409,2130,9409,2021-05-09,TransUnion,589,3,
9410,10710,9410,2022-12-08,Equifax,589,2,
9411,12696,9411,2020-04-09,Equifax,738,2,
9412,5149,9412,2021-12-12,Experian,683,5,
9413,7359,9413,2020-02-05,Experian,596,3,
9414,11689,9414,2020-04-28,Equifax,736,5,
9415,11123,9415,2020-01-24,Experian,665,1,
9416,5753,9416,2022-04-06,TransUnion,757,0,51
9417,3090,9417,2020-08-30,Experian,701,4,
9418,13832,9418,2020-01-13,Experian,733,4,9
9419,13777,9419,2021-04-04,Equifax,741,5,
9420,514,9420,2020-02-16,Equifax,793,2,
9421,8472,9421,2022-12-19,Experian,595,1,64
9422,5839,9422,2023-12-31,Experian,750,0,59
9423,10796,9423,2020-10-21,Equifax,625,2,
9424,10933,9424,2020-04-17,Equifax,689,0,
9425,2408,9425,2020-11-02,TransUnion,715,2,
9426,3159,9426,2022-02-05,TransUnion,786,0,23
9427,6060,9427,2020-01-27,TransUnion,743,0,14
9428,597,9428,2020-10-12,Experian,747,5,35
9429,10158,9429,2022-03-26,Experian,730,3,
9430,8694,9430,2020-01-28,TransUnion,736,4,
9431,14791,9431,2024-04-07,TransUnion,742,0,69
9432,1909,9432,2024-01-16,TransUnion,580,5,
9433,519,9433,2023-05-24,Experian,658,3,
9434,4759,9434,2022-01-02,TransUnion,602,0,13
9435,12500,9435,2020-06-27,TransUnion,680,4,42
9436,6371,9436,2021-05-19,TransUnion,693,1,
9437,8816,9437,2023-06-22,TransUnion,781,2,
9438,880,9438,2020-02-28,TransUnion,829,3,
9439,9551,9439,2022-10-27,Experian,592,2,
9440,14578,9440,2023-09-10,Experian,683,4,
9441,14549,9441,2022-10-01,Experian,754,4,
9442,6277,9442,2021-12-19,Experian,606,3,
9443,2863,9443,2022-05-22,Experian,726,2,
9444,9618,9444,2022-03-16,Experian,761,3,
9445,3602,9445,2022-05-18,TransUnion,714,5,
9446,10566,9446,2023-12-18,TransUnion,733,2,57
9447,9736,9447,2020-05-23,Equifax,738,5,34
9448,6903,9448,2023-02-20,TransUnion,790,2,60
9449,11216,9449,2022-12-14,Experian,760,1,
9450,6742,9450,2022-11-27,TransUnion,815,4,
9451,4136,9451,2022-11-20,Experian,722,2,
9452,4580,9452,2021-09-01,Equifax,669,5,8
9453,12408,9453,2021-12-28,Equifax,646,3,
9454,3466,9454,2024-01-02,Experian,639,4,
9455,13544,9455,2022-10-13,TransUnion,838,4,
9456,8914,9456,2021-12-19,TransUnion,688,3,
9457,7528,9457,2020-12-04,Experian,709,5,
9458,9469,9458,2024-01-19,Equifax,703,1,27
9459,13842,9459,2021-01-03,Experian,702,2,
9460,2701,9460,2023-02-23,TransUnion,707,4,
9461,13159,9461,2020-03-05,Equifax,616,3,
9462,11921,9462,2021-09-12,Experian,726,3,
9463,3085,9463,2021-08-15,Equifax,604,0,4
9464,9429,9464,2020-03-20,Experian,636,5,
9465,7043,9465,2020-03-25,TransUnion,834,0,42
9466,1084,9466,2020-10-22,Experian,744,0,
9467,3913,9467,2020-01-31,TransUnion,582,1,14
9468,12725,9468,2024-05-26,Equifax,585,3,31
9469,1456,9469,2023-07-22,Equifax,666,4,47
9470,1742,9470,2023-03-14,TransUnion,708,3,9
9471,12806,9471,2022-05-12,Equifax,648,4,48
9472,14872,9472,2023-03-14,Experian,749,2,
9473,12986,9473,2022-06-17,Experian,636,3,
9474,14473,9474,2021-07-05,Equifax,602,4,
9475,5157,9475,2020-03-04,TransUnion,635,5,
9476,14907,9476,2022-05-02,TransUnion,734,0,
9477,5402,9477,2020-02-06,Equifax,630,1,3
9478,13070,9478,2023-01-25,TransUnion,740,4,
9479,3712,9479,2023-05-29,Equifax,589,4,58
9480,12541,9480,2022-06-25,TransUnion,766,4,
9481,3105,9481,2022-07-16,Equifax,672,3,
9482,6930,9482,2021-03-12,Experian,678,4,
9483,3368,9483,2024-02-03,Experian,726,2,
9484,9011,9484,2020-03-24,Equifax,788,4,
9485,5302,9485,2021-06-20,Equifax,660,4,
9486,6638,9486,2023-04-06,Equifax,583,2,
9487,6381,9487,2020-12-26,TransUnion,722,1,13
9488,14622,9488,2020-07-01,TransUnion,744,5,
9489,11604,9489,2022-12-11,TransUnion,835,0,52
9490,10851,9490,2021-08-18,Experian,850,0,13
9491,14628,9491,2020-07-15,Equifax,583,2,42
9492,9668,9492,2023-09-14,Equifax,696,4,
9493,5427,9493,2020-04-20,TransUnion,721,3,
9494,10058,9494,2023-11-08,TransUnion,710,0,
9495,13122,9495,2022-08-11,TransUnion,692,1,
9496,8663,9496,2022-08-15,Equifax,708,5,43
9497,4304,9497,2020-06-06,Experian,727,1,
9498,14742,9498,2023-11-18,Equifax,734,4,22
9499,5338,9499,2020-06-11,Equifax,689,4,46
9500,7508,9500,2020-05-15,Equifax,677,5,16
9501,649,9501,2021-02-14,TransUnion,726,2,
9502,10761,9502,2020-08-19,Experian,685,1,
9503,1388,9503,2022-09-04,Experian,749,0,
9504,9378,9504,2023-01-19,Equifax,685,0,46
9505,9228,9505,2023-09-11,Experian,747,3,44
9506,3820,9506,2020-11-23,Experian,606,1,
9507,12901,9507,2020-11-02,Experian,586,1,18
9508,463,9508,2022-04-20,Equifax,672,4,20
9509,1159,9509,2020-12-03,TransUnion,781,1,19
9510,9850,9510,2020-01-31,TransUnion,590,1,70
9511,8798,9511,2020-05-02,TransUnion,599,5,
9512,2531,9512,2020-09-24,Experian,697,5,70
9513,6121,9513,2021-07-20,Experian,696,5,8
9514,13055,9514,2021-01-20,TransUnion,835,2,
9515,7276,9515,2024-01-27,TransUnion,817,1,43
9516,14588,9516,2021-08-17,TransUnion,719,5,14
9517,2157,9517,2023-01-01,TransUnion,735,3,18
9518,11358,9518,2022-04-10,TransUnion,637,2,
9519,12849,9519,2020-03-16,Experian,663,4,58
9520,4596,9520,2021-05-04,Equifax,743,1,14
9521,10920,9521,2023-12-26,Experian,660,4,38
9522,7198,9522,2021-03-29,Equifax,584,3,
9523,6942,9523,2022-07-22,Equifax,589,4,
9524,9729,9524,2023-03-11,Experian,760,2,59
9525,5802,9525,2020-09-29,Experian,629,4,18
9526,2434,9526,2023-02-16,Experian,583,1,33
9527,5903,9527,2020-11-01,Experian,615,5,
9528,2446,9528,2022-09-30,Equifax,668,1,68
9529,11718,9529,2020-10-04,Equifax,590,1,18
9530,14367,9530,2021-06-05,TransUnion,683,4,
9531,6591,9531,2020-09-26,TransUnion,676,3,
9532,5239,9532,2024-03-09,Equifax,712,1,
9533,9268,9533,2021-06-04,TransUnion,666,5,66
9534,2397,9534,2020-03-07,TransUnion,722,3,
9535,9491,9535,2022-02-04,Equifax,692,3,3
9536,1453,9536,2021-08-02,Experian,773,1,
9537,8410,9537,2022-01-10,Equifax,784,5,
9538,11731,9538,2022-08-08,Equifax,743,5,49
9539,2019,9539,2020-04-23,Equifax,719,4,
9540,10848,9540,2020-05-13,Experian,735,0,
9541,9231,9541,2022-02-08,TransUnion,752,4,
9542,8717,9542,2022-02-19,TransUnion,640,2,
9543,14570,9543,2023-05-14,TransUnion,758,0,58
9544,3909,9544,2022-12-07,Experian,703,5,
9545,14738,9545,2023-05-15,Equifax,667,1,
9546,350,9546,2023-09-07,TransUnion,649,5,52
9547,7148,9547,2021-04-27,TransUnion,732,1,13
9548,14263,9548,2021-08-02,Experian,661,3,
9549,3651,9549,2020-11-07,Experian,821,3,
9550,1474,9550,2021-01-12,Equifax,701,5,19
9551,13961,9551,2022-11-21,Equifax,679,0,62
9552,11485,9552,2021-08-18,Equifax,626,5,
9553,14289,9553,2021-08-27,TransUnion,600,2,
9554,10688,9554,2022-01-06,Equifax,729,3,50
9555,12809,9555,2022-12-21,Equifax,804,5,
9556,1224,9556,2020-08-28,Equifax,741,5,
9557,3641,9557,2022-06-28,Equifax,600,4,
9558,7187,9558,2024-03-25,TransUnion,596,0,
9559,1427,9559,2021-08-03,Experian,795,2,17
9560,9099,9560,2021-04-25,Equifax,611,3,7
9561,13409,9561,2024-03-24,Equifax,701,3,18
9562,10663,9562,2020-10-11,Experian,692,2,54
9563,5875,9563,2020-09-13,Experian,744,3,
9564,11672,9564,2020-12-26,TransUnion,679,1,34
9565,2823,9565,2023-06-10,Experian,732,0,40
9566,7628,9566,2022-02-23,Equifax,666,4,67
9567,2742,9567,2022-11-04,Equifax,691,1,35
9568,8105,9568,2021-06-08,Experian,727,1,
9569,1429,9569,2022-10-25,TransUnion,592,3,
9570,4691,9570,2023-11-22,Experian,628,2,
9571,353,9571,2023-01-04,TransUnion,649,3,
9572,12842,9572,2021-05-28,Equifax,624,3,
9573,11070,9573,2021-08-13,Equifax,630,5,
9574,8626,9574,2023-02-05,Experian,762,2,
9575,12113,9575,2020-12-11,TransUnion,729,5,
9576,10896,9576,2021-11-07,Experian,666,4,24
9577,1321,9577,2023-11-28,Experian,705,4,
9578,5247,9578,2022-03-05,Experian,696,0,
9579,30,9579,2023-07-27,Experian,738,0,
9580,1706,9580,2020-09-28,Equifax,599,5,
9581,10339,9581,2021-07-16,Equifax,650,4,
9582,2235,9582,2022-10-05,TransUnion,832,3,
9583,8636,9583,2022-03-10,Experian,808,2,31
9584,5667,9584,2023-08-15,TransUnion,644,2,11
9585,13927,9585,2021-12-19,Experian,705,0,
9586,10957,9586,2021-08-19,Equifax,613,0,
9587,5368,9587,2023-05-20,Experian,826,5,
9588,5385,9588,2021-08-05,Equifax,626,4,
9589,3720,9589,2020-09-07,Experian,737,4,
9590,1477,9590,2022-10-02,TransUnion,722,4,
9591,4314,9591,2023-01-20,Equifax,603,2,48
9592,8711,9592,2023-03-03,Experian,744,4,
9593,368,9593,2022-01-29,Equifax,583,4,16
9594,8245,9594,2021-01-07,Experian,809,2,
9595,5347,9595,2022-12-27,TransUnion,697,3,53
9596,8554,9596,2021-04-22,TransUnion,846,4,
9597,3383,9597,2022-02-19,Experian,721,3,36
9598,12894,9598,2021-02-24,Experian,740,4,
9599,14340,9599,2021-03-31,Equifax,676,5,
9600,10824,9600,2022-01-16,TransUnion,626,5,5
9601,11813,9601,2022-07-20,Experian,720,0,
9602,1981,9602,2021-10-10,TransUnion,654,2,34
9603,8824,9603,2020-11-18,Equifax,745,5,
9604,14976,9604,2023-05-14,Experian,636,0,
9605,11304,9605,2020-07-05,TransUnion,652,2,
9606,13970,9606,2024-03-08,TransUnion,680,2,19
9607,3323,9607,2023-10-16,Experian,724,2,30
9608,7447,9608,2020-08-14,Experian,741,3,14
9609,5889,9609,2023-06-26,Experian,718,4,
9610,12704,9610,2020-05-12,Equifax,719,2,10
9611,10651,9611,2022-04-29,Equifax,816,5,
9612,7035,9612,2023-06-06,Equifax,807,5,
9613,4843,9613,2021-03-07,Equifax,632,5,
9614,14154,9614,2021-12-09,Equifax,657,3,
9615,11497,9615,2023-12-27,Experian,821,3,20
9616,8826,9616,2021-01-18,Experian,768,5,46
9617,164,9617,2022-12-17,Equifax,621,1,
9618,11617,9618,2021-09-12,Equifax,690,5,16
9619,440,9619,2022-10-23,TransUnion,653,4,40
9620,12551,9620,2020-11-06,Equifax,642,4,
9621,3418,9621,2022-06-19,Equifax,665,5,
9622,10093,9622,2020-08-07,Equifax,670,3,18
9623,6359,9623,2024-03-23,Equifax,605,0,
9624,4063,9624,2021-06-19,Equifax,653,4,30
9625,12263,9625,2023-09-01,Equifax,761,2,13
9626,5294,9626,2020-07-10,TransUnion,705,4,
9627,134,9627,2023-04-06,Experian,735,5,
9628,340,9628,2022-07-04,TransUnion,752,1,48
9629,11343,9629,2023-03-11,Experian,749,3,16
9630,14771,9630,2023-07-25,Equifax,735,2,
9631,127,9631,2022-09-14,Equifax,745,5,
9632,13475,9632,2020-07-24,Experian,831,2,
9633,9555,9633,2024-05-20,Experian,771,5,59
9634,9794,9634,2020-11-02,TransUnion,755,1,
9635,7372,9635,2022-06-22,TransUnion,634,4,
9636,5143,9636,2023-07-28,TransUnion,798,4,67
9637,1639,9637,2021-10-28,TransUnion,646,1,54
9638,11753,9638,2023-04-19,Experian,594,2,
9639,12810,9639,2024-04-30,Experian,585,1,
9640,7334,9640,2020-12-25,Experian,690,2,
9641,8581,9641,2021-03-08,Experian,683,0,40
9642,9604,9642,2023-03-12,Equifax,731,0,51
9643,7983,9643,2021-03-11,Equifax,726,1,
9644,13073,9644,2022-04-05,Equifax,671,5,
9645,9546,9645,2021-07-16,Equifax,696,3,
9646,7992,9646,2021-10-11,Equifax,608,4,62
9647,12964,9647,2021-09-02,Equifax,703,1,
9648,2789,9648,2024-03-22,Equifax,806,4,12
9649,3771,9649,2022-10-29,Experian,697,0,
9650,11227,9650,2022-02-03,Equifax,724,2,60
9651,12773,9651,2021-03-19,Equifax,825,5,
9652,3382,9652,2020-12-21,TransUnion,628,3,
9653,9111,9653,2022-09-14,Experian,747,1,
9654,818,9654,2021-10-10,Equifax,805,0,
9655,11967,9655,2022-11-26,TransUnion,726,4,
9656,13605,9656,2020-08-28,Equifax,590,1,20
9657,13810,9657,2020-12-22,TransUnion,746,5,
9658,8302,9658,2020-07-15,Equifax,710,5,
9659,7074,9659,2020-03-27,Equifax,708,5,
9660,4663,9660,2021-05-15,Equifax,708,2,
9661,10939,9661,2022-10-29,TransUnion,634,5,
9662,3125,9662,2021-09-04,Experian,647,1,
9663,11882,9663,2020-02-03,TransUnion,680,4,14
9664,4458,9664,2020-07-17,TransUnion,689,2,22
9665,9873,9665,2023-08-09,TransUnion,670,3,41
9666,1233,9666,2024-01-22,Experian,635,1,16
9667,4092,9667,2022-12-19,Equifax,819,5,18
9668,8267,9668,2022-05-22,Experian,839,1,35
9669,11704,9669,2021-04-26,TransUnion,744,4,
9670,10759,9670,2023-08-14,Experian,788,1,53
9671,9616,9671,2023-05-14,TransUnion,683,4,
9672,4438,9672,2020-02-08,Equifax,655,5,55
9673,4853,9673,2020-06-21,Equifax,624,1,
9674,10091,9674,2022-07-01,Equifax,711,3,
9675,13575,9675,2023-02-05,TransUnion,679,3,31
9676,6439,9676,2022-01-12,TransUnion,733,3,63
9677,1675,9677,2021-01-07,Experian,584,2,
9678,2938,9678,2020-03-28,TransUnion,763,0,
9679,3464,9679,2021-04-26,Experian,656,1,46
9680,6439,9680,2023-12-01,Experian,733,0,4
9681,589,9681,2022-03-20,Experian,738,4,
9682,8602,9682,2021-03-16,Equifax,786,2,48
9683,7204,9683,2021-03-26,TransUnion,732,4,
9684,1096,9684,2020-09-07,Equifax,756,4,46
9685,10237,9685,2020-12-22,Equifax,833,4,
9686,12565,9686,2023-03-15,Experian,715,2,7
9687,8637,9687,2021-02-23,Equifax,749,3,66
9688,2954,9688,2021-02-19,Equifax,705,0,
9689,14349,9689,2021-03-31,Equifax,744,3,63
9690,8915,9690,2020-09-15,Experian,835,5,
9691,2769,9691,2023-06-21,Experian,706,1,
9692,7928,9692,2022-07-30,Equifax,712,5,
9693,13420,9693,2024-04-08,TransUnion,685,3,13
9694,14335,9694,2022-09-04,Equifax,707,1,
9695,1200,9695,2021-03-17,Experian,807,5,21
9696,14852,9696,2024-02-08,Experian,732,1,
9697,89,9697,2022-02-18,TransUnion,737,1,
9698,4370,9698,2021-09-18,Equifax,668,3,
9699,11211,9699,2023-12-02,Equifax,711,2,28
9700,14457,9700,2024-01-10,Equifax,714,3,
9701,14425,9701,2021-07-16,TransUnion,730,4,
9702,8595,9702,2020-07-24,Experian,739,1,6
9703,812,9703,2023-09-28,Experian,682,1,
9704,4677,9704,2022-07-17,Experian,714,5,52
9705,3413,9705,2022-03-08,TransUnion,607,4,5
9706,14266,9706,2020-07-04,Experian,726,3,52
9707,13128,9707,2024-05-25,TransUnion,790,1,41
9708,5695,9708,2022-06-20,Equifax,730,3,
9709,14649,9709,2022-11-19,Equifax,712,1,71
9710,13800,9710,2022-07-11,Equifax,737,2,50
9711,5744,9711,2022-06-30,TransUnion,723,4,
9712,7597,9712,2020-04-17,Experian,829,5,
9713,10504,9713,2021-02-14,TransUnion,703,3,
9714,8192,9714,2023-04-15,Experian,647,3,36
9715,11780,9715,2022-03-29,Equifax,634,1,
9716,10878,9716,2021-12-06,TransUnion,596,3,32
9717,2361,9717,2022-01-01,Experian,724,1,
9718,6591,9718,2021-05-29,Experian,676,4,34
9719,10093,9719,2020-02-13,Experian,670,0,
9720,3452,9720,2023-09-11,Experian,605,2,
9721,10728,9721,2020-02-01,Equifax,649,2,66
9722,2246,9722,2022-03-03,Equifax,628,1,
9723,4607,9723,2022-05-20,TransUnion,687,1,
9724,7572,9724,2023-07-27,Experian,604,5,26
9725,10989,9725,2020-12-05,Equifax,721,4,
9726,5324,9726,2020-03-06,Equifax,710,3,
9727,14412,9727,2020-07-25,Experian,673,5,
9728,14026,9728,2022-01-24,Experian,733,4,50
9729,6381,9729,2020-04-15,TransUnion,722,2,66
9730,11053,9730,2023-04-11,Equifax,721,4,
9731,14561,9731,2021-08-19,Equifax,670,0,26
9732,3651,9732,2022-03-29,TransUnion,821,4,
9733,13806,9733,2020-09-22,Experian,646,1,15
9734,5017,9734,2020-04-09,TransUnion,723,3,
9735,1973,9735,2021-08-31,Equifax,678,1,19
9736,9070,9736,2021-12-01,Experian,741,1,26
9737,2167,9737,2023-08-22,TransUnion,697,4,
9738,9901,9738,2022-01-18,TransUnion,669,3,26
9739,13334,9739,2020-05-18,Experian,800,3,8
9740,11448,9740,2024-01-21,Experian,629,2,66
9741,9688,9741,2023-06-27,TransUnion,600,4,
9742,4767,9742,2022-05-12,Equifax,770,4,22
9743,10278,9743,2020-07-12,TransUnion,740,5,
9744,4498,9744,2020-11-10,Equifax,737,5,41
9745,4948,9745,2022-02-07,TransUnion,691,5,
9746,10139,9746,2022-08-04,Experian,664,0,
9747,14141,9747,2022-06-25,Equifax,682,5,
9748,8640,9748,2020-09-27,TransUnion,663,4,52
9749,1056,9749,2022-02-19,Experian,848,2,
9750,5763,9750,2023-04-11,Equifax,836,0,
9751,4096,9751,2024-05-23,Equifax,743,2,71
9752,1098,9752,2020-03-31,TransUnion,678,0,
9753,4190,9753,2021-08-10,TransUnion,668,5,
9754,7991,9754,2020-01-03,Experian,652,0,
9755,12197,9755,2024-03-12,TransUnion,728,2,
9756,1807,9756,2023-08-12,Experian,721,5,
9757,1966,9757,2020-02-03,TransUnion,607,1,
9758,11887,9758,2023-07-04,TransUnion,696,0,21
9759,10024,9759,2020-11-24,TransUnion,670,1,
9760,2884,9760,2022-11-10,Experian,683,2,
9761,3536,9761,2021-03-16,Equifax,708,4,24
9762,7048,9762,2021-02-27,Experian,633,0,
9763,7963,9763,2022-10-14,Experian,849,4,
9764,5777,9764,2022-06-05,Equifax,816,4,
9765,4002,9765,2021-06-07,Equifax,814,1,
9766,1927,9766,2021-11-21,TransUnion,730,4,
9767,11934,9767,2021-03-13,TransUnion,845,0,
9768,7190,9768,2022-10-21,Equifax,782,3,
9769,1493,9769,2023-01-30,Equifax,831,3,31
9770,14449,9770,2021-05-31,TransUnion,711,0,
9771,8701,9771,2021-07-29,Experian,729,2,
9772,8662,9772,2022-09-17,TransUnion,812,4,35
9773,2366,9773,2020-02-16,Experian,742,4,
9774,2150,9774,2020-01-16,Experian,730,4,
9775,10130,9775,2020-10-11,Experian,686,5,
9776,283,9776,2021-02-13,Experian,650,4,
9777,5326,9777,2022-02-21,Experian,736,1,
9778,12601,9778,2020-12-06,Equifax,715,2,
9779,6575,9779,2022-10-22,TransUnion,746,3,
9780,14137,9780,2020-12-13,Experian,815,1,
9781,13663,9781,2022-06-19,Experian,806,5,
9782,6024,9782,2020-02-13,TransUnion,672,3,
9783,11966,9783,2023-10-17,Equifax,720,5,65
9784,1210,9784,2023-01-04,Equifax,637,5,
9785,11011,9785,2022-04-25,Experian,832,2,35
9786,1678,9786,2020-09-17,Equifax,662,1,
9787,10969,9787,2021-01-30,Equifax,697,3,31
9788,9777,9788,2020-05-23,TransUnion,712,1,8
9789,2261,9789,2020-12-30,Equifax,809,0,
9790,8521,9790,2021-10-26,Equifax,797,4,
9791,1022,9791,2021-09-22,TransUnion,724,4,39
9792,2759,9792,2020-12-26,Experian,772,0,
9793,12474,9793,2020-09-16,Equifax,701,4,28
9794,14558,9794,2021-02-04,TransUnion,662,4,
9795,5798,9795,2020-03-21,Equifax,593,3,17
9796,11035,9796,2022-06-05,TransUnion,743,5,
9797,13115,9797,2023-12-15,Equifax,634,2,
9798,10184,9798,2020-05-15,TransUnion,688,5,
9799,6697,9799,2020-07-09,Equifax,673,1,
9800,14066,9800,2023-01-06,Experian,748,1,
9801,12307,9801,2022-11-18,TransUnion,721,1,48
9802,11459,9802,2020-01-11,Experian,734,1,
9803,14480,9803,2023-06-05,TransUnion,717,4,51
9804,2225,9804,2020-09-12,Experian,684,1,
9805,14327,9805,2020-07-24,Equifax,584,2,33
9806,14992,9806,2020-01-22,TransUnion,780,0,
9807,6502,9807,2020-10-10,Equifax,796,1,
9808,6555,9808,2021-07-05,TransUnion,601,1,
9809,9021,9809,2020-07-25,Equifax,828,0,
9810,14126,9810,2021-08-24,Equifax,620,4,
9811,13030,9811,2022-06-29,TransUnion,773,0,51
9812,5120,9812,2023-09-13,TransUnion,644,4,14
9813,7070,9813,2022-07-08,TransUnion,595,5,
9814,12388,9814,2023-05-12,TransUnion,784,3,
9815,3887,9815,2021-03-31,TransUnion,673,4,
9816,98,9816,2022-12-09,TransUnion,625,0,
9817,6146,9817,2024-01-28,TransUnion,646,2,23
9818,8221,9818,2022-03-05,Equifax,673,5,
9819,796,9819,2023-06-03,Experian,700,2,11
9820,5409,9820,2022-06-04,Equifax,694,0,71
9821,399,9821,2023-05-15,TransUnion,774,0,
9822,7972,9822,2022-04-21,Equifax,643,5,
9823,4533,9823,2021-06-18,Experian,838,0,
9824,3417,9824,2022-05-06,Experian,743,2,
9825,2751,9825,2021-11-11,Experian,719,2,
9826,7096,9826,2023-11-24,Experian,703,1,
9827,4665,9827,2020-06-05,Equifax,590,5,41
9828,3500,9828,2022-09-11,Equifax,741,0,4
9829,4230,9829,2023-06-20,Equifax,678,2,
9830,1325,9830,2021-03-03,TransUnion,704,1,36
9831,9335,9831,2021-10-23,Experian,770,1,
9832,1241,9832,2024-02-21,Experian,658,2,
9833,3119,9833,2021-12-31,Experian,654,1,
9834,11361,9834,2023-07-18,Experian,700,3,
9835,1401,9835,2023-06-17,TransUnion,642,3,24
9836,4305,9836,2023-05-04,TransUnion,624,4,
9837,3034,9837,2022-02-10,TransUnion,668,2,
9838,12977,9838,2020-02-26,TransUnion,657,4,
9839,9618,9839,2021-01-09,Experian,761,5,19
9840,1261,9840,2020-08-26,TransUnion,720,2,29
9841,11249,9841,2021-11-19,TransUnion,590,3,12
9842,2632,9842,2023-08-29,Experian,819,1,51
9843,5371,9843,2021-09-02,TransUnion,729,0,60
9844,1278,9844,2024-03-29,Experian,670,1,36
9845,8949,9845,2024-05-15,Experian,730,5,
9846,230,9846,2023-05-20,Equifax,843,4,
9847,12220,9847,2022-09-02,Experian,820,3,
9848,5370,9848,2022-01-31,Equifax,732,1,
9849,36,9849,2023-02-17,Experian,687,0,56
9850,270,9850,2024-03-19,Equifax,682,4,
9851,325,9851,2020-05-24,Equifax,809,1,17
9852,9620,9852,2023-03-20,TransUnion,707,4,11
9853,95,9853,2023-11-02,Experian,604,3,20
9854,1888,9854,2020-06-22,Experian,779,1,
9855,8518,9855,2021-04-21,Equifax,817,0,
9856,10898,9856,2023-07-19,Equifax,750,5,
9857,5955,9857,2023-06-07,Experian,716,4,
9858,12968,9858,2022-03-08,Experian,581,2,28
9859,5007,9859,2022-04-23,TransUnion,701,2,41
9860,6371,9860,2020-05-15,Experian,693,2,67
9861,10611,9861,2020-10-22,Experian,597,2,56
9862,2317,9862,2021-05-13,Experian,849,1,
9863,1794,9863,2024-03-11,Equifax,765,3,7
9864,9218,9864,2022-12-08,Experian,782,4,
9865,5084,9865,2020-05-24,Experian,595,0,
9866,12410,9866,2020-12-16,Experian,697,2,
9867,9226,9867,2021-12-11,Experian,631,1,
9868,2914,9868,2020-08-01,Experian,692,4,
9869,4582,9869,2020-04-11,Experian,735,0,
9870,12970,9870,2020-06-18,TransUnion,766,4,
9871,5946,9871,2021-05-13,Experian,709,3,
9872,12700,9872,2022-03-23,TransUnion,840,4,59
9873,11063,9873,2023-07-11,TransUnion,740,3,
9874,7359,9874,2021-10-31,Experian,596,2,
9875,13780,9875,2022-05-25,TransUnion,774,3,13
9876,8856,9876,2023-09-03,Equifax,704,3,
9877,5398,9877,2021-01-31,Equifax,767,3,28
9878,11073,9878,2022-06-06,Equifax,656,4,
9879,6960,9879,2022-04-10,Experian,593,0,19
9880,1122,9880,2020-06-22,Experian,675,4,37
9881,6668,9881,2020-11-09,Equifax,610,5,
9882,12193,9882,2023-04-15,TransUnion,724,5,
9883,9073,9883,2023-03-29,Equifax,756,5,
9884,1,9884,2023-01-12,Equifax,649,3,66
9885,3257,9885,2020-10-24,Equifax,729,3,69
9886,3712,9886,2021-09-08,TransUnion,589,0,
9887,9858,9887,2020-04-14,TransUnion,590,4,
9888,4822,9888,2021-06-26,Experian,767,3,
9889,3117,9889,2023-01-03,Equifax,723,5,
9890,333,9890,2020-05-07,TransUnion,745,1,70
9891,12429,9891,2022-07-22,Experian,794,0,29
9892,12731,9892,2022-09-25,Experian,708,4,32
9893,3479,9893,2023-07-07,Equifax,728,1,
9894,14070,9894,2023-02-12,TransUnion,689,0,
9895,3081,9895,2024-01-01,TransUnion,704,5,69
9896,6846,9896,2024-05-21,TransUnion,637,0,
9897,2096,9897,2023-01-26,TransUnion,647,4,4
9898,1179,9898,2022-07-06,Experian,699,4,
9899,6685,9899,2021-09-26,TransUnion,724,2,
9900,12092,9900,2022-10-08,Experian,645,3,
9901,2085,9901,2021-04-09,Experian,727,2,
9902,6623,9902,2023-09-08,TransUnion,814,5,
9903,1540,9903,2023-08-14,Equifax,693,5,
9904,14842,9904,2023-05-31,Experian,788,3,
9905,5297,9905,2020-03-06,TransUnion,684,1,51
9906,13240,9906,2020-03-29,Equifax,643,5,
9907,1016,9907,2022-09-06,TransUnion,671,0,
9908,9204,9908,2023-08-09,Experian,625,5,
9909,14121,9909,2024-03-25,Experian,736,2,
9910,1658,9910,2024-04-06,Equifax,732,1,
9911,9794,9911,2021-11-20,Equifax,755,1,
9912,11974,9912,2024-01-09,TransUnion,825,2,
9913,3631,9913,2024-03-28,Equifax,747,0,
9914,10349,9914,2020-03-30,Equifax,668,1,
9915,7864,9915,2022-03-05,Equifax,721,1,39
9916,1043,9916,2023-09-14,Equifax,694,2,
9917,7543,9917,2022-07-26,Equifax,701,2,56
9918,8137,9918,2022-01-21,TransUnion,732,1,
9919,9364,9919,2021-07-21,Equifax,794,3,21
9920,11196,9920,2023-03-18,Equifax,684,4,10
9921,1095,9921,2020-11-20,Experian,783,3,
9922,13360,9922,2021-03-01,Equifax,664,1,
9923,242,9923,2021-10-16,Experian,640,0,48
9924,3920,9924,2023-01-26,Experian,699,3,
9925,12959,9925,2021-07-17,TransUnion,590,5,12
9926,4886,9926,2022-05-03,Equifax,765,2,10
9927,941,9927,2020-09-15,Experian,699,2,31
9928,1567,9928,2021-02-28,Experian,668,0,
9929,3305,9929,2024-01-15,Experian,685,3,
9930,11536,9930,2020-08-12,Experian,685,1,44
9931,9228,9931,2020-08-05,Experian,747,2,57
9932,7909,9932,2024-02-04,Equifax,642,3,
9933,14469,9933,2023-11-14,Equifax,787,3,
9934,12987,9934,2022-11-03,TransUnion,726,3,
9935,212,9935,2023-10-04,Experian,717,5,45
9936,1382,9936,2021-12-31,TransUnion,692,1,40
9937,13725,9937,2021-01-16,Experian,735,5,19
9938,7734,9938,2022-06-29,Equifax,732,2,8
9939,1318,9939,2023-06-21,TransUnion,802,1,49
9940,7412,9940,2022-12-23,Experian,723,1,11
9941,4924,9941,2022-10-10,Experian,743,3,
9942,6128,9942,2021-05-04,Experian,748,5,
9943,1002,9943,2021-04-21,TransUnion,684,0,
9944,13671,9944,2020-12-23,Experian,742,5,
9945,6155,9945,2020-04-27,TransUnion,629,3,34
9946,1695,9946,2024-01-06,TransUnion,678,0,
9947,14771,9947,2022-08-21,Experian,735,0,
9948,11392,9948,2023-01-03,TransUnion,746,2,51
9949,13151,9949,2022-02-02,TransUnion,692,2,67
9950,5919,9950,2020-05-22,Experian,699,4,33
9951,10855,9951,2022-12-28,Equifax,711,0,29
9952,13802,9952,2024-04-02,Experian,747,0,
9953,8645,9953,2021-01-07,TransUnion,702,1,
9954,7505,9954,2021-11-06,Experian,844,0,
9955,13417,9955,2021-03-13,Experian,794,4,4
9956,14091,9956,2023-11-17,Equifax,608,0,
9957,4957,9957,2022-04-05,TransUnion,819,4,
9958,1839,9958,2020-07-01,Experian,763,3,
9959,14823,9959,2022-07-10,Equifax,588,3,
9960,12516,9960,2021-05-22,TransUnion,731,5,
9961,2019,9961,2020-01-18,Equifax,719,2,15
9962,14265,9962,2023-01-09,TransUnion,728,4,
9963,12767,9963,2022-12-29,Experian,656,5,13
9964,5981,9964,2021-03-01,Experian,841,0,58
9965,5762,9965,2021-12-06,Equifax,669,1,
9966,920,9966,2024-05-25,TransUnion,770,1,48
9967,4155,9967,2023-01-15,Equifax,598,3,
9968,6059,9968,2020-08-30,Experian,646,2,16
9969,2564,9969,2021-08-31,TransUnion,727,4,50
9970,13475,9970,2021-08-28,Experian,831,1,3
9971,2266,9971,2023-06-04,Experian,813,5,
9972,3519,9972,2022-04-25,Experian,671,1,31
9973,9429,9973,2023-07-20,Equifax,636,0,
9974,303,9974,2023-09-05,Equifax,641,1,
9975,8489,9975,2023-10-17,TransUnion,674,4,
9976,9741,9976,2022-03-28,TransUnion,621,2,52
9977,4953,9977,2023-08-15,TransUnion,715,3,
9978,14331,9978,2022-11-10,TransUnion,719,2,12
9979,9780,9979,2020-02-05,Equifax,617,5,50
9980,401,9980,2022-06-21,TransUnion,689,3,
9981,14343,9981,2022-01-21,TransUnion,829,5,
9982,13291,9982,2023-11-27,TransUnion,847,0,
9983,4618,9983,2020-01-26,Equifax,696,3,5
9984,12360,9984,2023-02-18,Equifax,750,5,20
9985,4232,9985,2023-08-11,Experian,675,3,
9986,4555,9986,2020-12-31,TransUnion,732,3,49
9987,10227,9987,2023-03-27,TransUnion,600,3,46
9988,8468,9988,2023-08-06,Experian,598,5,60
9989,5997,9989,2022-02-21,Equifax,733,0,12
9990,4618,9990,2022-06-30,Experian,696,0,8
9991,3071,9991,2023-11-27,Equifax,730,1,42
9992,1522,9992,2020-06-16,Equifax,694,5,
9993,2283,9993,2020-04-23,Equifax,633,3,
9994,4593,9994,2022-03-29,Equifax,641,4,
9995,9819,9995,2023-01-26,Equifax,728,4,55
9996,12831,9996,2022-12-13,Equifax,678,5,
9997,1462,9997,2023-11-27,Equifax,648,2,
9998,5348,9998,2024-04-10,TransUnion,729,3,
9999,13004,9999,2023-09-06,Equifax,697,0,
10000,11496,10000,2022-03-01,TransUnion,670,4,
10001,10165,10001,2022-11-29,Equifax,707,4,58
10002,12679,10002,2023-11-05,Equifax,810,4,13
10003,10786,10003,2020-07-04,Experian,698,2,65
10004,8523,10004,2021-11-27,Equifax,723,1,
10005,1952,10005,2023-08-31,Experian,732,2,
10006,8829,10006,2021-11-19,Equifax,615,4,
10007,3683,10007,2022-12-31,Equifax,690,4,55
10008,10575,10008,2022-04-25,Experian,633,1,
10009,9513,10009,2022-01-16,Equifax,706,5,
10010,215,10010,2021-10-10,Equifax,719,5,26
10011,4838,10011,2020-04-14,TransUnion,674,4,
10012,2046,10012,2024-02-14,Equifax,686,3,63
10013,615,10013,2023-02-19,Experian,606,2,
10014,2644,10014,2020-11-02,Experian,588,1,21
10015,4699,10015,2023-07-04,Experian,691,2,
10016,9120,10016,2023-11-15,Equifax,638,1,
10017,5673,10017,2022-07-29,TransUnion,701,2,
10018,2105,10018,2020-10-10,Equifax,634,0,
10019,14993,10019,2023-08-03,Experian,739,3,15
10020,3074,10020,2021-12-08,Equifax,799,4,
10021,7931,10021,2023-07-04,TransUnion,837,5,
10022,3468,10022,2024-02-01,Experian,746,5,
10023,8723,10023,2021-02-26,TransUnion,741,0,17
10024,11039,10024,2022-05-09,Experian,850,1,62
10025,9969,10025,2021-04-07,Experian,605,1,
10026,11174,10026,2023-04-07,TransUnion,691,3,17
10027,13357,10027,2020-07-28,Equifax,684,1,
10028,1008,10028,2021-04-25,Experian,727,4,
10029,9725,10029,2020-02-17,Equifax,838,1,53
10030,4303,10030,2022-07-12,Experian,663,1,49
10031,1044,10031,2020-08-14,Equifax,644,2,
10032,1140,10032,2023-01-21,TransUnion,761,2,
10033,5617,10033,2022-07-18,TransUnion,762,3,
10034,3497,10034,2023-01-24,Equifax,735,3,
10035,7198,10035,2022-07-16,Experian,584,1,47
10036,451,10036,2021-08-03,TransUnion,711,2,41
10037,8428,10037,2022-03-09,TransUnion,792,4,
10038,13949,10038,2022-07-10,Equifax,676,5,56
10039,12175,10039,2023-06-24,Equifax,609,5,
10040,14722,10040,2021-05-01,TransUnion,773,2,51
10041,7483,10041,2023-02-17,Equifax,829,0,
10042,1718,10042,2023-02-17,Equifax,686,5,15
10043,7290,10043,2020-08-24,Equifax,707,2,
10044,8345,10044,2021-12-07,Experian,739,5,
10045,198,10045,2021-03-24,Experian,718,0,
10046,8893,10046,2021-03-02,Equifax,627,2,
10047,5911,10047,2023-06-06,TransUnion,652,4,25
10048,11065,10048,2021-01-11,Equifax,734,5,63
10049,9406,10049,2022-05-24,Experian,832,5,
10050,3798,10050,2022-10-19,Equifax,785,2,
10051,10825,10051,2021-03-02,TransUnion,616,5,
10052,7273,10052,2022-04-05,TransUnion,597,5,62
10053,9499,10053,2021-02-15,Equifax,749,0,44
10054,2659,10054,2023-10-02,Experian,659,2,
10055,496,10055,2023-12-14,Equifax,591,4,
10056,3486,10056,2022-01-28,TransUnion,715,5,14
10057,5212,10057,2020-05-24,Experian,662,5,
10058,13177,10058,2022-07-07,Equifax,696,1,
10059,2562,10059,2021-05-10,Equifax,677,1,
10060,14597,10060,2021-03-28,TransUnion,832,0,39
10061,9041,10061,2020-02-19,Equifax,589,4,24
10062,13596,10062,2021-01-24,Equifax,722,3,
10063,13329,10063,2020-05-22,Experian,652,2,
10064,14687,10064,2022-06-13,Experian,665,0,
10065,12356,10065,2022-10-03,Experian,635,0,61
10066,2120,10066,2021-10-05,TransUnion,727,0,32
10067,2959,10067,2024-05-07,Experian,722,0,
10068,11799,10068,2021-08-28,Equifax,722,3,
10069,14995,10069,2021-11-07,Equifax,682,5,63
10070,798,10070,2022-03-05,TransUnion,741,3,
10071,1342,10071,2021-12-14,TransUnion,649,3,45
10072,14097,10072,2022-01-03,Experian,702,3,32
10073,7420,10073,2021-06-22,Equifax,680,2,
10074,8909,10074,2024-03-26,Equifax,615,1,
10075,50,10075,2022-02-12,Experian,752,3,8
10076,7370,10076,2020-02-19,TransUnion,590,2,27
10077,8405,10077,2021-12-25,TransUnion,722,1,
10078,6169,10078,2022-03-22,Experian,697,0,49
10079,1901,10079,2024-05-27,Equifax,681,3,
10080,11287,10080,2022-11-21,Equifax,700,2,
10081,8600,10081,2021-12-19,TransUnion,842,3,4
10082,10231,10082,2021-08-27,TransUnion,580,3,
10083,5683,10083,2020-06-10,Equifax,720,5,
10084,5010,10084,2023-07-30,Experian,705,3,
10085,9391,10085,2023-09-24,Equifax,711,3,28
10086,4862,10086,2021-06-12,Experian,730,2,
10087,4278,10087,2023-08-16,Equifax,606,4,54
10088,11421,10088,2022-07-28,TransUnion,710,4,59
10089,13300,10089,2023-09-23,Experian,698,2,
10090,6417,10090,2024-03-07,Equifax,744,4,47
10091,13608,10091,2023-12-25,Equifax,716,4,
10092,8448,10092,2023-12-01,Experian,748,1,42
10093,11410,10093,2023-06-29,Equifax,711,0,41
10094,12219,10094,2022-10-23,Equifax,716,4,
10095,7742,10095,2022-08-09,Experian,825,0,
10096,12907,10096,2024-05-04,Equifax,667,3,17
10097,9601,10097,2023-01-28,Experian,708,2,21
10098,7710,10098,2023-12-02,TransUnion,611,2,54
10099,11266,10099,2021-03-24,Experian,693,1,
10100,11654,10100,2021-12-12,Equifax,787,2,70
10101,12549,10101,2022-06-01,Equifax,815,0,
10102,8257,10102,2021-02-27,Equifax,670,3,
10103,12098,10103,2024-01-23,Experian,749,3,69
10104,2890,10104,2023-07-07,Experian,741,3,60
10105,10362,10105,2020-06-17,TransUnion,742,0,52
10106,14816,10106,2021-05-26,TransUnion,736,5,54
10107,10701,10107,2020-09-01,Equifax,677,3,
10108,10885,10108,2022-01-29,Experian,744,2,
10109,14232,10109,2020-08-30,Equifax,592,3,
10110,3225,10110,2021-02-13,TransUnion,618,0,27
10111,2123,10111,2022-01-16,Experian,632,1,
10112,14029,10112,2020-10-24,TransUnion,704,1,
10113,4848,10113,2023-05-05,Experian,778,4,
10114,13171,10114,2023-05-19,TransUnion,777,4,15
10115,13180,10115,2020-08-16,Experian,593,4,
10116,9453,10116,2023-02-10,TransUnion,703,5,
10117,6764,10117,2024-02-09,TransUnion,696,1,
10118,14680,10118,2021-09-14,Equifax,599,5,
10119,2548,10119,2023-10-07,TransUnion,732,2,
10120,12380,10120,2020-10-13,Equifax,643,5,
10121,14417,10121,2021-05-26,Equifax,600,0,28
10122,12555,10122,2024-05-11,Experian,691,5,
10123,163,10123,2021-06-25,TransUnion,770,1,
10124,12922,10124,2020-07-20,TransUnion,676,5,
10125,9126,10125,2024-05-09,Experian,786,1,
10126,4076,10126,2022-10-05,Experian,707,5,35
10127,15000,10127,2020-10-02,TransUnion,693,5,
10128,1709,10128,2023-07-01,Experian,666,2,
10129,8855,10129,2023-10-28,Equifax,712,1,
10130,8030,10130,2022-12-19,TransUnion,670,4,
10131,11209,10131,2022-07-12,Equifax,737,1,
10132,9870,10132,2020-09-28,TransUnion,755,4,54
10133,7789,10133,2022-12-06,Experian,826,1,
10134,5925,10134,2020-07-16,Experian,670,0,24
10135,6065,10135,2020-04-09,TransUnion,694,4,71
10136,7810,10136,2021-04-02,Equifax,787,5,36
10137,1657,10137,2023-11-23,Experian,834,0,
10138,13413,10138,2023-01-23,Experian,702,5,
10139,3275,10139,2022-05-17,TransUnion,707,2,
10140,12751,10140,2023-11-13,Equifax,689,5,27
10141,14002,10141,2024-01-29,Equifax,620,5,15
10142,13213,10142,2020-01-18,TransUnion,755,2,
10143,865,10143,2022-03-07,TransUnion,651,3,
10144,12286,10144,2020-07-10,Equifax,717,5,
10145,13194,10145,2022-03-18,Equifax,798,0,8
10146,6644,10146,2021-04-28,Equifax,790,1,26
10147,5791,10147,2021-08-15,Equifax,683,4,
10148,13242,10148,2021-06-30,TransUnion,837,4,47
10149,2814,10149,2021-07-29,Experian,748,5,
10150,7991,10150,2021-01-12,Experian,652,1,
10151,2886,10151,2022-09-04,Equifax,739,4,
10152,6609,10152,2022-06-23,Experian,729,5,3
10153,9554,10153,2020-05-29,TransUnion,701,3,
10154,13580,10154,2022-06-19,TransUnion,768,4,14
10155,11214,10155,2020-08-08,Experian,653,4,
10156,6021,10156,2023-05-01,TransUnion,663,2,
10157,2056,10157,2022-11-05,Equifax,732,4,
10158,6736,10158,2021-12-31,TransUnion,661,5,
10159,13663,10159,2022-03-30,Experian,806,1,
10160,11413,10160,2021-11-29,Equifax,701,3,
10161,3379,10161,2022-01-31,TransUnion,730,4,
10162,5988,10162,2023-12-11,Experian,662,5,
10163,1347,10163,2023-08-18,Experian,639,0,
10164,9859,10164,2020-12-26,Experian,707,4,
10165,12820,10165,2024-04-20,TransUnion,617,3,16
10166,1268,10166,2022-03-29,Equifax,749,5,41
10167,3830,10167,2023-03-13,Experian,748,5,71
10168,555,10168,2022-10-08,Experian,712,4,
10169,4240,10169,2020-05-05,Equifax,715,2,
10170,13455,10170,2024-04-05,Experian,715,3,
10171,11219,10171,2021-12-11,TransUnion,768,1,4
10172,12241,10172,2024-05-22,TransUnion,771,0,
10173,14080,10173,2020-05-22,Experian,726,4,39
10174,5358,10174,2021-08-03,Equifax,700,3,11
10175,12691,10175,2021-03-29,TransUnion,744,5,
10176,10633,10176,2023-05-17,Experian,787,0,
10177,8460,10177,2022-05-17,Experian,627,3,
10178,1785,10178,2023-05-11,TransUnion,732,3,
10179,4783,10179,2021-05-24,Equifax,629,2,27
10180,2379,10180,2020-02-03,Experian,630,5,13
10181,8246,10181,2021-04-28,Experian,702,4,
10182,274,10182,2020-09-10,TransUnion,581,4,
10183,5571,10183,2023-08-06,Experian,681,0,65
10184,2437,10184,2023-10-11,Experian,707,1,
10185,264,10185,2021-01-06,TransUnion,724,1,
10186,4361,10186,2021-12-07,Experian,809,5,56
10187,8189,10187,2021-07-06,Experian,736,3,26
10188,4462,10188,2024-04-11,TransUnion,651,3,
10189,10504,10189,2021-08-06,Experian,703,0,
10190,6945,10190,2021-12-12,Experian,657,4,
10191,14461,10191,2020-11-20,Equifax,727,4,
10192,12360,10192,2022-12-23,Equifax,750,2,67
10193,14333,10193,2020-04-16,Experian,763,2,
10194,11859,10194,2022-04-15,Experian,732,2,
10195,12775,10195,2023-10-28,Experian,730,1,
10196,6546,10196,2024-02-03,Experian,735,2,34
10197,1547,10197,2021-06-29,TransUnion,727,0,14
10198,1066,10198,2021-08-18,Experian,649,2,
10199,3984,10199,2020-02-29,Equifax,676,4,
10200,2123,10200,2020-01-27,Experian,632,0,70
10201,6486,10201,2021-07-13,Experian,705,1,
10202,10030,10202,2020-09-04,TransUnion,733,5,39
10203,12591,10203,2023-08-06,Equifax,845,3,21
10204,12388,10204,2022-05-18,TransUnion,784,4,25
10205,9890,10205,2023-12-05,Experian,682,5,
10206,9280,10206,2020-07-23,Equifax,691,3,31
10207,7858,10207,2021-02-03,TransUnion,768,4,20
10208,1474,10208,2022-04-09,Equifax,701,1,
10209,8102,10209,2020-09-18,TransUnion,669,1,39
10210,974,10210,2023-04-16,Equifax,700,3,
10211,6145,10211,2020-03-31,Experian,785,5,
10212,3538,10212,2021-12-02,TransUnion,825,3,
10213,11897,10213,2024-03-08,Equifax,761,1,56
10214,12129,10214,2022-04-22,Experian,720,1,
10215,10781,10215,2024-03-24,TransUnion,683,0,
10216,4660,10216,2023-03-19,Equifax,658,5,
10217,13553,10217,2023-08-10,Equifax,668,4,
10218,1549,10218,2020-10-20,Equifax,744,1,
10219,3584,10219,2023-12-27,Experian,643,3,
10220,13601,10220,2022-02-01,TransUnion,704,1,58
10221,1031,10221,2020-12-22,TransUnion,694,5,21
10222,7741,10222,2020-09-04,TransUnion,717,4,
10223,393,10223,2023-12-02,Equifax,769,0,
10224,9012,10224,2022-09-14,TransUnion,629,5,20
10225,8373,10225,2024-05-17,Experian,666,5,
10226,11978,10226,2020-02-25,TransUnion,727,3,
10227,8194,10227,2022-08-23,Equifax,690,3,
10228,13424,10228,2021-08-23,Equifax,784,4,30
10229,348,10229,2024-02-12,TransUnion,735,1,70
10230,13642,10230,2021-09-12,Equifax,665,0,
10231,5907,10231,2023-03-05,TransUnion,681,3,56
10232,113,10232,2024-03-19,Equifax,639,3,
10233,6787,10233,2021-02-05,Equifax,670,1,28
10234,13582,10234,2021-09-11,TransUnion,780,5,
10235,14238,10235,2021-05-18,Experian,707,2,
10236,9448,10236,2021-08-05,Experian,640,5,65
10237,6108,10237,2023-04-13,Equifax,634,0,
10238,10450,10238,2022-10-14,Equifax,638,2,50
10239,10274,10239,2021-09-23,Equifax,721,2,
10240,273,10240,2023-02-28,Experian,760,1,58
10241,9442,10241,2022-12-03,Experian,689,3,58
10242,6123,10242,2022-01-04,Equifax,748,3,
10243,793,10243,2020-09-11,Equifax,693,2,
10244,5268,10244,2022-10-18,Equifax,628,4,41
10245,2331,10245,2020-12-20,Equifax,695,2,
10246,9616,10246,2021-01-03,TransUnion,683,1,
10247,14680,10247,2022-05-15,Equifax,599,3,
10248,13475,10248,2020-01-07,Experian,831,5,45
10249,3913,10249,2022-10-27,Equifax,582,0,68
10250,5646,10250,2023-11-23,TransUnion,629,5,19
10251,13052,10251,2022-09-28,TransUnion,726,3,
10252,5769,10252,2020-08-22,TransUnion,615,1,
10253,11425,10253,2021-08-07,Equifax,697,0,39
10254,7009,10254,2021-10-21,Experian,591,5,
10255,12539,10255,2021-08-01,Equifax,671,5,
10256,10193,10256,2020-09-10,Experian,631,2,37
10257,6251,10257,2020-11-18,TransUnion,705,0,
10258,7432,10258,2021-03-04,Experian,733,4,
10259,12365,10259,2021-03-29,TransUnion,621,2,
10260,7825,10260,2021-04-06,Experian,737,0,43
10261,10189,10261,2021-06-17,TransUnion,697,0,26
10262,8805,10262,2020-05-07,Experian,596,1,37
10263,12716,10263,2020-01-18,Equifax,593,1,
10264,5399,10264,2023-09-22,TransUnion,747,5,
10265,13019,10265,2021-07-29,TransUnion,671,4,
10266,4349,10266,2020-12-11,Equifax,679,3,47
10267,2853,10267,2022-02-28,Experian,730,0,
10268,4578,10268,2020-04-12,Experian,846,2,51
10269,7763,10269,2022-08-08,TransUnion,589,5,
10270,9071,10270,2022-05-22,Equifax,679,5,
10271,5970,10271,2023-07-07,Equifax,765,1,
10272,4077,10272,2020-11-24,TransUnion,611,5,
10273,6366,10273,2022-12-30,Experian,580,4,
10274,1356,10274,2023-06-01,Experian,661,4,
10275,13100,10275,2020-10-21,Equifax,833,4,
10276,6995,10276,2024-01-04,Equifax,732,4,18
10277,90,10277,2020-12-25,Equifax,669,5,40
10278,9639,10278,2020-10-24,Experian,844,1,71
10279,667,10279,2020-02-25,Equifax,708,0,
10280,10371,10280,2021-04-27,Equifax,785,0,18
10281,4370,10281,2023-01-15,Experian,668,1,
10282,10149,10282,2023-06-05,Equifax,829,3,
10283,4870,10283,2023-03-12,Experian,793,1,
10284,2260,10284,2024-03-20,Experian,592,3,
10285,14947,10285,2022-07-15,TransUnion,841,1,
10286,14785,10286,2021-01-11,Experian,724,2,
10287,8440,10287,2020-05-30,TransUnion,730,4,
10288,4414,10288,2024-01-24,Equifax,689,0,24
10289,8285,10289,2020-11-08,Experian,841,5,
10290,13851,10290,2021-04-28,TransUnion,736,1,
10291,13795,10291,2023-08-23,Experian,696,2,28
10292,8522,10292,2020-07-15,Equifax,726,1,
10293,10822,10293,2022-08-21,Equifax,655,1,
10294,903,10294,2023-02-26,TransUnion,820,0,
10295,6409,10295,2023-02-26,Experian,735,2,15
10296,6683,10296,2022-04-02,TransUnion,655,5,
10297,13182,10297,2020-10-04,Equifax,634,2,19
10298,13685,10298,2021-06-25,Equifax,825,3,60
10299,4172,10299,2022-01-05,TransUnion,736,3,66
10300,8543,10300,2022-01-31,Equifax,799,0,
10301,8947,10301,2022-07-09,Equifax,740,4,14
10302,8115,10302,2020-05-23,Equifax,701,3,3
10303,12194,10303,2020-03-21,TransUnion,694,0,
10304,10867,10304,2023-08-08,TransUnion,620,1,
10305,13872,10305,2023-06-05,Experian,670,4,
10306,1455,10306,2023-03-11,Experian,699,5,5
10307,4285,10307,2023-01-26,Equifax,755,3,
10308,8476,10308,2024-04-20,TransUnion,682,5,30
10309,4269,10309,2021-07-18,Equifax,672,5,
10310,7459,10310,2020-01-04,Equifax,708,1,
10311,1624,10311,2023-02-26,Equifax,642,5,67
10312,6872,10312,2021-10-02,TransUnion,672,5,70
10313,6544,10313,2023-08-26,TransUnion,585,1,39
10314,13740,10314,2023-03-04,Equifax,614,1,
10315,12432,10315,2023-03-14,TransUnion,717,3,47
10316,13341,10316,2021-03-15,TransUnion,735,0,
10317,550,10317,2020-12-20,Equifax,604,1,50
10318,7689,10318,2022-02-14,Experian,628,4,
10319,7167,10319,2020-03-04,Equifax,678,2,57
10320,13804,10320,2023-01-05,Experian,647,1,
10321,5021,10321,2021-09-29,Experian,707,1,
10322,265,10322,2020-02-02,Experian,727,1,
10323,6520,10323,2021-01-09,TransUnion,649,5,
10324,10671,10324,2021-12-23,Equifax,778,4,56
10325,2540,10325,2020-02-02,TransUnion,656,4,49
10326,5862,10326,2020-06-29,TransUnion,720,3,37
10327,4134,10327,2023-08-25,Experian,744,2,
10328,10382,10328,2023-11-21,Experian,720,2,
10329,14446,10329,2022-02-13,TransUnion,736,2,
10330,14098,10330,2020-10-27,Experian,668,2,62
10331,4190,10331,2021-05-26,TransUnion,668,4,24
10332,1020,10332,2022-06-11,Experian,650,2,43
10333,7049,10333,2024-02-18,Experian,593,3,
10334,747,10334,2021-12-10,Experian,582,3,
10335,14022,10335,2023-12-07,Experian,633,0,
10336,4067,10336,2020-05-09,Experian,703,4,
10337,2015,10337,2024-03-05,TransUnion,657,1,
10338,11652,10338,2023-02-02,Equifax,595,1,11
10339,10885,10339,2020-06-12,TransUnion,744,1,
10340,7372,10340,2021-02-28,TransUnion,634,5,
10341,13518,10341,2021-02-13,TransUnion,765,4,
10342,8520,10342,2023-11-25,TransUnion,715,1,
10343,12502,10343,2023-11-10,Experian,731,3,
10344,4845,10344,2022-06-02,Experian,744,4,50
10345,2528,10345,2023-07-09,Equifax,677,0,
10346,5609,10346,2024-05-31,TransUnion,685,4,
10347,2887,10347,2022-04-10,Experian,705,5,
10348,11427,10348,2021-12-20,TransUnion,703,3,
10349,8827,10349,2020-05-12,TransUnion,742,1,
10350,3970,10350,2020-12-29,TransUnion,719,0,46
10351,1647,10351,2020-12-03,TransUnion,746,5,
10352,7232,10352,2022-01-26,TransUnion,714,0,32
10353,5123,10353,2020-07-25,Experian,730,3,37
10354,107,10354,2020-11-04,Equifax,584,5,
10355,5171,10355,2024-01-01,Experian,601,2,
10356,657,10356,2020-12-21,TransUnion,702,3,
10357,9821,10357,2022-06-23,TransUnion,665,1,17
10358,9745,10358,2020-07-06,Experian,651,1,
10359,5859,10359,2021-09-27,Experian,683,4,
10360,5008,10360,2020-02-09,Experian,739,2,
10361,10123,10361,2020-08-11,Equifax,681,0,
10362,12542,10362,2022-10-01,Equifax,741,5,
10363,3335,10363,2022-06-19,Experian,629,3,40
10364,2318,10364,2020-05-26,Equifax,709,5,48
10365,6238,10365,2020-05-30,Equifax,714,4,12
10366,7913,10366,2023-02-27,Equifax,830,4,
10367,1591,10367,2022-09-02,Experian,790,5,6
10368,13003,10368,2024-01-14,Equifax,592,1,
10369,3959,10369,2021-11-15,Experian,706,4,61
10370,13708,10370,2022-05-15,Equifax,697,3,
10371,4102,10371,2022-04-11,TransUnion,742,4,71
10372,3172,10372,2023-03-14,TransUnion,733,4,
10373,14372,10373,2023-09-28,Experian,632,0,
10374,13462,10374,2020-06-19,Equifax,726,3,20
10375,14120,10375,2020-12-03,Equifax,813,0,
10376,14473,10376,2023-11-09,Equifax,602,3,
10377,5108,10377,2021-08-29,TransUnion,680,0,
10378,103,10378,2022-10-23,TransUnion,673,2,66
10379,4383,10379,2020-06-19,Experian,821,2,
10380,14803,10380,2020-06-05,Experian,669,5,
10381,1578,10381,2020-06-18,Equifax,633,4,15
10382,10996,10382,2021-04-29,Experian,589,2,
10383,13156,10383,2021-02-17,TransUnion,745,2,
10384,3884,10384,2021-07-07,Equifax,694,4,15
10385,5487,10385,2023-10-03,Equifax,623,2,
10386,11991,10386,2021-12-08,TransUnion,620,3,
10387,602,10387,2021-12-09,Equifax,743,1,
10388,1371,10388,2022-01-20,Experian,702,1,41
10389,13040,10389,2020-12-19,TransUnion,725,4,
10390,5349,10390,2024-02-11,Experian,611,4,12
10391,1327,10391,2022-04-20,TransUnion,668,3,
10392,7612,10392,2022-12-17,Experian,753,4,49
10393,6479,10393,2023-05-31,Experian,800,0,62
10394,9045,10394,2022-02-25,Equifax,821,3,
10395,400,10395,2022-12-06,Experian,710,2,49
10396,2110,10396,2023-12-11,Equifax,679,2,
10397,1350,10397,2022-07-26,Experian,663,3,
10398,12032,10398,2020-03-05,Experian,620,2,
10399,4647,10399,2023-02-11,Equifax,597,5,
10400,11339,10400,2021-01-05,Experian,715,4,
10401,3939,10401,2021-09-01,Equifax,724,5,
10402,527,10402,2022-06-15,TransUnion,731,2,68
10403,11527,10403,2021-10-26,Equifax,718,3,
10404,11988,10404,2022-01-30,TransUnion,597,4,52
10405,1100,10405,2023-05-31,Equifax,733,2,70
10406,8383,10406,2022-08-22,Equifax,710,4,43
10407,11709,10407,2021-10-05,TransUnion,836,0,
10408,14486,10408,2020-02-25,Equifax,701,1,11
10409,5115,10409,2022-03-07,Equifax,581,3,22
10410,4813,10410,2023-06-07,Experian,620,2,
10411,8222,10411,2020-12-05,TransUnion,837,1,27
10412,6025,10412,2020-08-08,Experian,839,4,
10413,12714,10413,2022-02-08,Experian,718,4,
10414,13958,10414,2023-02-14,Experian,728,1,
10415,7597,10415,2023-11-29,Experian,829,2,
10416,13750,10416,2020-10-02,TransUnion,725,0,
10417,3980,10417,2021-08-17,TransUnion,767,5,20
10418,4673,10418,2023-05-15,Equifax,612,2,
10419,7200,10419,2022-02-15,TransUnion,697,3,
10420,8051,10420,2024-03-27,Equifax,789,5,
10421,1190,10421,2020-06-15,TransUnion,693,4,
10422,7134,10422,2023-04-13,Equifax,733,5,
10423,2340,10423,2020-05-02,TransUnion,721,5,
10424,5991,10424,2021-08-28,TransUnion,735,1,
10425,2530,10425,2021-11-30,Experian,682,3,
10426,1873,10426,2022-11-21,Equifax,642,3,41
10427,12111,10427,2022-06-08,TransUnion,585,0,
10428,6194,10428,2021-12-11,Equifax,628,2,
10429,9019,10429,2022-10-02,Experian,789,4,30
10430,493,10430,2023-04-02,TransUnion,708,5,
10431,9376,10431,2024-02-16,Equifax,713,0,
10432,10407,10432,2021-02-06,TransUnion,735,4,
10433,12166,10433,2021-05-07,Experian,632,4,
10434,8283,10434,2020-05-14,Experian,806,3,
10435,4509,10435,2020-04-17,Equifax,798,2,
10436,12643,10436,2022-02-04,Equifax,719,3,
10437,6310,10437,2021-09-24,Equifax,695,0,
10438,5066,10438,2023-04-06,TransUnion,744,2,
10439,10921,10439,2020-11-10,Equifax,708,5,
10440,1581,10440,2021-09-06,Experian,684,1,
10441,6886,10441,2022-02-16,Equifax,654,2,
10442,12882,10442,2023-11-04,TransUnion,719,1,3
10443,9752,10443,2022-03-14,Experian,807,5,
10444,966,10444,2020-05-12,Experian,732,3,
10445,3152,10445,2020-01-28,Experian,678,1,40
10446,6670,10446,2022-08-22,Experian,739,4,
10447,2688,10447,2021-10-31,Equifax,676,4,50
10448,8128,10448,2021-05-09,Experian,715,5,
10449,1009,10449,2023-05-03,TransUnion,660,1,
10450,13945,10450,2022-03-06,Experian,822,1,
10451,5262,10451,2021-06-13,Equifax,810,3,
10452,4143,10452,2021-04-06,Experian,708,1,22
10453,10330,10453,2023-03-15,TransUnion,744,1,49
10454,787,10454,2021-08-05,Experian,800,5,55
10455,7343,10455,2023-02-05,Equifax,748,0,
10456,7769,10456,2023-01-27,TransUnion,740,2,23
10457,835,10457,2020-01-27,Experian,846,1,
10458,9995,10458,2022-07-20,Experian,722,5,
10459,12635,10459,2023-10-30,Experian,733,2,
10460,14977,10460,2021-06-02,Experian,742,5,40
10461,10804,10461,2020-04-15,Equifax,749,3,
10462,10540,10462,2021-12-18,Equifax,656,1,15
10463,788,10463,2020-10-05,Equifax,848,2,12
10464,12943,10464,2023-03-21,Equifax,735,5,
10465,8778,10465,2021-10-03,TransUnion,684,4,
10466,626,10466,2022-08-26,Experian,814,4,
10467,6269,10467,2022-12-19,Equifax,785,4,
10468,4876,10468,2022-07-23,Equifax,688,2,12
10469,6214,10469,2020-08-21,Experian,706,0,
10470,3213,10470,2023-09-07,TransUnion,580,0,
10471,1565,10471,2022-05-05,TransUnion,698,5,40
10472,7408,10472,2021-06-09,Equifax,643,2,45
10473,14352,10473,2020-09-13,Equifax,741,5,54
10474,6038,10474,2020-08-12,Equifax,684,4,
10475,12953,10475,2021-07-29,Experian,713,0,
10476,9282,10476,2023-11-25,TransUnion,690,4,
10477,3863,10477,2024-05-27,Equifax,720,4,
10478,13262,10478,2020-05-02,Experian,703,5,
10479,5566,10479,2022-04-10,TransUnion,657,1,47
10480,2996,10480,2022-03-16,TransUnion,741,5,20
10481,9663,10481,2020-06-26,Equifax,705,5,
10482,2935,10482,2021-12-29,Equifax,721,2,
10483,10412,10483,2023-10-02,Equifax,629,3,45
10484,12290,10484,2021-02-25,Equifax,756,3,60
10485,6612,10485,2022-01-22,TransUnion,692,4,
10486,3209,10486,2020-04-28,TransUnion,757,2,
10487,5011,10487,2023-01-13,Equifax,748,3,
10488,5111,10488,2021-06-28,Equifax,733,1,
10489,13367,10489,2021-11-17,TransUnion,586,3,
10490,9764,10490,2020-10-18,Experian,823,4,13
10491,14125,10491,2021-05-04,TransUnion,741,1,
10492,5179,10492,2023-08-23,TransUnion,660,4,
10493,1508,10493,2023-11-21,TransUnion,615,2,17
10494,11898,10494,2024-01-05,Equifax,691,3,
10495,5699,10495,2020-07-13,TransUnion,845,1,70
10496,2373,10496,2021-04-10,Equifax,726,3,25
10497,394,10497,2020-02-11,TransUnion,809,4,
10498,8613,10498,2020-05-14,Equifax,692,0,
10499,12381,10499,2023-06-20,Equifax,582,3,18
10500,11175,10500,2022-01-10,TransUnion,595,2,
10501,8530,10501,2023-03-02,TransUnion,706,5,
10502,12521,10502,2022-02-11,Equifax,736,2,
10503,8980,10503,2021-06-22,Equifax,622,5,
10504,2782,10504,2020-04-17,Equifax,785,3,
10505,13589,10505,2024-02-09,Experian,650,0,54
10506,843,10506,2022-05-05,Experian,685,3,
10507,2725,10507,2023-09-21,TransUnion,621,3,
10508,11574,10508,2020-03-27,Equifax,829,4,25
10509,7229,10509,2023-05-11,Equifax,704,4,40
10510,2189,10510,2022-12-01,Experian,711,4,
10511,5279,10511,2023-04-30,Experian,727,2,9
10512,6080,10512,2022-05-10,Equifax,745,4,33
10513,1873,10513,2023-11-19,Experian,642,1,13
10514,129,10514,2021-11-29,Experian,729,2,
10515,10885,10515,2021-12-23,Experian,744,2,
10516,3701,10516,2023-01-22,Experian,584,5,
10517,6378,10517,2023-04-25,TransUnion,692,3,22
10518,1484,10518,2022-12-14,TransUnion,692,1,
10519,2390,10519,2023-08-03,TransUnion,723,5,
10520,8441,10520,2020-08-25,TransUnion,619,1,
10521,14907,10521,2020-06-26,Experian,734,1,
10522,5179,10522,2020-04-05,Experian,660,1,64
10523,6747,10523,2022-12-14,Equifax,684,3,55
10524,688,10524,2022-10-18,Equifax,743,3,21
10525,2721,10525,2024-01-09,Equifax,733,1,
10526,13103,10526,2022-03-12,Experian,707,0,
10527,8975,10527,2020-12-25,Experian,662,1,34
10528,3886,10528,2024-01-10,Equifax,705,2,
10529,3559,10529,2021-10-06,TransUnion,582,0,
10530,2368,10530,2022-07-16,TransUnion,839,3,
10531,13981,10531,2022-09-02,TransUnion,718,3,45
10532,7806,10532,2022-07-04,TransUnion,619,4,
10533,6332,10533,2023-01-16,Equifax,724,4,48
10534,2996,10534,2023-01-23,TransUnion,741,4,
10535,12489,10535,2024-05-10,Equifax,675,3,26
10536,12642,10536,2022-12-03,TransUnion,745,0,
10537,5705,10537,2021-01-08,Experian,737,1,21
10538,8016,10538,2024-01-20,Equifax,846,4,
10539,5807,10539,2024-05-24,TransUnion,665,3,
10540,5701,10540,2022-02-10,TransUnion,783,5,
10541,12221,10541,2021-07-06,TransUnion,761,1,
10542,5952,10542,2020-04-02,Experian,617,2,48
10543,11485,10543,2023-11-04,TransUnion,626,5,
10544,14593,10544,2024-02-19,Experian,796,5,
10545,12608,10545,2024-03-28,Experian,613,0,40
10546,11288,10546,2020-09-05,Experian,720,2,26
10547,7218,10547,2024-01-03,Experian,651,2,
10548,2483,10548,2022-12-03,Experian,654,4,50
10549,3502,10549,2024-02-26,TransUnion,742,1,
10550,14099,10550,2023-02-16,TransUnion,720,5,
10551,7479,10551,2022-05-20,TransUnion,708,2,68
10552,13213,10552,2022-07-05,TransUnion,755,1,
10553,12094,10553,2024-01-30,Equifax,788,5,
10554,7645,10554,2024-02-05,TransUnion,644,5,
10555,11889,10555,2020-06-29,Equifax,704,2,51
10556,3919,10556,2024-05-08,Experian,651,2,22
10557,558,10557,2023-12-27,Equifax,698,1,33
10558,8767,10558,2020-12-05,Equifax,592,1,15
10559,8364,10559,2023-05-20,Experian,612,1,14
10560,5185,10560,2024-05-21,TransUnion,669,5,58
10561,2006,10561,2020-08-29,Equifax,655,0,69
10562,660,10562,2020-06-01,TransUnion,741,2,53
10563,8902,10563,2022-05-19,Equifax,632,2,5
10564,10191,10564,2020-07-23,Experian,740,4,
10565,10526,10565,2023-02-08,Equifax,653,1,63
10566,10781,10566,2022-09-22,Equifax,683,3,49
10567,6316,10567,2021-08-08,TransUnion,668,5,
10568,1475,10568,2021-01-08,Equifax,746,2,
10569,12471,10569,2020-04-23,TransUnion,727,5,
10570,6867,10570,2022-04-06,Experian,641,2,
10571,14212,10571,2020-05-27,Equifax,740,3,43
10572,7872,10572,2021-05-13,TransUnion,648,3,
10573,13191,10573,2023-03-01,Equifax,606,3,
10574,7323,10574,2020-07-08,Experian,643,2,60
10575,881,10575,2023-07-23,Equifax,706,5,
10576,2426,10576,2022-10-09,Experian,639,0,
10577,1784,10577,2021-07-16,Experian,678,2,36
10578,9970,10578,2020-06-07,Equifax,781,5,51
10579,11342,10579,2021-07-04,Equifax,637,5,
10580,10028,10580,2021-10-29,Equifax,745,1,
10581,2107,10581,2021-10-29,Experian,732,1,
10582,7955,10582,2021-10-14,Experian,734,3,
10583,8099,10583,2020-05-10,TransUnion,671,1,11
10584,4517,10584,2023-04-03,TransUnion,833,2,
10585,10276,10585,2022-01-06,TransUnion,721,2,
10586,14021,10586,2021-03-24,Experian,720,2,
10587,14061,10587,2024-05-16,Equifax,626,5,
10588,6997,10588,2022-02-19,Experian,632,4,7
10589,2738,10589,2022-11-03,TransUnion,640,5,
10590,3454,10590,2022-05-01,Equifax,738,4,7
10591,2472,10591,2024-02-02,Experian,839,2,
10592,12824,10592,2020-06-13,Experian,724,5,
10593,13138,10593,2022-03-28,Experian,710,0,17
10594,245,10594,2021-04-16,Equifax,725,2,
10595,4140,10595,2022-06-15,Experian,605,5,
10596,5021,10596,2024-05-03,Experian,707,0,
10597,8778,10597,2024-02-10,Equifax,684,4,
10598,5480,10598,2022-08-17,Experian,692,4,
10599,12026,10599,2023-06-18,Experian,738,1,15
10600,14900,10600,2021-04-06,Equifax,715,4,39
10601,8268,10601,2024-03-14,Equifax,711,2,
10602,11607,10602,2023-10-30,Experian,591,5,
10603,4151,10603,2020-09-14,Equifax,743,3,
10604,11745,10604,2022-10-18,TransUnion,777,1,40
10605,533,10605,2022-09-26,Experian,693,5,28
10606,9846,10606,2024-03-29,Equifax,681,3,
10607,1563,10607,2024-02-13,TransUnion,743,0,57
10608,7639,10608,2021-02-25,Equifax,705,1,
10609,6929,10609,2022-11-19,TransUnion,723,2,
10610,6180,10610,2023-02-16,Experian,710,2,54
10611,1310,10611,2020-04-20,TransUnion,724,3,47
10612,10716,10612,2020-07-10,TransUnion,798,2,
10613,6137,10613,2020-11-27,Equifax,713,3,14
10614,1222,10614,2023-05-29,Experian,645,4,
10615,14410,10615,2023-03-07,Equifax,832,5,
10616,336,10616,2024-02-14,TransUnion,684,5,
10617,12179,10617,2023-12-11,TransUnion,741,1,8
10618,13504,10618,2023-04-15,Experian,586,5,
10619,5184,10619,2024-02-15,Experian,689,3,
10620,1853,10620,2020-07-02,Experian,674,0,
10621,10804,10621,2022-05-24,Experian,749,5,
10622,4066,10622,2023-03-13,TransUnion,687,1,44
10623,10967,10623,2023-04-14,Experian,597,1,38
10624,10753,10624,2022-02-07,Experian,795,5,
10625,10209,10625,2020-05-17,Equifax,666,4,
10626,3996,10626,2021-07-06,Equifax,764,2,
10627,12716,10627,2023-07-15,Experian,593,5,
10628,14573,10628,2023-07-28,Experian,711,3,
10629,7854,10629,2021-09-03,Experian,593,0,9
10630,9918,10630,2020-12-27,Equifax,697,4,
10631,11328,10631,2022-01-09,Equifax,696,5,
10632,1501,10632,2021-04-14,TransUnion,705,4,38
10633,10233,10633,2023-10-16,Experian,704,0,
10634,4642,10634,2024-03-05,TransUnion,702,3,8
10635,9135,10635,2023-10-19,TransUnion,681,3,
10636,9818,10636,2022-11-23,Equifax,705,4,
10637,1830,10637,2020-12-21,Experian,679,3,
10638,12468,10638,2022-10-26,Experian,726,4,
10639,8221,10639,2021-04-19,TransUnion,673,1,3
10640,7007,10640,2021-01-10,Experian,726,5,
10641,13636,10641,2023-11-12,Equifax,670,4,
10642,3740,10642,2020-11-20,TransUnion,584,2,
10643,6156,10643,2021-02-27,TransUnion,829,4,61
10644,1105,10644,2023-06-16,TransUnion,789,0,13
10645,8206,10645,2024-02-10,Equifax,833,2,22
10646,4047,10646,2023-10-12,Experian,775,3,5
10647,2023,10647,2022-10-12,TransUnion,767,3,51
10648,8824,10648,2023-03-21,Experian,745,0,
10649,9831,10649,2022-10-06,TransUnion,697,5,25
10650,4237,10650,2022-04-15,Experian,603,1,
10651,12962,10651,2022-02-04,Experian,729,4,
10652,7476,10652,2023-06-05,Experian,661,3,13
10653,2553,10653,2023-10-01,Experian,797,3,41
10654,2717,10654,2023-08-26,TransUnion,733,1,
10655,3190,10655,2020-01-03,Experian,676,0,
10656,11741,10656,2021-12-21,Experian,661,4,44
10657,8352,10657,2022-11-29,Equifax,693,0,18
10658,9534,10658,2024-04-11,Experian,621,3,20
10659,12304,10659,2024-03-10,Equifax,707,0,
10660,6995,10660,2022-11-24,Equifax,732,1,
10661,1361,10661,2021-11-15,Equifax,749,2,13
10662,13039,10662,2020-05-01,TransUnion,608,2,
10663,333,10663,2022-12-09,Equifax,745,4,
10664,274,10664,2023-09-25,Experian,581,1,
10665,11348,10665,2020-03-25,Equifax,738,3,
10666,14971,10666,2020-03-30,Experian,844,0,70
10667,4615,10667,2022-04-15,Experian,715,5,39
10668,407,10668,2023-07-09,Equifax,640,5,
10669,12450,10669,2020-02-05,Equifax,736,1,
10670,9225,10670,2022-05-13,Equifax,705,5,56
10671,10262,10671,2021-10-04,Equifax,624,4,
10672,8845,10672,2022-07-12,Experian,586,0,
10673,12532,10673,2024-05-17,TransUnion,715,0,31
10674,8661,10674,2020-06-10,Equifax,725,2,
10675,3264,10675,2020-01-26,Experian,580,0,14
10676,1814,10676,2020-12-28,Experian,700,3,62
10677,2194,10677,2021-12-31,Equifax,732,3,
10678,10240,10678,2022-05-21,TransUnion,715,2,65
10679,12958,10679,2023-04-20,Equifax,693,3,
10680,13571,10680,2022-12-14,Equifax,820,1,
10681,6284,10681,2020-12-13,Equifax,583,5,
10682,2544,10682,2022-12-09,Equifax,685,3,62
10683,877,10683,2020-12-01,Equifax,617,3,45
10684,14534,10684,2023-11-22,Equifax,793,5,38
10685,2937,10685,2021-01-18,Equifax,686,5,
10686,1236,10686,2021-02-23,TransUnion,712,3,
10687,10451,10687,2023-01-16,Equifax,581,5,
10688,9298,10688,2021-08-18,TransUnion,632,4,
10689,12250,10689,2022-05-28,Experian,595,2,
10690,9220,10690,2020-09-17,TransUnion,710,0,12
10691,13725,10691,2022-05-30,TransUnion,735,4,
10692,2840,10692,2020-03-10,TransUnion,720,0,
10693,9140,10693,2020-04-02,TransUnion,668,5,40
10694,5649,10694,2020-11-07,Experian,611,5,37
10695,826,10695,2021-02-28,Experian,615,0,
10696,3205,10696,2020-01-15,Experian,678,0,53
10697,7682,10697,2021-01-11,Equifax,584,2,
10698,1334,10698,2022-08-13,Equifax,733,2,
10699,11821,10699,2022-06-12,Equifax,732,2,
10700,7357,10700,2023-08-01,Experian,644,1,13
10701,9785,10701,2023-12-19,TransUnion,667,2,
10702,12073,10702,2020-06-25,TransUnion,702,1,
10703,13688,10703,2020-08-22,Equifax,724,5,
10704,11902,10704,2022-01-29,Equifax,693,4,
10705,8541,10705,2020-03-01,TransUnion,691,1,
10706,9029,10706,2023-07-19,TransUnion,710,4,
10707,8217,10707,2023-03-23,Experian,661,1,
10708,617,10708,2022-10-06,TransUnion,820,3,
10709,5073,10709,2024-02-23,TransUnion,735,2,22
10710,2373,10710,2023-08-17,Equifax,726,1,19
10711,10752,10711,2022-02-11,Experian,749,4,70
10712,2569,10712,2023-08-01,Experian,833,1,
10713,5750,10713,2021-04-05,Equifax,605,1,
10714,9732,10714,2021-12-01,Equifax,747,4,27
10715,3996,10715,2021-05-09,TransUnion,764,3,63
10716,2096,10716,2023-03-24,Experian,647,3,
10717,10249,10717,2024-03-02,Experian,686,3,
10718,13687,10718,2023-06-09,Equifax,678,1,32
10719,366,10719,2022-02-06,TransUnion,665,3,57
10720,8840,10720,2023-04-11,Experian,728,3,
10721,11560,10721,2020-06-08,TransUnion,728,0,48
10722,13051,10722,2022-04-28,Experian,749,0,
10723,5486,10723,2023-11-14,TransUnion,640,0,
10724,13915,10724,2021-07-19,TransUnion,840,1,40
10725,7040,10725,2022-02-11,Equifax,734,2,4
10726,7339,10726,2020-07-20,Experian,679,5,
10727,12715,10727,2020-09-20,Experian,709,3,36
10728,6995,10728,2023-11-19,Equifax,732,0,
10729,1529,10729,2020-04-26,Experian,819,5,
10730,6768,10730,2020-02-21,Equifax,738,0,
10731,11718,10731,2020-03-31,Equifax,590,1,
10732,8301,10732,2021-10-10,Experian,666,4,
10733,10078,10733,2020-11-04,Experian,660,4,
10734,14461,10734,2022-03-20,Experian,727,2,
10735,2653,10735,2020-11-06,Experian,708,0,
10736,1261,10736,2022-08-18,Experian,720,4,
10737,3718,10737,2023-07-23,Equifax,670,3,
10738,7785,10738,2024-02-27,Experian,771,5,19
10739,11392,10739,2022-02-11,TransUnion,746,2,5
10740,10156,10740,2021-03-14,Equifax,681,5,67
10741,3510,10741,2021-01-01,TransUnion,701,1,
10742,4097,10742,2022-03-30,Equifax,793,2,
10743,2457,10743,2024-04-09,Experian,697,0,
10744,2453,10744,2023-10-22,TransUnion,717,5,66
10745,9336,10745,2020-12-07,TransUnion,597,2,
10746,5230,10746,2024-05-19,TransUnion,738,0,
10747,4688,10747,2023-11-18,Equifax,612,0,
10748,2299,10748,2021-09-07,Equifax,744,0,49
10749,10493,10749,2021-09-18,Experian,834,4,
10750,10418,10750,2020-06-13,TransUnion,741,4,71
10751,13723,10751,2023-04-05,Equifax,729,0,36
10752,9111,10752,2023-08-22,Equifax,747,0,20
10753,5768,10753,2022-09-25,Experian,743,2,41
10754,4692,10754,2023-02-10,TransUnion,585,0,
10755,13854,10755,2020-08-30,Experian,602,1,
10756,2857,10756,2021-10-30,Equifax,699,4,
10757,3363,10757,2024-05-03,Equifax,709,4,
10758,5886,10758,2024-05-10,Experian,605,1,39
10759,2246,10759,2021-08-31,TransUnion,628,1,
10760,6163,10760,2020-05-23,Equifax,723,0,
10761,13839,10761,2022-07-16,Equifax,663,3,22
10762,3085,10762,2023-02-19,Experian,604,0,71
10763,329,10763,2021-10-19,Experian,685,4,34
10764,9812,10764,2023-12-02,TransUnion,685,3,
10765,13622,10765,2021-07-25,Equifax,687,3,
10766,10452,10766,2020-06-24,Equifax,709,2,42
10767,9244,10767,2020-05-11,TransUnion,646,2,
10768,876,10768,2021-11-03,Equifax,699,0,67
10769,7312,10769,2024-04-11,TransUnion,746,3,
10770,8847,10770,2023-01-30,Experian,797,1,
10771,14607,10771,2024-05-29,TransUnion,737,3,11
10772,7937,10772,2022-04-27,Experian,646,4,
10773,2845,10773,2022-06-04,Experian,706,0,22
10774,8057,10774,2024-01-14,TransUnion,650,4,58
10775,8081,10775,2022-05-26,TransUnion,729,4,4
10776,3973,10776,2020-09-07,Equifax,730,0,
10777,5496,10777,2023-10-14,TransUnion,693,0,
10778,7087,10778,2023-11-07,Equifax,728,3,
10779,5844,10779,2020-11-16,Equifax,698,1,24
10780,1902,10780,2020-01-28,TransUnion,739,3,45
10781,12160,10781,2020-07-28,Equifax,713,2,
10782,7873,10782,2022-03-06,Experian,619,2,
10783,72,10783,2021-08-04,Equifax,822,5,
10784,7982,10784,2021-06-22,TransUnion,805,5,
10785,6812,10785,2023-12-22,Equifax,708,5,25
10786,8767,10786,2023-05-26,TransUnion,592,2,
10787,11503,10787,2023-10-18,TransUnion,634,0,19
10788,5996,10788,2023-02-20,Experian,663,2,
10789,1847,10789,2021-04-20,TransUnion,686,3,
10790,2512,10790,2020-11-22,Equifax,713,4,
10791,14000,10791,2023-09-11,Experian,670,1,
10792,11107,10792,2021-08-16,Equifax,724,0,29
10793,11234,10793,2023-07-12,Experian,641,5,37
10794,12041,10794,2021-10-18,Equifax,651,0,
10795,13529,10795,2022-09-26,TransUnion,713,5,
10796,13232,10796,2020-11-03,Equifax,697,0,
10797,10680,10797,2021-02-02,TransUnion,645,3,
10798,9780,10798,2020-08-05,Equifax,617,5,
10799,7865,10799,2021-07-31,Experian,656,2,
10800,14344,10800,2024-05-13,TransUnion,674,4,55
10801,4826,10801,2023-04-17,Experian,655,2,55
10802,4349,10802,2022-01-14,Experian,679,4,44
10803,6840,10803,2023-03-31,Experian,836,2,
10804,843,10804,2021-06-24,Experian,685,3,32
10805,10738,10805,2022-11-30,TransUnion,819,0,7
10806,13778,10806,2023-05-17,Equifax,683,3,
10807,4733,10807,2023-10-12,Experian,716,5,11
10808,10326,10808,2024-02-03,TransUnion,748,4,28
10809,6551,10809,2022-03-24,TransUnion,633,0,40
10810,8394,10810,2022-02-10,Equifax,655,4,
10811,9720,10811,2021-11-13,Equifax,661,2,
10812,2522,10812,2021-08-13,TransUnion,738,1,29
10813,5189,10813,2022-02-11,TransUnion,709,1,41
10814,12302,10814,2020-05-31,TransUnion,742,4,63
10815,6481,10815,2022-07-22,TransUnion,749,3,
10816,3961,10816,2020-03-09,Experian,702,3,60
10817,11492,10817,2022-03-15,TransUnion,654,3,
10818,14124,10818,2023-08-02,TransUnion,627,0,
10819,1990,10819,2021-06-10,Experian,729,0,41
10820,6880,10820,2020-09-11,Experian,757,4,
10821,837,10821,2021-04-25,TransUnion,591,5,9
10822,7413,10822,2023-07-20,Experian,668,1,61
10823,8567,10823,2021-06-29,Equifax,696,4,16
10824,10430,10824,2020-11-27,Equifax,741,0,
10825,14792,10825,2022-11-07,Experian,595,5,
10826,4032,10826,2023-11-18,Experian,741,1,
10827,10255,10827,2022-06-13,Equifax,685,4,
10828,12821,10828,2023-06-06,Experian,636,0,44
10829,13292,10829,2021-07-22,Equifax,820,0,
10830,11399,10830,2020-11-24,Experian,586,5,61
10831,533,10831,2021-03-23,TransUnion,693,0,
10832,14696,10832,2021-01-27,Equifax,821,5,
10833,8588,10833,2023-04-30,TransUnion,643,4,7
10834,4823,10834,2023-06-02,Experian,647,5,
10835,835,10835,2023-02-05,Equifax,846,3,6
10836,12260,10836,2023-10-16,TransUnion,658,5,50
10837,11114,10837,2023-10-09,Experian,743,2,
10838,2028,10838,2021-05-13,Experian,695,4,
10839,12162,10839,2021-11-06,Equifax,770,5,
10840,10916,10840,2020-01-03,Experian,729,2,57
10841,1713,10841,2022-11-07,TransUnion,687,2,8
10842,388,10842,2021-01-09,TransUnion,595,0,
10843,14522,10843,2020-03-12,TransUnion,679,2,
10844,1332,10844,2021-06-14,TransUnion,798,0,
10845,3131,10845,2021-05-16,Experian,590,0,67
10846,14532,10846,2020-09-04,Experian,742,1,
10847,10287,10847,2020-09-21,Experian,725,4,63
10848,5193,10848,2024-05-20,Experian,705,3,
10849,6556,10849,2021-06-16,TransUnion,734,0,
10850,2396,10850,2020-08-18,Experian,653,1,
10851,6187,10851,2022-02-06,Equifax,765,4,
10852,9341,10852,2022-11-14,TransUnion,606,5,
10853,6272,10853,2023-09-10,Experian,650,2,69
10854,7816,10854,2020-08-16,Equifax,664,3,
10855,8746,10855,2021-12-30,Experian,712,4,
10856,6668,10856,2021-04-11,TransUnion,610,1,
10857,12180,10857,2023-07-30,TransUnion,651,5,63
10858,14192,10858,2022-08-21,Equifax,646,2,
10859,1664,10859,2023-04-11,Equifax,696,1,53
10860,12619,10860,2020-12-12,Equifax,750,1,24
10861,6848,10861,2020-03-31,TransUnion,696,4,50
10862,1827,10862,2023-07-12,TransUnion,739,5,
10863,710,10863,2021-03-24,Equifax,717,0,
10864,4468,10864,2023-08-20,Experian,778,3,68
10865,9180,10865,2022-08-17,Equifax,706,0,42
10866,3448,10866,2023-10-12,TransUnion,703,0,
10867,2977,10867,2024-02-15,Equifax,701,3,
10868,3608,10868,2020-02-12,Equifax,719,1,
10869,13155,10869,2023-03-15,TransUnion,609,2,
10870,13213,10870,2023-03-28,Equifax,755,1,56
10871,12418,10871,2022-07-16,TransUnion,738,1,
10872,14658,10872,2020-08-13,Equifax,840,1,
10873,2589,10873,2024-02-05,Experian,730,5,
10874,3590,10874,2022-05-21,TransUnion,600,5,
10875,3427,10875,2024-01-01,Equifax,668,4,
10876,2194,10876,2023-11-09,TransUnion,732,5,37
10877,9781,10877,2022-05-02,TransUnion,723,1,
10878,7976,10878,2020-04-30,Experian,720,0,
10879,13594,10879,2023-11-30,Experian,826,5,35
10880,12670,10880,2020-12-05,TransUnion,789,4,
10881,6979,10881,2022-04-08,TransUnion,676,2,67
10882,514,10882,2024-02-23,Equifax,793,0,
10883,11211,10883,2023-04-19,Experian,711,2,
10884,13313,10884,2022-07-29,Equifax,728,1,50
10885,13287,10885,2022-10-05,Experian,662,5,70
10886,2957,10886,2023-05-20,Experian,813,4,59
10887,3228,10887,2022-12-05,Experian,816,0,71
10888,4095,10888,2022-08-28,TransUnion,708,1,57
10889,3841,10889,2023-11-22,TransUnion,724,2,
10890,14685,10890,2022-09-18,TransUnion,704,0,20
10891,8752,10891,2020-09-02,TransUnion,781,3,
10892,6492,10892,2021-02-26,TransUnion,632,1,71
10893,9258,10893,2021-05-22,Equifax,736,3,
10894,831,10894,2022-03-10,TransUnion,738,5,
10895,7850,10895,2022-10-11,Equifax,708,3,
10896,4013,10896,2020-11-27,Experian,722,4,43
10897,8487,10897,2022-10-13,TransUnion,790,3,
10898,13427,10898,2023-01-05,Experian,747,2,21
10899,9120,10899,2022-08-31,TransUnion,638,0,
10900,12848,10900,2023-11-30,TransUnion,697,2,56
10901,10733,10901,2021-02-17,TransUnion,727,2,
10902,6245,10902,2023-12-22,Equifax,666,4,
10903,9917,10903,2022-08-04,Experian,594,3,
10904,8740,10904,2022-01-09,Experian,586,3,
10905,770,10905,2022-01-26,TransUnion,778,3,27
10906,5913,10906,2022-12-16,TransUnion,691,0,
10907,2138,10907,2021-07-12,Experian,764,2,
10908,8326,10908,2022-11-05,TransUnion,823,4,
10909,249,10909,2020-03-29,Experian,795,1,16
10910,7040,10910,2020-02-14,TransUnion,734,2,
10911,8800,10911,2021-03-29,TransUnion,679,2,12
10912,8910,10912,2020-02-27,Equifax,643,4,52
10913,7037,10913,2022-12-10,Experian,725,2,
10914,13846,10914,2023-12-22,TransUnion,644,2,
10915,2827,10915,2020-01-01,TransUnion,741,4,
10916,7253,10916,2023-08-31,TransUnion,670,2,
10917,5163,10917,2020-01-09,TransUnion,634,3,45
10918,12398,10918,2022-08-15,Experian,698,1,
10919,8231,10919,2023-06-27,TransUnion,816,2,
10920,7895,10920,2020-08-28,TransUnion,700,1,
10921,8193,10921,2023-08-03,Experian,710,3,
10922,6648,10922,2023-05-25,Experian,693,0,
10923,2357,10923,2020-11-18,TransUnion,690,4,30
10924,6548,10924,2021-03-29,Equifax,817,2,
10925,9187,10925,2022-02-15,Experian,730,0,
10926,11244,10926,2023-08-12,Equifax,703,0,50
10927,9862,10927,2023-09-06,TransUnion,767,0,32
10928,3365,10928,2021-08-16,Experian,819,5,
10929,972,10929,2021-12-05,Equifax,724,0,
10930,2683,10930,2020-08-13,Equifax,695,5,12
10931,1309,10931,2022-08-14,Experian,675,2,
10932,115,10932,2021-09-08,Experian,600,0,
10933,1358,10933,2021-05-29,Experian,711,2,7
10934,11527,10934,2024-04-19,TransUnion,718,3,42
10935,7713,10935,2020-05-07,Experian,603,1,32
10936,1282,10936,2023-05-30,Equifax,709,5,
10937,10200,10937,2021-08-05,Equifax,676,5,71
10938,6761,10938,2023-08-28,Experian,698,3,10
10939,14868,10939,2020-06-01,TransUnion,718,3,
10940,4852,10940,2023-01-13,Experian,734,0,49
10941,13762,10941,2020-03-11,Equifax,719,2,6
10942,14535,10942,2020-01-06,TransUnion,848,1,
10943,11265,10943,2022-10-25,Experian,634,2,55
10944,2353,10944,2022-10-12,Experian,679,3,29
10945,6832,10945,2023-12-22,TransUnion,747,1,
10946,12483,10946,2020-02-21,Experian,643,1,
10947,14810,10947,2023-09-27,Experian,680,3,
10948,12498,10948,2021-03-28,TransUnion,720,5,45
10949,12623,10949,2024-05-14,TransUnion,664,5,
10950,10132,10950,2021-07-08,Equifax,737,0,
10951,5182,10951,2020-03-28,TransUnion,652,1,
10952,6672,10952,2022-06-27,Experian,796,3,
10953,1315,10953,2023-10-28,TransUnion,775,4,
10954,8826,10954,2022-02-27,Equifax,768,5,
10955,13699,10955,2020-01-04,TransUnion,616,2,
10956,5351,10956,2020-07-21,Experian,582,0,
10957,13116,10957,2021-02-26,Equifax,699,1,
10958,14630,10958,2020-09-25,Experian,605,0,
10959,7956,10959,2022-11-05,Equifax,750,2,51
10960,11422,10960,2023-06-06,Equifax,745,3,
10961,6675,10961,2021-03-18,Equifax,772,1,
10962,11012,10962,2021-01-05,TransUnion,742,1,63
10963,14163,10963,2021-10-14,TransUnion,767,2,
10964,6782,10964,2024-01-18,Equifax,644,3,
10965,13337,10965,2020-09-14,Equifax,717,0,
10966,713,10966,2021-10-12,TransUnion,609,5,29
10967,14114,10967,2021-09-29,Equifax,722,0,
10968,6271,10968,2020-05-24,TransUnion,667,5,
10969,8122,10969,2022-11-01,Equifax,798,4,
10970,612,10970,2022-09-12,TransUnion,767,1,
10971,11494,10971,2021-04-02,TransUnion,785,0,
10972,13529,10972,2023-10-11,TransUnion,713,3,
10973,11827,10973,2020-10-26,Experian,733,1,
10974,14828,10974,2021-01-12,Experian,599,1,
10975,191,10975,2021-10-25,TransUnion,771,5,67
10976,6064,10976,2021-01-31,TransUnion,618,2,59
10977,13426,10977,2022-08-05,Equifax,685,5,
10978,6599,10978,2024-04-15,TransUnion,691,3,59
10979,9212,10979,2022-03-28,Equifax,705,0,71
10980,9153,10980,2021-06-24,TransUnion,746,4,39
10981,3149,10981,2020-02-18,TransUnion,723,5,26
10982,12023,10982,2020-11-22,Equifax,739,0,
10983,6574,10983,2020-06-01,Experian,663,1,23
10984,7638,10984,2020-12-17,Experian,587,4,71
10985,4609,10985,2024-02-14,Equifax,594,4,
10986,4911,10986,2022-11-11,Experian,717,2,
10987,8191,10987,2022-02-13,Equifax,614,1,
10988,1429,10988,2023-12-17,Experian,592,0,
10989,9586,10989,2023-11-09,Equifax,699,2,
10990,9054,10990,2023-05-08,Experian,606,2,49
10991,5872,10991,2024-03-12,Experian,648,0,3
10992,13721,10992,2024-02-04,Experian,707,1,
10993,876,10993,2020-07-12,Experian,699,1,
10994,7896,10994,2022-12-24,Equifax,710,0,
10995,2807,10995,2022-04-01,TransUnion,621,1,
10996,9077,10996,2020-12-20,TransUnion,672,4,
10997,11751,10997,2024-03-01,TransUnion,840,0,
10998,4532,10998,2023-03-23,Experian,674,1,
10999,14798,10999,2020-05-08,Experian,797,4,
11000,14003,11000,2020-04-14,Equifax,749,0,40
11001,8378,11001,2023-08-18,TransUnion,730,5,
11002,14165,11002,2020-06-19,Experian,702,1,30
11003,10556,11003,2022-08-03,TransUnion,669,2,
11004,13233,11004,2021-02-26,Equifax,660,2,
11005,2195,11005,2020-05-12,TransUnion,694,1,
11006,586,11006,2022-07-15,TransUnion,726,0,
11007,11957,11007,2023-08-27,TransUnion,695,5,13
11008,1262,11008,2020-07-25,TransUnion,690,1,
11009,14858,11009,2024-05-02,TransUnion,701,3,
11010,5453,11010,2021-11-01,Equifax,730,5,
11011,2226,11011,2023-03-26,Experian,764,1,35
11012,8925,11012,2021-12-10,Equifax,693,3,35
11013,1177,11013,2021-02-12,Equifax,744,2,
11014,10167,11014,2023-03-15,Equifax,664,4,21
11015,10573,11015,2023-03-21,Equifax,598,2,
11016,4418,11016,2024-03-29,TransUnion,813,2,
11017,11784,11017,2020-04-27,Experian,844,2,
11018,3322,11018,2024-04-16,TransUnion,712,0,41
11019,3404,11019,2020-11-11,Equifax,713,4,51
11020,7957,11020,2023-07-26,Experian,732,0,3
11021,2057,11021,2020-09-29,Equifax,808,2,
11022,8841,11022,2023-03-07,TransUnion,770,2,
11023,818,11023,2022-04-19,Experian,805,4,
11024,10159,11024,2021-01-15,Equifax,661,4,
11025,3669,11025,2024-03-24,Equifax,698,5,
11026,10730,11026,2023-02-11,TransUnion,660,3,12
11027,13860,11027,2020-07-28,TransUnion,712,5,5
11028,11550,11028,2023-01-09,TransUnion,737,0,
11029,7220,11029,2022-07-14,TransUnion,717,4,
11030,10665,11030,2024-02-14,Experian,669,0,62
11031,1442,11031,2020-07-17,TransUnion,712,0,
11032,4111,11032,2023-08-10,TransUnion,708,1,
11033,6902,11033,2021-06-14,Equifax,737,5,14
11034,3076,11034,2021-01-14,Experian,672,4,23
11035,6550,11035,2021-01-26,Equifax,738,0,54
11036,1183,11036,2023-03-23,Equifax,731,5,55
11037,4938,11037,2021-10-23,Experian,775,1,46
11038,13944,11038,2023-08-24,Equifax,821,1,28
11039,3736,11039,2022-10-08,Experian,673,2,
11040,3317,11040,2020-04-13,Experian,665,4,
11041,4156,11041,2024-04-30,TransUnion,784,5,
11042,3076,11042,2020-11-02,TransUnion,672,4,
11043,5191,11043,2020-03-20,Equifax,702,0,23
11044,13357,11044,2021-07-12,TransUnion,684,0,31
11045,8935,11045,2023-09-13,TransUnion,635,0,
11046,751,11046,2022-07-21,Equifax,689,3,27
11047,3574,11047,2021-02-09,TransUnion,727,1,37
11048,2779,11048,2022-08-21,TransUnion,706,4,29
11049,1431,11049,2021-11-23,Experian,689,5,
11050,2628,11050,2024-02-06,Equifax,668,4,26
11051,8561,11051,2022-10-03,Experian,708,3,
11052,789,11052,2022-04-29,TransUnion,671,2,
11053,4454,11053,2023-05-31,TransUnion,720,3,62
11054,11529,11054,2020-06-15,Equifax,691,4,
11055,5840,11055,2021-07-21,Experian,683,1,
11056,2980,11056,2020-08-06,TransUnion,618,2,
11057,8864,11057,2021-08-18,TransUnion,661,0,32
11058,812,11058,2021-01-31,Experian,682,2,
11059,343,11059,2023-05-29,Equifax,833,1,
11060,181,11060,2021-06-22,Equifax,792,0,
11061,9974,11061,2023-08-28,Equifax,749,1,
11062,586,11062,2022-08-09,Equifax,726,2,
11063,5537,11063,2021-08-15,Equifax,668,1,
11064,12642,11064,2020-08-27,Equifax,745,1,
11065,8493,11065,2023-04-27,Experian,655,5,
11066,6759,11066,2021-09-02,TransUnion,769,1,
11067,6162,11067,2021-06-09,Equifax,650,1,58
11068,11543,11068,2020-05-05,Experian,627,1,
11069,12375,11069,2024-02-21,Experian,730,3,
11070,5686,11070,2022-12-22,Equifax,709,4,18
11071,11425,11071,2020-11-03,Experian,697,3,
11072,1677,11072,2023-01-18,Equifax,731,1,13
11073,4166,11073,2020-11-18,Experian,614,2,
11074,7169,11074,2021-11-26,Experian,665,5,19
11075,9860,11075,2023-06-03,Equifax,682,3,57
11076,4377,11076,2022-03-28,Equifax,614,1,
11077,9351,11077,2024-01-25,Experian,697,2,44
11078,12806,11078,2023-09-14,Equifax,648,3,71
11079,11719,11079,2021-04-11,Equifax,706,1,
11080,671,11080,2020-04-26,Experian,812,1,
11081,6864,11081,2023-02-28,TransUnion,684,3,53
11082,7193,11082,2023-06-09,TransUnion,673,0,
11083,10728,11083,2022-07-17,Experian,649,5,18
11084,14379,11084,2023-04-26,TransUnion,612,1,
11085,637,11085,2021-03-20,Experian,754,0,
11086,13058,11086,2021-07-26,Experian,730,0,
11087,9652,11087,2023-12-25,Experian,722,4,
11088,5559,11088,2021-08-02,TransUnion,654,1,
11089,11766,11089,2020-04-09,Equifax,737,1,
11090,602,11090,2022-11-30,Experian,743,5,
11091,8118,11091,2020-09-24,Equifax,740,1,
11092,12013,11092,2023-04-26,Experian,601,5,
11093,9139,11093,2021-03-16,Experian,729,4,51
11094,7891,11094,2021-12-07,TransUnion,693,1,
11095,8672,11095,2022-02-25,Equifax,596,3,24
11096,5419,11096,2021-04-15,TransUnion,690,4,40
11097,1141,11097,2021-09-15,Experian,650,3,
11098,9101,11098,2020-06-15,TransUnion,749,5,3
11099,12813,11099,2022-11-30,Equifax,740,0,
11100,7793,11100,2021-11-08,Experian,666,2,25
11101,2994,11101,2021-05-05,TransUnion,838,3,
11102,11370,11102,2023-12-10,TransUnion,702,3,
11103,3342,11103,2022-08-23,Equifax,665,3,
11104,12928,11104,2021-09-25,TransUnion,674,5,
11105,10153,11105,2020-11-19,Equifax,684,5,
11106,11225,11106,2020-09-22,Equifax,676,2,
11107,13361,11107,2021-01-05,TransUnion,812,3,54
11108,6310,11108,2023-05-11,TransUnion,695,1,32
11109,13723,11109,2021-03-26,TransUnion,729,4,69
11110,2188,11110,2023-07-21,Experian,634,1,
11111,11222,11111,2022-08-26,Equifax,784,5,
11112,3399,11112,2020-02-16,TransUnion,588,5,41
11113,6147,11113,2022-03-30,Experian,747,2,
11114,13106,11114,2022-05-15,Equifax,645,5,43
11115,7639,11115,2021-12-17,TransUnion,705,5,
11116,380,11116,2021-06-21,Experian,709,4,71
11117,5846,11117,2020-07-31,Experian,706,3,
11118,10002,11118,2020-04-06,Experian,703,0,11
11119,8115,11119,2021-04-22,Experian,701,3,
11120,14031,11120,2020-03-23,Experian,668,3,36
11121,11092,11121,2021-05-28,TransUnion,850,3,62
11122,1635,11122,2023-07-30,TransUnion,658,4,
11123,8281,11123,2023-09-07,Equifax,663,3,
11124,7953,11124,2020-08-10,Equifax,650,1,
11125,14869,11125,2020-04-15,TransUnion,604,4,14
11126,11329,11126,2022-11-08,Experian,669,0,70
11127,3427,11127,2021-05-16,Equifax,668,1,
11128,12968,11128,2024-04-13,Equifax,581,4,34
11129,4690,11129,2020-06-16,TransUnion,737,3,
11130,11393,11130,2022-05-08,Equifax,749,5,
11131,9397,11131,2021-05-10,Experian,593,0,
11132,6236,11132,2021-01-26,TransUnion,764,3,
11133,9451,11133,2023-05-14,Equifax,819,1,
11134,9748,11134,2020-05-27,Equifax,724,1,28
11135,10603,11135,2023-01-03,TransUnion,648,2,39
11136,5682,11136,2021-04-08,Experian,688,3,14
11137,1653,11137,2023-09-21,TransUnion,745,2,
11138,3602,11138,2021-12-25,Experian,714,2,6
11139,14713,11139,2022-04-19,Experian,595,0,13
11140,2637,11140,2022-01-26,Experian,719,1,
11141,14818,11141,2020-11-29,Equifax,602,1,
11142,6827,11142,2020-09-10,Equifax,719,2,
11143,9369,11143,2020-05-28,Experian,638,5,
11144,11623,11144,2021-03-24,TransUnion,718,1,
11145,3552,11145,2023-12-21,Equifax,698,2,
11146,4140,11146,2021-09-20,Equifax,605,1,
11147,12490,11147,2020-11-05,Experian,687,4,
11148,5193,11148,2020-12-09,TransUnion,705,3,
11149,10417,11149,2020-07-15,Equifax,679,0,
11150,6434,11150,2023-12-17,Experian,705,0,
11151,3234,11151,2021-08-17,Experian,678,4,
11152,10466,11152,2023-03-21,TransUnion,817,0,37
11153,11987,11153,2020-07-14,Experian,815,4,
11154,14295,11154,2023-03-20,Equifax,647,5,
11155,14109,11155,2021-01-08,Equifax,637,1,
11156,14699,11156,2024-05-19,TransUnion,793,3,
11157,2378,11157,2024-04-27,Equifax,683,3,
11158,1965,11158,2021-08-13,Experian,699,0,
11159,3701,11159,2023-05-19,Experian,584,1,
11160,4045,11160,2024-05-01,Experian,709,3,56
11161,6567,11161,2022-01-21,Experian,724,3,
11162,11280,11162,2020-02-29,Equifax,787,4,
11163,1284,11163,2023-12-12,Equifax,700,5,67
11164,2742,11164,2021-03-02,TransUnion,691,2,45
11165,13868,11165,2024-03-11,TransUnion,702,2,70
11166,7648,11166,2024-03-07,Equifax,809,2,
11167,1835,11167,2023-04-22,TransUnion,798,1,
11168,2159,11168,2021-01-21,Equifax,736,5,41
11169,5196,11169,2021-07-25,Equifax,829,2,
11170,14393,11170,2020-10-31,Equifax,732,0,
11171,1306,11171,2022-06-28,Experian,604,2,
11172,3776,11172,2022-05-20,Experian,611,2,
11173,7843,11173,2021-05-09,Experian,691,1,
11174,7004,11174,2023-01-17,Experian,699,5,
11175,13778,11175,2021-02-06,Experian,683,4,
11176,5662,11176,2021-08-19,Experian,701,4,
11177,14159,11177,2020-10-19,TransUnion,657,1,24
11178,14210,11178,2024-02-26,Equifax,836,1,13
11179,13602,11179,2021-12-06,TransUnion,725,0,
11180,8591,11180,2023-05-08,Equifax,718,3,63
11181,11999,11181,2024-03-11,TransUnion,778,1,
11182,2513,11182,2022-12-08,Experian,651,5,
11183,6665,11183,2022-02-22,TransUnion,712,5,58
11184,14578,11184,2020-08-11,TransUnion,683,1,
11185,5431,11185,2020-05-13,Equifax,823,2,
11186,7511,11186,2024-02-22,Equifax,697,1,8
11187,11267,11187,2020-03-23,TransUnion,829,4,
11188,9751,11188,2024-03-02,Experian,686,4,34
11189,279,11189,2024-05-18,Equifax,721,3,
11190,10345,11190,2021-09-03,TransUnion,748,2,
11191,7195,11191,2023-10-23,Equifax,767,4,
11192,12168,11192,2023-05-31,Experian,739,0,
11193,11806,11193,2024-05-03,Equifax,793,4,
11194,729,11194,2020-04-19,Experian,704,3,
11195,11940,11195,2023-01-09,Equifax,818,0,31
11196,4080,11196,2023-08-25,TransUnion,677,2,
11197,6071,11197,2023-10-07,TransUnion,651,5,
11198,13337,11198,2023-04-29,Experian,717,0,
11199,2182,11199,2023-05-21,Experian,729,5,55
11200,4722,11200,2024-03-21,Experian,713,4,
11201,13472,11201,2021-03-15,TransUnion,688,5,
11202,13189,11202,2022-04-11,Experian,699,1,
11203,14916,11203,2020-01-30,Equifax,679,2,
11204,822,11204,2020-04-23,TransUnion,637,4,7
11205,13486,11205,2022-07-15,Equifax,726,5,
11206,9286,11206,2023-07-16,TransUnion,756,4,
11207,13082,11207,2023-02-13,Equifax,673,3,
11208,5535,11208,2022-12-30,Experian,670,0,
11209,11913,11209,2020-05-18,Experian,634,3,49
11210,911,11210,2023-01-29,Experian,617,4,15
11211,1996,11211,2020-07-22,TransUnion,708,2,
11212,14306,11212,2023-10-13,Equifax,678,3,
11213,10079,11213,2020-05-15,Equifax,704,5,
11214,5906,11214,2023-03-20,TransUnion,722,3,
11215,523,11215,2023-11-26,TransUnion,763,3,
11216,10062,11216,2023-06-11,Equifax,672,0,16
11217,508,11217,2023-07-29,TransUnion,715,5,50
11218,11658,11218,2021-08-28,TransUnion,600,1,
11219,1509,11219,2020-01-21,Experian,665,4,
11220,10803,11220,2020-03-13,TransUnion,831,0,
11221,4596,11221,2021-12-19,TransUnion,743,3,
11222,6588,11222,2021-10-09,Equifax,670,1,
11223,6175,11223,2021-06-23,TransUnion,662,0,
11224,13391,11224,2021-10-18,Equifax,693,5,49
11225,7298,11225,2023-05-21,Experian,665,1,10
11226,3450,11226,2020-02-25,Equifax,718,3,13
11227,7822,11227,2021-01-16,TransUnion,662,5,9
11228,10430,11228,2022-05-11,Equifax,741,0,
11229,12405,11229,2021-08-17,Experian,706,4,
11230,9953,11230,2020-02-04,Experian,843,1,
11231,3773,11231,2023-05-14,Equifax,772,1,
11232,11973,11232,2020-10-26,TransUnion,592,3,62
11233,3774,11233,2023-09-05,TransUnion,731,4,67
11234,114,11234,2022-06-10,Experian,703,1,
11235,10405,11235,2022-09-17,Equifax,645,5,
11236,3813,11236,2021-08-05,TransUnion,703,5,
11237,303,11237,2022-09-14,TransUnion,641,2,
11238,6046,11238,2020-05-06,Equifax,672,1,64
11239,257,11239,2021-10-11,Experian,644,2,
11240,10615,11240,2021-02-18,Equifax,638,2,
11241,14148,11241,2023-03-13,Experian,717,0,
11242,6535,11242,2024-02-06,Equifax,682,2,
11243,7736,11243,2023-07-12,Experian,824,4,
11244,4554,11244,2021-09-13,Equifax,611,5,
11245,10279,11245,2022-05-18,Equifax,602,3,
11246,8714,11246,2020-03-11,TransUnion,656,0,30
11247,8647,11247,2020-06-30,Equifax,751,2,
11248,4651,11248,2021-06-19,Experian,734,4,
11249,9859,11249,2022-10-10,Experian,707,1,
11250,10006,11250,2020-02-06,Experian,789,1,
11251,13356,11251,2023-03-10,Equifax,739,4,
11252,2454,11252,2021-08-22,Equifax,753,2,
11253,10154,11253,2024-03-13,Experian,686,2,
11254,9033,11254,2023-07-29,TransUnion,738,2,
11255,4233,11255,2021-05-10,Equifax,821,1,
11256,13204,11256,2021-05-25,Experian,748,4,13
11257,2785,11257,2023-07-25,Experian,647,3,
11258,2562,11258,2021-09-23,Experian,677,4,
11259,7291,11259,2022-10-12,TransUnion,773,5,
11260,11958,11260,2021-02-10,Equifax,585,4,50
11261,6035,11261,2022-12-22,TransUnion,711,4,39
11262,744,11262,2023-11-10,Experian,715,2,
11263,2053,11263,2021-10-08,TransUnion,842,5,
11264,9607,11264,2021-11-17,Equifax,630,2,
11265,6865,11265,2022-01-07,TransUnion,733,3,
11266,6149,11266,2024-05-01,TransUnion,822,1,66
11267,3953,11267,2022-04-16,Equifax,678,1,62
11268,12465,11268,2023-11-29,Equifax,701,4,12
11269,2641,11269,2020-08-10,Experian,650,1,
11270,3605,11270,2024-01-16,Equifax,737,5,18
11271,13516,11271,2020-03-03,TransUnion,817,2,29
11272,12095,11272,2023-06-12,Experian,618,5,
11273,3819,11273,2022-02-10,Equifax,601,1,
11274,8224,11274,2022-08-16,TransUnion,744,4,
11275,11666,11275,2022-03-14,TransUnion,708,4,7
11276,10655,11276,2020-06-20,TransUnion,716,5,8
11277,4310,11277,2020-03-19,TransUnion,772,4,50
11278,10125,11278,2020-10-28,Experian,700,3,34
11279,798,11279,2022-04-23,TransUnion,741,0,55
11280,10154,11280,2022-06-17,Equifax,686,1,
11281,2020,11281,2020-10-04,Experian,744,2,63
11282,7497,11282,2020-01-15,TransUnion,730,4,
11283,1782,11283,2021-11-08,TransUnion,796,3,
11284,6582,11284,2022-04-21,Equifax,649,3,
11285,10008,11285,2022-09-26,TransUnion,720,5,
11286,7354,11286,2020-06-06,Experian,580,0,
11287,12004,11287,2022-01-21,TransUnion,600,2,33
11288,13795,11288,2023-02-25,Experian,696,0,
11289,8650,11289,2020-10-07,TransUnion,712,4,
11290,781,11290,2024-05-12,TransUnion,780,2,65
11291,7867,11291,2022-07-19,Experian,735,5,21
11292,8005,11292,2023-12-02,Experian,738,1,
11293,2697,11293,2021-08-26,TransUnion,711,4,
11294,7299,11294,2021-05-31,Experian,729,0,48
11295,7881,11295,2020-10-14,Experian,703,5,18
11296,1152,11296,2024-01-26,TransUnion,823,1,58
11297,6052,11297,2020-02-14,TransUnion,733,5,
11298,10991,11298,2021-09-24,Experian,739,1,69
11299,6522,11299,2022-12-24,Experian,745,3,53
11300,13552,11300,2020-05-18,TransUnion,760,4,7
11301,8225,11301,2023-06-22,Equifax,664,4,3
11302,11558,11302,2022-04-12,Equifax,706,0,4
11303,11688,11303,2023-10-13,Equifax,716,1,
11304,6799,11304,2020-12-09,Experian,708,5,
11305,11874,11305,2021-06-21,Experian,780,3,
11306,8939,11306,2023-06-21,Experian,654,3,55
11307,3329,11307,2024-05-07,TransUnion,674,3,
11308,12764,11308,2023-02-09,Experian,719,2,
11309,1669,11309,2024-05-28,Experian,636,0,20
11310,805,11310,2023-06-28,TransUnion,596,4,
11311,14686,11311,2023-07-11,Experian,744,4,
11312,2413,11312,2020-07-29,TransUnion,713,4,
11313,14439,11313,2020-10-22,Equifax,744,1,
11314,1397,11314,2023-07-07,Equifax,786,3,30
11315,8773,11315,2023-07-17,Equifax,646,2,
11316,1717,11316,2020-08-25,Equifax,805,0,23
11317,2202,11317,2020-10-16,Experian,716,5,
11318,12168,11318,2022-12-10,Experian,739,1,19
11319,12358,11319,2021-10-27,Equifax,796,5,
11320,3941,11320,2024-05-22,Experian,652,4,
11321,13341,11321,2022-07-22,Experian,735,3,31
11322,12998,11322,2020-07-17,Equifax,617,4,33
11323,11042,11323,2020-01-25,Experian,700,4,
11324,7632,11324,2023-04-14,Equifax,693,4,24
11325,9723,11325,2021-09-28,TransUnion,677,1,
11326,4505,11326,2020-08-04,Equifax,644,3,
11327,3997,11327,2021-03-24,TransUnion,684,1,
11328,11810,11328,2024-04-05,TransUnion,728,4,
11329,10145,11329,2023-09-08,Experian,657,2,67
11330,11495,11330,2020-10-27,TransUnion,695,2,
11331,9508,11331,2020-08-18,TransUnion,800,0,
11332,13147,11332,2022-01-29,Equifax,643,5,8
11333,5292,11333,2023-12-10,Equifax,641,1,
11334,14806,11334,2022-08-24,TransUnion,722,5,
11335,383,11335,2022-02-07,TransUnion,728,1,
11336,11844,11336,2024-05-03,Equifax,686,2,
11337,3015,11337,2024-03-05,Equifax,678,2,
11338,14589,11338,2023-01-08,Experian,848,0,
11339,5148,11339,2022-04-16,TransUnion,676,5,56
11340,6227,11340,2023-04-20,Experian,724,0,
11341,11501,11341,2024-05-22,Equifax,644,1,
11342,13982,11342,2023-06-13,Equifax,739,2,
11343,9110,11343,2020-11-07,TransUnion,691,2,
11344,5854,11344,2021-06-28,TransUnion,665,5,45
11345,4794,11345,2024-02-26,Equifax,657,2,
11346,5291,11346,2021-10-02,Experian,733,2,
11347,11956,11347,2023-03-12,Experian,711,0,
11348,10061,11348,2022-06-21,TransUnion,732,4,
11349,9742,11349,2021-08-21,Experian,661,5,
11350,5162,11350,2022-12-06,Equifax,697,3,34
11351,7693,11351,2023-05-20,Experian,626,0,9
11352,12525,11352,2020-05-14,Equifax,648,2,
11353,8703,11353,2020-05-09,Experian,636,3,
11354,13931,11354,2020-08-12,TransUnion,708,2,56
11355,6484,11355,2022-09-12,Equifax,672,0,
11356,2306,11356,2021-09-05,Equifax,841,0,
11357,9652,11357,2023-04-08,TransUnion,722,5,37
11358,5335,11358,2021-09-20,Experian,702,3,56
11359,13282,11359,2024-05-31,Experian,601,0,52
11360,4943,11360,2023-05-29,Experian,603,0,
11361,4136,11361,2021-09-19,TransUnion,722,3,
11362,8312,11362,2023-11-02,Experian,651,0,
11363,4133,11363,2022-02-16,Equifax,720,3,
11364,14659,11364,2021-04-19,Experian,725,3,
11365,2943,11365,2021-03-07,Equifax,808,3,
11366,13961,11366,2020-12-07,Equifax,679,4,
11367,6819,11367,2022-01-12,Experian,744,5,
11368,1110,11368,2021-09-24,TransUnion,590,1,
11369,13419,11369,2023-05-13,Equifax,648,3,
11370,4570,11370,2023-09-15,Experian,693,0,
11371,9213,11371,2022-05-28,TransUnion,666,4,
11372,7603,11372,2020-02-24,Experian,737,5,
11373,7748,11373,2023-09-17,Experian,715,4,67
11374,1038,11374,2022-08-17,Equifax,662,0,27
11375,9375,11375,2020-09-09,TransUnion,724,3,4
11376,2334,11376,2022-12-05,TransUnion,704,2,
11377,8822,11377,2021-11-28,TransUnion,762,4,9
11378,3078,11378,2022-02-22,Equifax,719,0,
11379,8768,11379,2024-02-19,Equifax,748,3,
11380,13228,11380,2023-10-13,Experian,597,4,42
11381,4764,11381,2020-04-25,Equifax,649,3,56
11382,7254,11382,2021-06-22,Experian,765,3,48
11383,13427,11383,2023-05-27,Equifax,747,2,
11384,9995,11384,2022-02-20,TransUnion,722,5,
11385,12168,11385,2021-02-23,Equifax,739,4,
11386,13253,11386,2020-02-08,Equifax,707,2,6
11387,11153,11387,2021-04-10,Experian,686,1,
11388,11094,11388,2022-07-06,Equifax,596,4,
11389,13748,11389,2022-05-31,Equifax,592,5,54
11390,6650,11390,2021-06-20,TransUnion,580,3,
11391,10360,11391,2022-10-22,TransUnion,749,4,
11392,14504,11392,2021-02-26,Equifax,678,4,
11393,13119,11393,2021-04-22,TransUnion,689,1,
11394,1951,11394,2023-08-04,Experian,754,5,
11395,11183,11395,2020-07-29,Equifax,587,3,
11396,2200,11396,2020-06-01,TransUnion,784,3,
11397,6749,11397,2024-03-07,Experian,848,5,
11398,471,11398,2022-03-28,TransUnion,756,2,67
11399,1373,11399,2022-04-22,TransUnion,680,0,61
11400,4592,11400,2024-05-02,Experian,727,5,
11401,6699,11401,2022-02-28,Equifax,626,1,
11402,12270,11402,2020-07-23,TransUnion,633,4,
11403,11531,11403,2021-12-09,Equifax,710,0,
11404,14361,11404,2023-07-22,TransUnion,766,2,56
11405,4050,11405,2022-04-30,Experian,748,0,29
11406,3520,11406,2021-06-15,Experian,785,2,
11407,14709,11407,2023-05-03,TransUnion,751,0,
11408,4629,11408,2020-12-15,TransUnion,830,4,
11409,3956,11409,2023-05-21,TransUnion,731,2,70
11410,6359,11410,2023-12-11,Equifax,605,3,20
11411,9718,11411,2024-04-13,Experian,694,0,41
11412,2308,11412,2021-02-11,TransUnion,663,5,
11413,1368,11413,2023-04-15,TransUnion,738,2,
11414,1376,11414,2022-04-21,Equifax,631,3,70
11415,6759,11415,2023-03-21,TransUnion,769,5,
11416,11444,11416,2020-07-26,Experian,747,5,
11417,833,11417,2021-09-02,Equifax,848,0,41
11418,873,11418,2021-08-08,Equifax,627,4,
11419,14645,11419,2023-08-24,Equifax,739,1,14
11420,13020,11420,2024-02-28,Experian,721,4,
11421,5430,11421,2020-09-14,Experian,582,3,
11422,10212,11422,2020-02-15,Equifax,825,3,65
11423,9302,11423,2021-11-08,Equifax,727,4,
11424,5256,11424,2021-10-15,Experian,589,2,
11425,14613,11425,2024-01-12,Equifax,617,2,52
11426,12999,11426,2020-11-24,Experian,699,5,
11427,3698,11427,2021-11-30,Experian,700,3,55
11428,233,11428,2020-10-04,Equifax,707,4,61
11429,13327,11429,2022-12-01,TransUnion,796,1,9
11430,12043,11430,2021-01-30,Experian,672,2,
11431,4258,11431,2024-01-01,Experian,726,5,52
11432,14025,11432,2021-12-27,TransUnion,777,3,
11433,2825,11433,2022-12-20,Experian,716,0,
11434,10662,11434,2021-04-28,TransUnion,742,2,18
11435,9118,11435,2020-04-22,Experian,834,0,49
11436,10754,11436,2022-06-05,Experian,698,1,
11437,4228,11437,2020-02-11,Equifax,747,3,37
11438,11895,11438,2020-01-04,TransUnion,735,2,
11439,14344,11439,2023-05-22,Experian,674,2,
11440,8549,11440,2023-05-13,TransUnion,687,2,
11441,8400,11441,2024-02-10,TransUnion,705,1,24
11442,5401,11442,2021-05-25,Experian,724,5,
11443,5093,11443,2021-05-23,Experian,696,1,
11444,7450,11444,2020-12-13,Equifax,654,2,
11445,2026,11445,2022-06-20,Equifax,713,2,
11446,13350,11446,2023-03-02,Equifax,681,3,
11447,1520,11447,2020-12-06,TransUnion,714,0,
11448,2741,11448,2021-06-12,TransUnion,677,5,
11449,1677,11449,2020-06-03,Experian,731,2,
11450,7541,11450,2020-07-06,TransUnion,741,4,65
11451,2963,11451,2020-10-11,TransUnion,797,2,24
11452,8875,11452,2021-11-11,Equifax,694,4,32
11453,1653,11453,2021-06-05,TransUnion,745,1,
11454,10421,11454,2023-06-20,Equifax,701,5,32
11455,13479,11455,2023-05-13,TransUnion,740,4,
11456,6953,11456,2021-05-29,Experian,699,0,39
11457,5082,11457,2022-06-06,Equifax,630,2,
11458,2310,11458,2020-07-27,Experian,612,3,
11459,14136,11459,2020-02-11,Experian,699,4,
11460,3125,11460,2021-10-26,TransUnion,647,3,66
11461,14640,11461,2021-11-21,TransUnion,582,4,
11462,7370,11462,2021-08-19,Equifax,590,1,
11463,9330,11463,2023-06-05,TransUnion,824,1,
11464,6391,11464,2022-04-04,Equifax,676,5,3
11465,5024,11465,2021-02-14,Equifax,695,0,48
11466,5547,11466,2021-04-30,Experian,798,3,
11467,14020,11467,2020-10-26,TransUnion,747,1,8
11468,7555,11468,2022-01-19,Equifax,746,3,
11469,11534,11469,2020-05-24,Equifax,665,2,
11470,9449,11470,2023-06-08,Equifax,694,2,
11471,4626,11471,2022-02-04,Experian,660,0,50
11472,8589,11472,2021-10-27,Equifax,719,0,
11473,8361,11473,2022-09-21,Equifax,632,0,69
11474,13258,11474,2022-10-13,Experian,697,1,
11475,14237,11475,2021-12-20,TransUnion,713,3,
11476,9652,11476,2021-03-03,Experian,722,0,
11477,804,11477,2020-10-27,Experian,689,4,30
11478,9650,11478,2022-04-14,Equifax,740,0,8
11479,3839,11479,2024-05-27,Equifax,726,5,70
11480,131,11480,2020-10-03,Equifax,845,5,30
11481,3139,11481,2023-09-21,TransUnion,631,0,
11482,6211,11482,2024-04-15,Equifax,697,3,
11483,12790,11483,2021-12-04,Experian,588,0,
11484,1036,11484,2022-03-10,TransUnion,609,5,5
11485,7195,11485,2024-04-23,TransUnion,767,4,
11486,3225,11486,2020-06-03,Experian,618,4,
11487,6929,11487,2020-02-20,TransUnion,723,3,
11488,1282,11488,2022-11-18,Equifax,709,2,
11489,6588,11489,2020-02-17,TransUnion,670,0,29
11490,13528,11490,2021-02-18,Experian,604,1,39
11491,10907,11491,2022-04-02,Equifax,668,5,
11492,4616,11492,2020-05-29,TransUnion,842,2,
11493,10643,11493,2020-02-27,Experian,693,0,
11494,11042,11494,2021-08-29,TransUnion,700,4,
11495,12114,11495,2023-04-05,Experian,728,4,
11496,9518,11496,2020-04-03,Equifax,646,3,53
11497,942,11497,2020-02-07,TransUnion,720,3,
11498,11308,11498,2023-02-14,Experian,736,2,
11499,14607,11499,2021-01-31,Experian,737,0,
11500,8021,11500,2021-09-17,Experian,619,2,36
11501,11360,11501,2021-11-13,Equifax,693,0,42
11502,11268,11502,2022-04-10,Equifax,659,4,38
11503,990,11503,2023-06-07,TransUnion,586,0,
11504,11348,11504,2020-04-06,Experian,738,1,60
11505,4714,11505,2022-12-29,TransUnion,664,0,
11506,6885,11506,2023-11-18,TransUnion,721,5,
11507,9557,11507,2020-02-14,TransUnion,682,5,53
11508,11396,11508,2021-06-30,Experian,637,2,
11509,13005,11509,2023-12-26,Experian,743,0,31
11510,6849,11510,2020-02-23,TransUnion,767,5,62
11511,6570,11511,2022-10-07,TransUnion,795,3,
11512,11055,11512,2024-01-22,Equifax,799,5,68
11513,6053,11513,2023-11-15,Equifax,723,4,
11514,6935,11514,2020-07-26,TransUnion,592,0,
11515,545,11515,2022-06-26,Equifax,721,0,
11516,1771,11516,2022-06-30,Equifax,646,5,
11517,5520,11517,2020-05-17,Equifax,798,1,
11518,10605,11518,2021-07-18,Equifax,638,3,
11519,9365,11519,2020-02-11,Experian,694,0,
11520,4535,11520,2020-09-09,Experian,714,0,
11521,3361,11521,2021-05-17,TransUnion,703,5,
11522,12540,11522,2023-09-29,Experian,771,0,
11523,3478,11523,2020-08-31,Equifax,589,3,32
11524,13292,11524,2021-04-03,Experian,820,5,16
11525,409,11525,2023-01-24,TransUnion,608,1,42
11526,3316,11526,2023-08-25,TransUnion,766,5,
11527,11943,11527,2023-12-25,Experian,684,0,
11528,9521,11528,2020-02-28,TransUnion,796,0,
11529,4269,11529,2021-08-04,Equifax,672,4,
11530,9242,11530,2020-07-21,TransUnion,706,5,
11531,9897,11531,2020-02-29,Equifax,698,2,
11532,5077,11532,2022-10-26,TransUnion,595,0,
11533,5513,11533,2023-02-02,Equifax,706,0,
11534,12031,11534,2021-11-13,TransUnion,736,4,
11535,426,11535,2020-07-15,Experian,658,0,39
11536,6556,11536,2023-02-10,Experian,734,2,
11537,8572,11537,2022-02-16,Experian,817,4,
11538,77,11538,2023-02-11,Experian,826,1,
11539,6017,11539,2020-11-08,Equifax,817,2,
11540,10427,11540,2021-02-08,TransUnion,700,5,11
11541,583,11541,2020-02-07,Experian,666,5,11
11542,1388,11542,2021-06-04,Experian,749,0,36
11543,4501,11543,2020-03-24,Equifax,665,1,16
11544,13661,11544,2020-09-27,TransUnion,753,4,
11545,2468,11545,2021-08-07,TransUnion,708,0,
11546,12557,11546,2024-05-26,Equifax,740,3,
11547,306,11547,2024-05-16,Equifax,598,0,43
11548,3515,11548,2020-03-06,TransUnion,836,4,
11549,6213,11549,2020-10-04,Experian,710,5,
11550,6798,11550,2022-02-09,TransUnion,740,4,
11551,10643,11551,2022-10-04,Experian,693,4,67
11552,11455,11552,2022-11-28,TransUnion,695,5,
11553,12768,11553,2023-11-01,Equifax,771,1,
11554,4779,11554,2022-02-22,TransUnion,723,1,64
11555,14042,11555,2022-05-19,Experian,626,2,68
11556,11543,11556,2021-02-28,Experian,627,0,38
11557,4159,11557,2020-07-07,TransUnion,604,0,
11558,3872,11558,2021-12-31,TransUnion,620,1,38
11559,2198,11559,2020-11-16,Equifax,687,5,
11560,13064,11560,2022-01-25,Equifax,706,0,
11561,14466,11561,2023-05-25,Equifax,679,3,36
11562,3404,11562,2021-11-30,TransUnion,713,4,42
11563,7102,11563,2021-09-16,TransUnion,718,2,
11564,9140,11564,2021-07-31,Experian,668,5,
11565,14064,11565,2023-10-02,Equifax,625,3,55
11566,12864,11566,2023-04-19,Experian,692,4,
11567,10226,11567,2022-09-09,Equifax,718,2,
11568,13983,11568,2020-07-17,Equifax,590,3,22
11569,4667,11569,2024-01-17,TransUnion,633,2,31
11570,8446,11570,2021-04-06,TransUnion,634,4,42
11571,10277,11571,2024-04-06,Experian,805,0,
11572,13747,11572,2023-09-02,Equifax,724,5,
11573,5572,11573,2023-04-11,Experian,634,3,
11574,14335,11574,2022-08-18,Experian,707,4,
11575,9752,11575,2023-11-16,Equifax,807,3,
11576,6288,11576,2020-07-01,Equifax,731,1,
11577,3143,11577,2022-05-30,Experian,703,4,54
11578,7737,11578,2022-05-01,TransUnion,733,4,
11579,8483,11579,2021-09-03,TransUnion,837,5,5
11580,123,11580,2022-01-11,Experian,663,3,
11581,4998,11581,2021-10-11,Equifax,747,3,
11582,6689,11582,2021-04-03,Equifax,727,3,32
11583,7741,11583,2021-11-15,Equifax,717,2,
11584,2104,11584,2021-07-20,Equifax,689,4,
11585,296,11585,2022-03-23,TransUnion,733,4,
11586,5889,11586,2023-08-29,Experian,718,5,44
11587,2323,11587,2020-09-11,TransUnion,697,3,
11588,11840,11588,2020-12-01,TransUnion,706,0,
11589,3887,11589,2023-07-06,TransUnion,673,2,
11590,6853,11590,2024-05-18,Equifax,713,2,
11591,6641,11591,2022-09-07,Experian,631,0,
11592,14155,11592,2023-10-27,Equifax,717,2,
11593,7717,11593,2021-11-19,Experian,658,2,50
11594,9916,11594,2021-03-29,TransUnion,721,3,20
11595,8309,11595,2023-02-18,Equifax,731,5,31
11596,3085,11596,2023-01-08,Equifax,604,3,14
11597,7263,11597,2022-12-30,Equifax,720,5,
11598,6970,11598,2024-03-21,Equifax,725,3,34
11599,3328,11599,2023-05-31,TransUnion,716,4,
11600,2090,11600,2024-01-23,TransUnion,715,5,54
11601,8391,11601,2023-12-08,TransUnion,695,5,22
11602,13412,11602,2021-10-09,Equifax,688,2,
11603,10376,11603,2024-01-13,TransUnion,690,4,
11604,12530,11604,2022-11-12,TransUnion,609,0,
11605,13141,11605,2022-05-24,Equifax,832,3,
11606,2787,11606,2022-02-16,Experian,823,3,
11607,14960,11607,2023-08-04,Experian,720,2,28
11608,3785,11608,2022-12-03,Experian,683,5,
11609,6217,11609,2024-05-15,Experian,738,5,22
11610,8954,11610,2022-12-23,Equifax,736,2,
11611,4148,11611,2020-10-23,Experian,694,1,
11612,6145,11612,2022-04-16,Equifax,785,2,
11613,8908,11613,2021-01-16,Experian,710,3,
11614,4830,11614,2021-01-31,TransUnion,762,0,
11615,9529,11615,2021-03-18,Experian,720,2,
11616,7687,11616,2024-04-25,TransUnion,607,3,
11617,6162,11617,2020-01-19,TransUnion,650,3,14
11618,6968,11618,2022-03-15,Experian,745,0,
11619,6739,11619,2021-02-08,Experian,693,2,
11620,5553,11620,2020-12-21,TransUnion,694,4,
11621,4486,11621,2021-11-07,Experian,829,2,5
11622,6355,11622,2020-11-16,TransUnion,816,4,8
11623,2990,11623,2022-02-19,TransUnion,664,3,
11624,7856,11624,2024-04-25,TransUnion,732,4,
11625,8118,11625,2024-05-23,Equifax,740,4,45
11626,8012,11626,2023-09-20,Equifax,844,1,
11627,1009,11627,2020-08-18,Equifax,660,5,
11628,7830,11628,2020-09-20,Experian,652,3,
11629,14867,11629,2020-02-21,Experian,673,1,
11630,10675,11630,2022-12-04,TransUnion,617,5,
11631,12698,11631,2023-12-12,TransUnion,743,1,57
11632,166,11632,2020-09-02,TransUnion,781,0,58
11633,7480,11633,2022-07-07,Experian,757,2,
11634,430,11634,2022-10-24,TransUnion,726,5,
11635,582,11635,2022-10-21,Equifax,683,2,
11636,2872,11636,2020-03-23,TransUnion,742,3,
11637,9823,11637,2020-10-28,TransUnion,800,4,58
11638,2707,11638,2020-02-03,Equifax,584,1,48
11639,630,11639,2022-02-19,Experian,657,2,30
11640,4786,11640,2020-12-03,TransUnion,691,1,
11641,4722,11641,2020-06-04,TransUnion,713,3,
11642,3206,11642,2021-01-15,Experian,719,4,25
11643,2977,11643,2020-01-16,Equifax,701,4,
11644,9786,11644,2022-12-08,Equifax,702,4,
11645,3073,11645,2020-09-12,TransUnion,682,3,10
11646,1355,11646,2020-09-04,Experian,700,5,
11647,10719,11647,2024-03-16,Equifax,710,2,
11648,561,11648,2021-12-17,Experian,751,4,
11649,5812,11649,2022-06-20,TransUnion,717,1,
11650,11121,11650,2020-08-09,Experian,745,2,18
11651,12846,11651,2022-01-15,TransUnion,699,2,
11652,3528,11652,2024-05-01,Experian,765,0,31
11653,11661,11653,2021-04-25,Experian,593,5,49
11654,5238,11654,2023-09-20,TransUnion,669,2,47
11655,14977,11655,2020-05-31,TransUnion,742,3,
11656,7637,11656,2023-06-09,TransUnion,830,4,9
11657,8672,11657,2023-07-09,Equifax,596,2,
11658,2055,11658,2022-07-11,TransUnion,656,4,
11659,8441,11659,2021-09-20,TransUnion,619,2,45
11660,9911,11660,2020-04-06,TransUnion,620,3,57
11661,12982,11661,2023-12-06,TransUnion,721,4,32
11662,9629,11662,2023-05-24,Experian,714,4,
11663,4707,11663,2024-02-12,Equifax,603,5,68
11664,3932,11664,2021-02-22,Equifax,673,1,
11665,1980,11665,2021-04-07,Equifax,756,1,34
11666,2477,11666,2022-06-22,Experian,703,4,
11667,8511,11667,2023-02-20,TransUnion,632,0,
11668,11262,11668,2024-03-01,Equifax,743,2,16
11669,3752,11669,2020-11-13,TransUnion,694,2,51
11670,11498,11670,2024-03-24,Equifax,737,0,
11671,5278,11671,2021-03-27,Equifax,684,1,
11672,1703,11672,2023-07-21,Equifax,693,1,56
11673,13088,11673,2023-02-18,Experian,712,4,
11674,3497,11674,2024-03-19,TransUnion,735,0,
11675,11483,11675,2022-09-13,Experian,594,2,
11676,1342,11676,2023-08-05,Equifax,649,0,
11677,8455,11677,2022-11-03,Equifax,745,3,
11678,11563,11678,2021-06-23,Equifax,775,5,
11679,2350,11679,2021-11-02,Experian,728,0,
11680,2330,11680,2020-03-07,TransUnion,585,1,
11681,13225,11681,2021-06-14,Equifax,720,2,28
11682,5286,11682,2021-04-16,Experian,712,1,
11683,5583,11683,2023-09-06,Experian,611,1,
11684,11208,11684,2020-03-24,Equifax,596,2,12
11685,9893,11685,2021-10-09,Equifax,582,5,70
11686,4762,11686,2020-09-26,Equifax,591,3,
11687,2951,11687,2022-12-05,Equifax,664,1,
11688,2582,11688,2022-07-22,TransUnion,718,5,
11689,13441,11689,2023-06-18,Equifax,633,0,
11690,2772,11690,2022-01-20,Experian,839,0,55
11691,14837,11691,2023-05-26,Equifax,625,0,
11692,2002,11692,2022-08-30,Equifax,838,4,32
11693,9362,11693,2021-12-08,Experian,712,3,
11694,2846,11694,2022-07-06,TransUnion,805,1,43
11695,11413,11695,2020-06-07,TransUnion,701,1,52
11696,6824,11696,2021-11-11,TransUnion,707,3,
11697,4462,11697,2021-11-17,Equifax,651,4,
11698,1095,11698,2023-08-16,TransUnion,783,3,46
11699,3441,11699,2021-08-15,Experian,741,0,
11700,10655,11700,2024-04-27,Equifax,716,3,
11701,6815,11701,2021-10-17,TransUnion,684,2,
11702,14869,11702,2024-05-25,Equifax,604,2,
11703,8251,11703,2024-01-11,Equifax,644,1,71
11704,2922,11704,2020-12-15,Experian,721,0,12
11705,1966,11705,2024-03-10,Equifax,607,1,
11706,2535,11706,2023-08-09,Experian,782,5,62
11707,3385,11707,2023-04-27,Equifax,754,3,
11708,1801,11708,2021-09-14,TransUnion,822,4,
11709,13629,11709,2020-10-24,Experian,689,4,
11710,4519,11710,2021-04-12,Equifax,584,0,
11711,5211,11711,2023-10-09,Experian,584,4,
11712,9253,11712,2023-12-04,Equifax,698,2,
11713,297,11713,2022-11-11,TransUnion,743,2,
11714,14412,11714,2022-03-19,Experian,673,5,
11715,149,11715,2023-10-13,Equifax,734,2,
11716,2895,11716,2020-08-05,TransUnion,767,1,
11717,5573,11717,2023-08-29,TransUnion,704,1,
11718,1156,11718,2023-11-19,TransUnion,734,2,11
11719,5885,11719,2020-06-01,Equifax,726,3,
11720,9524,11720,2022-03-20,Equifax,717,5,
11721,12126,11721,2021-06-30,Equifax,803,5,
11722,6123,11722,2020-01-24,Equifax,748,5,
11723,7270,11723,2021-08-18,Equifax,743,3,
11724,8591,11724,2022-09-02,TransUnion,718,3,
11725,8719,11725,2023-07-03,Equifax,735,4,
11726,1695,11726,2023-08-15,Experian,678,1,
11727,4579,11727,2023-11-02,TransUnion,692,1,
11728,3994,11728,2020-04-12,Experian,822,0,
11729,4403,11729,2022-06-16,TransUnion,797,5,
11730,9131,11730,2022-02-02,Experian,600,4,
11731,1185,11731,2021-11-09,Equifax,709,0,
11732,13249,11732,2024-03-08,Experian,684,1,
11733,50,11733,2020-11-10,Equifax,752,2,41
11734,10574,11734,2021-01-28,Equifax,698,5,
11735,10898,11735,2024-04-30,TransUnion,750,1,66
11736,13983,11736,2021-05-04,TransUnion,590,5,
11737,9538,11737,2023-08-02,Experian,640,4,
11738,1527,11738,2021-07-15,TransUnion,699,4,
11739,12019,11739,2020-02-23,Equifax,594,3,22
11740,5205,11740,2021-09-25,TransUnion,796,5,
11741,1526,11741,2021-04-07,TransUnion,701,5,
11742,4406,11742,2023-04-27,Equifax,581,2,43
11743,8539,11743,2023-06-16,Equifax,830,3,21
11744,6507,11744,2023-05-30,Experian,796,0,39
11745,11651,11745,2020-01-14,TransUnion,716,1,
11746,10065,11746,2023-09-15,TransUnion,657,1,
11747,3968,11747,2021-06-29,Equifax,675,4,
11748,2837,11748,2022-11-23,TransUnion,746,2,
11749,7356,11749,2022-07-04,TransUnion,717,4,67
11750,13952,11750,2020-03-16,Equifax,834,2,
11751,5984,11751,2023-06-05,TransUnion,683,1,52
11752,14734,11752,2022-01-01,TransUnion,611,5,
11753,6688,11753,2022-08-02,TransUnion,736,5,5
11754,4618,11754,2023-02-07,Experian,696,2,
11755,528,11755,2022-02-23,Experian,585,4,14
11756,1040,11756,2023-07-12,Experian,719,1,
11757,12428,11757,2021-05-13,Equifax,737,5,
11758,14901,11758,2022-09-01,Equifax,834,3,
11759,4024,11759,2022-12-31,TransUnion,663,3,
11760,12246,11760,2021-12-17,Experian,738,5,
11761,12011,11761,2022-09-12,TransUnion,624,5,
11762,3526,11762,2023-05-02,TransUnion,744,0,
11763,13411,11763,2021-08-28,TransUnion,678,0,
11764,5757,11764,2023-04-23,Experian,695,4,
11765,3752,11765,2023-07-20,Equifax,694,2,59
11766,1151,11766,2022-07-17,Experian,768,4,35
11767,8896,11767,2022-12-21,Experian,725,3,
11768,2248,11768,2020-02-25,TransUnion,723,1,
11769,4884,11769,2023-06-23,Equifax,618,1,
11770,11142,11770,2021-12-17,Equifax,826,4,34
11771,9623,11771,2020-06-26,Experian,728,0,
11772,4370,11772,2023-12-02,Experian,668,0,30
11773,3693,11773,2022-06-12,Equifax,786,4,
11774,10529,11774,2021-09-06,TransUnion,733,5,57
11775,14207,11775,2020-12-12,Experian,841,3,
11776,1638,11776,2020-09-18,Experian,747,3,
11777,9072,11777,2021-12-07,TransUnion,733,4,
11778,3177,11778,2020-09-01,TransUnion,741,2,
11779,11139,11779,2022-09-30,TransUnion,678,4,
11780,7732,11780,2023-09-25,Equifax,773,5,
11781,2730,11781,2022-11-29,Experian,646,5,
11782,10216,11782,2021-10-22,TransUnion,755,0,
11783,11870,11783,2021-01-11,Equifax,690,3,
11784,11073,11784,2022-07-10,Equifax,656,2,
11785,5886,11785,2020-12-03,Experian,605,0,7
11786,7913,11786,2022-10-18,TransUnion,830,3,
11787,5471,11787,2024-02-21,Experian,667,5,57
11788,610,11788,2022-07-14,TransUnion,715,1,
11789,3928,11789,2022-07-18,Equifax,749,1,
11790,11246,11790,2021-03-07,Equifax,748,3,
11791,10019,11791,2023-09-24,Equifax,760,0,
11792,2334,11792,2023-09-04,TransUnion,704,4,
11793,7028,11793,2020-03-10,Experian,724,2,58
11794,11622,11794,2021-05-16,Experian,685,2,
11795,10655,11795,2023-11-27,TransUnion,716,3,
11796,1118,11796,2020-06-03,Experian,725,5,5
11797,10818,11797,2022-06-01,Experian,747,5,
11798,2772,11798,2024-02-12,Experian,839,3,
11799,7481,11799,2024-03-15,Equifax,794,1,
11800,12399,11800,2020-08-24,Equifax,742,5,
11801,14365,11801,2022-05-09,Equifax,715,0,
11802,8187,11802,2022-07-17,Experian,839,2,26
11803,5957,11803,2020-03-11,Experian,740,2,
11804,5076,11804,2021-03-07,Experian,736,2,38
11805,2365,11805,2022-04-03,Experian,731,3,
11806,2075,11806,2022-12-02,Experian,784,5,64
11807,10216,11807,2021-07-21,Equifax,755,0,13
11808,13312,11808,2023-04-09,Equifax,713,3,58
11809,8426,11809,2020-11-29,Equifax,822,2,
11810,5366,11810,2023-03-27,Experian,700,1,
11811,2925,11811,2023-11-08,Equifax,701,2,
11812,6004,11812,2020-11-17,Equifax,699,1,
11813,11469,11813,2022-11-24,Equifax,741,3,
11814,13601,11814,2020-06-13,Experian,704,5,20
11815,4334,11815,2023-04-01,Experian,779,2,
11816,5817,11816,2024-05-09,Equifax,682,3,58
11817,1778,11817,2023-03-05,Equifax,659,1,44
11818,10364,11818,2021-01-29,TransUnion,661,3,32
11819,3069,11819,2023-07-27,Equifax,728,3,23
11820,3320,11820,2020-04-30,Equifax,694,0,
11821,6035,11821,2022-08-15,TransUnion,711,0,71
11822,2818,11822,2020-02-13,TransUnion,726,4,
11823,10418,11823,2020-10-02,TransUnion,741,4,57
11824,3011,11824,2024-03-14,TransUnion,587,5,32
11825,13174,11825,2024-05-28,Equifax,680,3,
11826,3537,11826,2023-06-26,TransUnion,692,5,
11827,2078,11827,2023-09-24,Equifax,719,3,18
11828,8240,11828,2023-08-13,Experian,660,0,
11829,461,11829,2023-09-06,Experian,745,2,
11830,14687,11830,2023-10-23,TransUnion,665,3,20
11831,3166,11831,2023-04-20,TransUnion,642,5,21
11832,12701,11832,2023-07-02,Experian,590,4,
11833,2639,11833,2023-11-01,Equifax,714,1,
11834,1572,11834,2020-07-08,TransUnion,644,3,46
11835,4265,11835,2020-11-22,Equifax,667,5,13
11836,3172,11836,2021-09-12,TransUnion,733,1,68
11837,3841,11837,2022-04-05,Equifax,724,0,
11838,8749,11838,2023-02-26,Equifax,693,0,
11839,9766,11839,2024-01-19,Experian,681,4,8
11840,176,11840,2020-01-02,Experian,686,1,
11841,6110,11841,2021-08-15,Equifax,701,0,
11842,8610,11842,2024-04-16,Equifax,727,4,33
11843,127,11843,2023-09-28,Equifax,745,3,
11844,10328,11844,2020-10-17,Experian,601,2,
11845,9119,11845,2021-12-07,TransUnion,761,1,71
11846,5395,11846,2023-07-02,TransUnion,624,2,
11847,13434,11847,2020-02-06,Equifax,839,3,
11848,3783,11848,2023-04-29,Equifax,684,4,69
11849,1609,11849,2022-10-16,Experian,590,1,
11850,9220,11850,2024-05-19,TransUnion,710,2,
11851,12882,11851,2023-06-14,Experian,719,2,61
11852,6906,11852,2023-04-17,TransUnion,738,0,
11853,2921,11853,2021-05-24,Equifax,614,2,
11854,3607,11854,2021-06-01,Experian,821,1,33
11855,815,11855,2020-03-20,Equifax,660,3,
11856,11221,11856,2022-04-14,TransUnion,754,1,34
11857,3198,11857,2021-04-12,TransUnion,594,3,
11858,6992,11858,2020-01-12,Equifax,593,5,
11859,1274,11859,2023-12-14,Experian,636,2,
11860,6075,11860,2022-10-04,Equifax,689,5,64
11861,12563,11861,2023-08-19,Equifax,744,0,44
11862,3521,11862,2022-12-01,Experian,630,3,
11863,3851,11863,2022-11-11,TransUnion,667,5,11
11864,5983,11864,2021-05-24,TransUnion,729,2,65
11865,11961,11865,2022-09-14,Equifax,697,3,42
11866,11514,11866,2020-09-30,Experian,608,4,
11867,2453,11867,2020-07-07,Equifax,717,4,
11868,6149,11868,2021-06-03,TransUnion,822,5,20
11869,7097,11869,2021-12-22,Experian,684,5,
11870,13682,11870,2021-01-27,Experian,657,5,
11871,8255,11871,2022-02-07,Equifax,587,2,54
11872,14937,11872,2020-03-03,Experian,680,0,8
11873,10606,11873,2021-09-21,Experian,634,5,
11874,14273,11874,2021-01-12,Equifax,740,0,6
11875,2834,11875,2022-09-19,Equifax,745,5,
11876,6928,11876,2021-03-14,Equifax,841,0,
11877,11175,11877,2023-02-07,Equifax,595,2,
11878,10858,11878,2020-11-09,Equifax,785,4,54
11879,10540,11879,2020-03-17,Experian,656,3,
11880,7736,11880,2020-04-20,Experian,824,2,30
11881,8953,11881,2021-03-06,Experian,678,3,
11882,11046,11882,2021-04-08,TransUnion,696,3,44
11883,10705,11883,2021-11-12,TransUnion,729,1,
11884,7386,11884,2023-10-02,Experian,650,2,
11885,3859,11885,2020-03-23,TransUnion,836,1,22
11886,8201,11886,2024-02-19,Equifax,775,2,40
11887,14017,11887,2023-02-16,TransUnion,688,4,23
11888,14998,11888,2023-02-22,TransUnion,584,4,
11889,14141,11889,2023-03-11,Equifax,682,4,
11890,10113,11890,2020-02-26,Experian,605,1,
11891,1379,11891,2022-10-24,Equifax,699,5,14
11892,13081,11892,2023-12-05,TransUnion,743,4,
11893,7357,11893,2021-07-18,TransUnion,644,3,41
11894,10621,11894,2022-05-12,Equifax,681,3,
11895,357,11895,2023-02-16,Experian,681,4,31
11896,7852,11896,2022-06-24,Equifax,651,0,
11897,8485,11897,2022-11-10,Equifax,682,4,
11898,14101,11898,2020-01-28,Experian,619,1,19
11899,3332,11899,2022-05-02,Equifax,679,3,49
11900,709,11900,2021-08-14,Experian,697,2,11
11901,5510,11901,2020-08-09,Experian,748,0,
11902,1650,11902,2024-01-25,Experian,790,1,44
11903,13484,11903,2020-03-10,Equifax,741,3,63
11904,12071,11904,2020-04-11,TransUnion,765,4,19
11905,1259,11905,2021-03-06,Experian,792,4,14
11906,5425,11906,2020-05-19,Equifax,637,2,9
11907,503,11907,2023-07-21,TransUnion,689,0,47
11908,5290,11908,2022-06-14,Equifax,744,3,
11909,2708,11909,2023-06-15,TransUnion,807,1,
11910,10573,11910,2020-12-13,TransUnion,598,5,
11911,1627,11911,2023-07-06,TransUnion,715,1,
11912,7804,11912,2022-06-23,Experian,678,5,52
11913,11665,11913,2022-03-02,Experian,830,5,
11914,10556,11914,2024-02-22,Equifax,669,4,62
11915,9248,11915,2022-09-16,Experian,686,5,3
11916,1645,11916,2022-08-27,Equifax,747,5,
11917,14927,11917,2021-11-29,TransUnion,756,3,50
11918,4388,11918,2020-06-14,Experian,807,0,
11919,11479,11919,2022-01-10,Equifax,826,0,
11920,2640,11920,2021-01-09,Equifax,666,0,21
11921,5054,11921,2023-11-08,Experian,581,1,
11922,8054,11922,2024-04-09,TransUnion,623,3,
11923,5264,11923,2021-06-14,TransUnion,718,2,
11924,5902,11924,2022-10-17,TransUnion,642,1,
11925,14028,11925,2022-06-24,Experian,837,1,
11926,12768,11926,2023-01-07,Experian,771,0,
11927,11134,11927,2023-08-24,TransUnion,803,1,53
11928,14226,11928,2021-05-27,Experian,657,0,6
11929,12611,11929,2022-03-04,Experian,723,1,
11930,11252,11930,2022-05-20,Experian,831,2,18
11931,14527,11931,2023-11-03,TransUnion,691,0,
11932,4309,11932,2021-05-08,TransUnion,727,3,
11933,10730,11933,2021-03-28,Equifax,660,0,20
11934,13513,11934,2022-03-24,Experian,777,2,
11935,1658,11935,2023-02-13,TransUnion,732,5,53
11936,14675,11936,2022-04-13,TransUnion,655,0,
11937,11523,11937,2022-07-16,TransUnion,843,1,
11938,5809,11938,2021-10-09,Experian,768,0,
11939,7933,11939,2022-05-07,Experian,650,4,
11940,294,11940,2023-02-11,Experian,747,2,
11941,6516,11941,2023-04-03,Experian,671,5,62
11942,14536,11942,2022-05-31,Experian,669,2,
11943,11324,11943,2021-03-16,Experian,709,4,
11944,2264,11944,2023-11-26,TransUnion,667,0,43
11945,9894,11945,2020-11-24,TransUnion,712,5,
11946,3263,11946,2023-01-09,TransUnion,706,0,
11947,7107,11947,2023-05-05,Experian,672,5,
11948,5335,11948,2022-09-17,Equifax,702,0,58
11949,13101,11949,2022-03-04,Equifax,796,4,
11950,4488,11950,2020-12-28,TransUnion,709,1,39
11951,12365,11951,2023-09-24,Equifax,621,0,
11952,6674,11952,2020-07-23,TransUnion,597,0,10
11953,2889,11953,2020-11-30,Experian,806,5,
11954,8948,11954,2020-12-02,Experian,722,0,
11955,8310,11955,2023-02-17,Experian,718,4,
11956,3141,11956,2023-01-11,Experian,727,1,
11957,4900,11957,2023-02-01,TransUnion,672,0,44
11958,6841,11958,2023-12-11,TransUnion,772,3,
11959,2747,11959,2024-02-04,Equifax,843,5,51
11960,4818,11960,2022-06-10,Equifax,729,4,37
11961,373,11961,2021-12-22,Equifax,665,5,
11962,1568,11962,2021-10-08,Experian,744,3,9
11963,9672,11963,2022-05-16,Experian,707,0,
11964,226,11964,2024-03-20,Equifax,676,0,
11965,11132,11965,2022-02-03,Equifax,616,5,
11966,2409,11966,2023-04-20,Equifax,698,2,
11967,14078,11967,2021-10-24,TransUnion,820,2,31
11968,574,11968,2022-07-19,Equifax,730,3,
11969,14534,11969,2023-04-18,Experian,793,3,66
11970,685,11970,2021-05-22,Experian,730,4,3
11971,968,11971,2023-11-29,Experian,723,0,
11972,11973,11972,2021-09-15,Equifax,592,3,
11973,3059,11973,2021-07-28,TransUnion,638,1,
11974,7004,11974,2022-02-04,Equifax,699,0,37
11975,11174,11975,2020-04-14,Equifax,691,5,38
11976,289,11976,2022-05-09,Equifax,668,5,
11977,4871,11977,2023-02-23,TransUnion,606,1,69
11978,13380,11978,2024-01-09,Experian,671,0,
11979,3348,11979,2024-04-21,Equifax,745,4,
11980,13830,11980,2022-10-25,Experian,739,3,
11981,4808,11981,2021-11-25,TransUnion,685,5,
11982,9444,11982,2022-12-24,TransUnion,741,4,
11983,3861,11983,2023-12-22,TransUnion,635,4,42
11984,12022,11984,2022-06-21,Experian,696,0,
11985,11251,11985,2021-10-19,TransUnion,679,2,
11986,9514,11986,2023-03-13,TransUnion,800,5,
11987,12043,11987,2022-10-04,Equifax,672,1,
11988,6367,11988,2021-07-15,Experian,690,2,36
11989,3641,11989,2023-06-16,Experian,600,0,
11990,8755,11990,2022-03-30,Experian,614,4,25
11991,6106,11991,2020-04-19,Experian,746,3,
11992,9979,11992,2022-02-10,Experian,618,4,49
11993,6880,11993,2022-11-06,Experian,757,3,
11994,8405,11994,2024-03-31,TransUnion,722,4,
11995,12909,11995,2022-08-19,TransUnion,732,1,
11996,7282,11996,2024-03-25,Experian,619,3,67
11997,2678,11997,2021-02-08,Experian,822,2,31
11998,14969,11998,2020-07-05,Equifax,733,0,
11999,9703,11999,2022-01-31,Experian,708,1,
12000,4353,12000,2023-07-25,Experian,686,0,23
12001,9672,12001,2022-08-10,Experian,707,2,
12002,14615,12002,2022-09-29,Experian,738,0,54
12003,3551,12003,2022-04-08,Equifax,633,4,
12004,2772,12004,2020-06-23,Experian,839,2,37
12005,14200,12005,2024-05-11,Experian,690,1,66
12006,9264,12006,2021-06-03,TransUnion,705,5,
12007,1333,12007,2022-06-06,Equifax,581,2,17
12008,211,12008,2020-06-19,TransUnion,839,5,4
12009,8884,12009,2022-06-05,Experian,733,0,
12010,14843,12010,2020-12-01,Equifax,594,1,
12011,13940,12011,2020-10-16,Experian,766,2,
12012,2095,12012,2022-11-10,Equifax,621,2,
12013,2722,12013,2020-10-25,Equifax,697,4,
12014,1936,12014,2020-10-26,TransUnion,667,3,
12015,11364,12015,2023-06-29,Experian,743,3,
12016,10326,12016,2022-11-25,Experian,748,2,
12017,5401,12017,2023-03-29,TransUnion,724,5,
12018,12780,12018,2021-11-30,TransUnion,674,3,51
12019,10123,12019,2021-03-04,Experian,681,2,
12020,14312,12020,2023-10-29,Experian,592,0,40
12021,6358,12021,2021-12-07,Equifax,730,0,5
12022,3777,12022,2021-11-01,TransUnion,805,3,46
12023,9941,12023,2022-10-26,Experian,727,4,
12024,10217,12024,2022-11-18,Equifax,673,3,22
12025,14543,12025,2023-01-03,Equifax,846,2,
12026,12780,12026,2021-10-05,TransUnion,674,4,49
12027,7906,12027,2022-07-29,Experian,635,1,
12028,1715,12028,2023-12-08,TransUnion,676,3,46
12029,4426,12029,2022-04-22,Experian,738,3,
12030,6885,12030,2021-07-18,Experian,721,0,
12031,12387,12031,2023-09-17,TransUnion,702,0,
12032,8297,12032,2021-04-01,Experian,710,4,
12033,11595,12033,2023-10-07,Equifax,589,1,
12034,9703,12034,2020-07-31,TransUnion,708,4,
12035,9815,12035,2021-07-23,Equifax,801,2,
12036,10894,12036,2021-11-09,TransUnion,627,2,
12037,8621,12037,2021-08-13,Equifax,684,5,
12038,5511,12038,2021-05-03,Experian,592,1,5
12039,7044,12039,2020-10-23,TransUnion,743,5,12
12040,5839,12040,2022-07-15,Equifax,750,0,
12041,14393,12041,2021-06-03,Experian,732,4,
12042,7353,12042,2023-07-26,Experian,623,1,16
12043,12358,12043,2021-01-24,TransUnion,796,2,
12044,6306,12044,2023-07-18,Experian,689,5,
12045,6525,12045,2022-03-20,Experian,785,0,65
12046,2238,12046,2020-07-23,Equifax,689,3,
12047,9128,12047,2023-08-24,TransUnion,702,1,
12048,8609,12048,2023-04-23,Experian,725,1,
12049,2468,12049,2023-09-25,TransUnion,708,3,
12050,11234,12050,2023-11-19,TransUnion,641,1,
12051,3231,12051,2020-03-21,Equifax,659,2,
12052,2677,12052,2022-01-06,Experian,725,0,34
12053,1562,12053,2021-05-02,Experian,839,4,
12054,14760,12054,2023-02-05,Equifax,769,2,
12055,4698,12055,2021-12-19,TransUnion,700,2,26
12056,9850,12056,2021-12-08,Equifax,590,2,
12057,3041,12057,2024-03-14,TransUnion,717,0,3
12058,2663,12058,2023-03-29,TransUnion,726,4,
12059,9476,12059,2024-02-20,Equifax,582,0,8
12060,3635,12060,2021-11-11,Equifax,687,1,64
12061,9266,12061,2024-04-19,Experian,648,2,45
12062,1393,12062,2021-04-05,TransUnion,703,5,65
12063,4462,12063,2021-06-09,TransUnion,651,2,
12064,5813,12064,2022-01-05,Experian,726,0,42
12065,8590,12065,2024-05-27,Equifax,712,3,12
12066,13722,12066,2023-09-18,TransUnion,818,5,
12067,6511,12067,2023-09-30,TransUnion,635,0,3
12068,587,12068,2023-07-17,Experian,739,2,
12069,5793,12069,2022-05-26,Experian,747,3,
12070,9960,12070,2024-05-14,Equifax,741,3,36
12071,12054,12071,2023-05-20,Experian,584,4,
12072,3762,12072,2021-09-24,TransUnion,732,3,
12073,14042,12073,2021-04-18,Experian,626,4,
12074,8081,12074,2021-12-14,Experian,729,3,
12075,4722,12075,2021-02-02,TransUnion,713,1,
12076,9084,12076,2023-10-25,Experian,694,2,
12077,12814,12077,2023-11-04,Experian,593,2,
12078,13503,12078,2020-08-08,Equifax,627,0,
12079,12417,12079,2024-05-24,TransUnion,781,1,
12080,1028,12080,2022-10-09,Experian,745,5,
12081,5421,12081,2024-05-22,Experian,699,0,17
12082,5349,12082,2023-01-08,Equifax,611,2,
12083,5667,12083,2023-06-23,TransUnion,644,4,
12084,12716,12084,2021-09-03,Equifax,593,3,5
12085,4075,12085,2020-10-10,TransUnion,680,5,
12086,14084,12086,2022-03-23,Experian,647,1,14
12087,4532,12087,2022-08-30,TransUnion,674,3,
12088,14888,12088,2020-03-24,Equifax,702,5,
12089,6602,12089,2020-11-24,Experian,705,0,
12090,6155,12090,2020-06-17,TransUnion,629,1,
12091,3964,12091,2022-08-05,Experian,823,3,40
12092,13791,12092,2023-05-29,Experian,708,3,
12093,13711,12093,2020-06-15,Equifax,611,3,
12094,7336,12094,2020-02-17,TransUnion,806,2,
12095,7926,12095,2022-01-01,TransUnion,743,5,
12096,2548,12096,2020-10-12,TransUnion,732,5,56
12097,13261,12097,2021-12-22,TransUnion,692,5,
12098,8599,12098,2020-07-17,Equifax,668,4,25
12099,1065,12099,2021-01-10,Equifax,711,0,6
12100,12890,12100,2024-04-12,Equifax,828,3,47
12101,910,12101,2023-06-25,Experian,645,3,
12102,6129,12102,2022-06-20,TransUnion,680,1,68
12103,10502,12103,2024-04-09,TransUnion,722,3,
12104,11471,12104,2023-09-17,TransUnion,732,1,
12105,818,12105,2022-04-24,Equifax,805,3,
12106,4655,12106,2020-05-16,TransUnion,646,3,
12107,9693,12107,2022-05-07,Equifax,773,1,
12108,9064,12108,2021-06-18,Equifax,709,0,70
12109,3278,12109,2020-10-17,Experian,635,4,
12110,444,12110,2020-09-21,Equifax,680,4,
12111,4326,12111,2024-01-06,Experian,792,3,
12112,4887,12112,2023-10-31,Equifax,624,3,
12113,5721,12113,2020-10-23,Experian,690,0,
12114,7456,12114,2021-05-21,Experian,698,2,
12115,3045,12115,2020-07-16,Experian,598,1,
12116,12526,12116,2021-08-28,Experian,746,5,
12117,14198,12117,2022-09-09,Experian,716,3,
12118,7959,12118,2023-06-04,Experian,829,2,
12119,12491,12119,2023-04-12,TransUnion,683,3,
12120,3458,12120,2024-04-07,Experian,696,2,
12121,932,12121,2023-09-12,Equifax,703,5,68
12122,14352,12122,2023-03-07,Experian,741,0,
12123,7707,12123,2020-06-11,TransUnion,748,2,
12124,6018,12124,2020-01-31,Experian,643,5,
12125,11283,12125,2020-09-28,TransUnion,761,2,
12126,4847,12126,2021-09-12,TransUnion,849,5,
12127,10323,12127,2021-09-09,Experian,618,1,3
12128,4199,12128,2020-12-10,TransUnion,733,4,
12129,10221,12129,2024-05-13,Equifax,704,1,
12130,8667,12130,2022-11-11,TransUnion,584,0,
12131,9146,12131,2022-01-15,Experian,675,1,14
12132,1146,12132,2021-01-13,Experian,669,0,68
12133,11866,12133,2021-03-04,TransUnion,581,4,
12134,6826,12134,2021-11-15,TransUnion,737,3,
12135,8883,12135,2023-07-28,TransUnion,668,5,
12136,1286,12136,2021-06-14,Equifax,748,1,
12137,1061,12137,2022-11-07,Experian,609,4,58
12138,185,12138,2021-03-01,Equifax,704,3,25
12139,13328,12139,2022-05-31,TransUnion,802,3,
12140,2727,12140,2020-02-23,TransUnion,600,5,
12141,3290,12141,2021-12-25,TransUnion,711,4,70
12142,6258,12142,2021-01-14,Experian,657,3,
12143,7080,12143,2022-01-25,TransUnion,845,3,
12144,840,12144,2023-05-31,TransUnion,685,1,70
12145,6974,12145,2023-04-16,TransUnion,627,5,
12146,6371,12146,2021-02-13,TransUnion,693,2,
12147,6858,12147,2024-03-16,Experian,703,2,22
12148,13048,12148,2022-06-11,Equifax,731,1,70
12149,14970,12149,2022-01-20,TransUnion,717,5,56
12150,11989,12150,2020-12-13,TransUnion,736,4,
12151,8524,12151,2024-01-24,TransUnion,793,0,
12152,7706,12152,2022-08-20,Experian,740,5,
12153,7967,12153,2022-07-30,Equifax,704,2,
12154,7466,12154,2021-03-27,Experian,734,5,
12155,1372,12155,2020-07-25,Experian,718,4,
12156,191,12156,2021-05-17,Experian,771,4,8
12157,3479,12157,2022-07-18,Experian,728,4,
12158,459,12158,2022-05-17,Experian,693,4,28
12159,3500,12159,2023-04-16,Experian,741,4,
12160,6102,12160,2022-01-07,Experian,611,2,25
12161,2967,12161,2022-11-18,TransUnion,695,0,
12162,662,12162,2021-12-01,TransUnion,691,1,
12163,133,12163,2022-04-17,Experian,698,1,
12164,2256,12164,2022-05-25,Equifax,712,5,64
12165,14886,12165,2023-09-25,Experian,606,1,
12166,12693,12166,2020-06-27,TransUnion,730,3,
12167,1260,12167,2023-04-18,Equifax,629,2,
12168,10868,12168,2020-03-19,Experian,691,5,
12169,10050,12169,2023-12-16,TransUnion,819,3,7
12170,10883,12170,2021-06-14,TransUnion,602,3,39
12171,7247,12171,2021-07-09,Experian,680,0,22
12172,4370,12172,2022-08-02,Equifax,668,0,
12173,12457,12173,2023-12-19,Equifax,715,0,35
12174,7188,12174,2023-12-25,Experian,669,0,
12175,1378,12175,2022-06-19,Experian,594,1,53
12176,3388,12176,2022-01-29,TransUnion,630,5,
12177,5930,12177,2021-08-26,TransUnion,737,4,
12178,6819,12178,2020-11-13,Equifax,744,0,70
12179,7235,12179,2022-04-15,Experian,614,1,52
12180,11058,12180,2022-03-20,TransUnion,591,4,
12181,13605,12181,2021-04-14,Experian,590,5,48
12182,10163,12182,2022-10-01,TransUnion,698,0,52
12183,2010,12183,2023-02-05,Equifax,688,5,
12184,1823,12184,2023-02-15,Equifax,715,5,
12185,8240,12185,2022-04-20,TransUnion,660,5,
12186,1204,12186,2022-03-29,Equifax,747,4,
12187,5139,12187,2020-06-04,Experian,718,2,39
12188,5857,12188,2022-06-09,TransUnion,651,0,
12189,14584,12189,2023-04-10,TransUnion,704,5,
12190,6172,12190,2023-05-16,Equifax,781,5,18
12191,8206,12191,2020-06-17,TransUnion,833,5,
12192,459,12192,2023-01-08,TransUnion,693,5,
12193,1087,12193,2022-10-21,Experian,635,5,
12194,9989,12194,2021-07-17,Experian,661,0,
12195,4022,12195,2022-04-04,TransUnion,740,2,
12196,8145,12196,2021-10-21,Experian,656,0,
12197,5456,12197,2022-04-04,Experian,730,3,63
12198,6453,12198,2020-04-29,TransUnion,694,4,23
12199,10961,12199,2021-08-31,Experian,718,4,8
12200,10518,12200,2021-07-30,Experian,672,3,
12201,4266,12201,2023-07-31,Experian,684,4,
12202,293,12202,2021-08-21,Experian,843,3,
12203,4495,12203,2022-04-20,TransUnion,649,0,
12204,11477,12204,2023-05-07,TransUnion,713,5,
12205,8197,12205,2023-02-01,Equifax,679,3,13
12206,14257,12206,2023-03-25,TransUnion,736,1,
12207,11054,12207,2022-03-23,Experian,690,2,
12208,12445,12208,2023-03-27,Equifax,663,1,
12209,13586,12209,2024-02-23,Experian,727,2,
12210,12007,12210,2023-04-23,TransUnion,652,3,
12211,12439,12211,2021-07-03,TransUnion,631,0,
12212,12972,12212,2020-05-13,Experian,773,2,
12213,3937,12213,2022-06-09,TransUnion,833,1,
12214,12112,12214,2022-03-20,Experian,663,1,
12215,5445,12215,2020-05-24,TransUnion,683,2,
12216,10747,12216,2020-11-02,Equifax,689,2,
12217,12244,12217,2024-01-08,Experian,720,2,
12218,4926,12218,2022-04-27,Experian,665,5,
12219,7243,12219,2020-03-09,Equifax,768,3,
12220,6353,12220,2020-04-11,Experian,809,5,
12221,10087,12221,2021-10-28,Equifax,683,1,
12222,9238,12222,2020-04-11,Experian,727,0,
12223,12258,12223,2024-05-05,TransUnion,686,2,
12224,3376,12224,2021-10-09,TransUnion,717,0,14
12225,1326,12225,2021-10-30,Equifax,658,2,33
12226,5375,12226,2021-05-05,Equifax,635,0,
12227,12541,12227,2021-09-30,Experian,766,0,
12228,3771,12228,2021-04-21,TransUnion,697,0,67
12229,5697,12229,2023-12-30,Equifax,666,5,
12230,5090,12230,2021-11-25,TransUnion,691,1,29
12231,6308,12231,2021-12-15,Experian,706,4,7
12232,12936,12232,2023-01-16,TransUnion,713,2,
12233,1588,12233,2024-01-30,Experian,652,2,
12234,14786,12234,2022-08-03,TransUnion,680,5,40
12235,5437,12235,2021-12-29,TransUnion,675,3,53
12236,9526,12236,2022-09-07,TransUnion,756,5,
12237,5012,12237,2022-06-14,Equifax,659,2,
12238,8114,12238,2023-08-31,TransUnion,672,5,69
12239,13876,12239,2023-03-21,Experian,696,1,65
12240,12825,12240,2021-10-08,TransUnion,664,2,
12241,7232,12241,2020-08-29,Experian,714,0,38
12242,7409,12242,2021-04-07,Equifax,624,1,
12243,11745,12243,2021-12-10,Experian,777,1,
12244,14296,12244,2021-09-28,Experian,616,0,57
12245,9534,12245,2021-11-10,TransUnion,621,1,
12246,1827,12246,2023-07-04,TransUnion,739,5,61
12247,4070,12247,2020-08-28,Equifax,716,5,
12248,11984,12248,2023-03-05,TransUnion,753,0,
12249,7817,12249,2024-01-08,TransUnion,676,1,
12250,9340,12250,2020-04-12,Experian,587,4,57
12251,13635,12251,2021-05-24,Equifax,636,2,
12252,8360,12252,2023-02-07,TransUnion,805,5,60
12253,6064,12253,2023-06-11,Equifax,618,2,
12254,2879,12254,2022-04-23,Experian,721,5,45
12255,8672,12255,2022-02-11,Equifax,596,5,16
12256,1000,12256,2024-02-26,Experian,597,4,
12257,5616,12257,2020-03-04,Equifax,606,5,28
12258,14318,12258,2024-05-12,Experian,697,1,
12259,12757,12259,2022-05-23,Experian,663,4,
12260,47,12260,2023-12-10,Experian,690,3,17
12261,12596,12261,2022-02-24,TransUnion,612,3,
12262,11569,12262,2023-10-23,TransUnion,810,3,
12263,8403,12263,2022-06-16,Equifax,662,2,49
12264,8313,12264,2022-02-05,Equifax,724,3,
12265,13942,12265,2021-04-19,TransUnion,754,4,
12266,3233,12266,2023-09-03,Experian,748,3,
12267,7498,12267,2020-03-21,Equifax,726,3,32
12268,3237,12268,2023-02-23,Experian,681,1,
12269,5968,12269,2021-05-01,Equifax,640,2,
12270,6183,12270,2022-05-22,Equifax,705,0,
12271,6816,12271,2020-01-04,Experian,672,4,
12272,8300,12272,2021-03-29,Experian,748,5,
12273,2655,12273,2021-06-29,Experian,722,3,
12274,4868,12274,2023-11-02,TransUnion,667,2,
12275,13976,12275,2020-02-02,TransUnion,588,3,16
12276,1454,12276,2022-05-11,Experian,727,1,
12277,9265,12277,2024-02-16,Equifax,723,2,5
12278,8272,12278,2020-11-24,TransUnion,706,5,
12279,7380,12279,2022-06-04,Experian,772,3,19
12280,12632,12280,2021-09-04,Experian,748,1,
12281,1152,12281,2022-11-10,Experian,823,3,
12282,6860,12282,2021-07-01,TransUnion,721,5,
12283,3190,12283,2023-02-17,Equifax,676,4,
12284,8636,12284,2022-12-06,Experian,808,0,33
12285,3903,12285,2023-10-16,Equifax,728,2,
12286,14309,12286,2021-10-14,Equifax,724,3,24
12287,5107,12287,2024-03-23,Equifax,650,3,
12288,3503,12288,2021-01-28,TransUnion,699,0,40
12289,13027,12289,2023-05-20,Equifax,618,4,
12290,2600,12290,2020-04-24,Equifax,724,4,
12291,7310,12291,2021-02-12,TransUnion,718,2,
12292,14257,12292,2023-07-25,Equifax,736,5,
12293,10413,12293,2022-04-20,Equifax,760,1,
12294,5867,12294,2021-02-14,Experian,633,1,
12295,12280,12295,2020-05-21,Equifax,591,5,
12296,2260,12296,2020-02-29,TransUnion,592,5,68
12297,13565,12297,2020-08-02,TransUnion,638,1,39
12298,9642,12298,2023-05-26,Experian,702,5,19
12299,5245,12299,2020-06-23,TransUnion,698,4,
12300,666,12300,2020-01-16,Experian,735,0,
12301,2449,12301,2024-03-22,Experian,689,3,14
12302,4523,12302,2021-02-04,Equifax,723,2,
12303,5805,12303,2023-05-11,TransUnion,762,2,30
12304,3676,12304,2022-09-23,Experian,657,4,
12305,8359,12305,2023-04-30,Equifax,823,4,
12306,14314,12306,2022-11-01,Equifax,719,1,69
12307,1830,12307,2022-07-31,TransUnion,679,5,59
12308,6256,12308,2022-07-20,TransUnion,664,1,55
12309,13397,12309,2022-06-22,Experian,644,0,10
12310,12250,12310,2021-08-30,TransUnion,595,0,14
12311,12964,12311,2021-04-13,Experian,703,4,49
12312,5898,12312,2021-01-25,Equifax,795,2,
12313,13437,12313,2022-10-14,Equifax,698,2,27
12314,3241,12314,2020-06-09,Equifax,632,2,
12315,12191,12315,2021-03-03,TransUnion,589,1,
12316,502,12316,2020-05-24,Equifax,675,4,
12317,14297,12317,2021-12-04,TransUnion,597,5,
12318,11542,12318,2021-11-28,Experian,722,4,
12319,3184,12319,2022-03-24,Experian,631,2,
12320,2645,12320,2022-06-11,Experian,836,0,
12321,1200,12321,2023-05-17,Equifax,807,1,28
12322,6310,12322,2020-01-21,TransUnion,695,4,
12323,1616,12323,2022-02-27,TransUnion,739,1,70
12324,3580,12324,2022-05-12,TransUnion,706,1,
12325,14850,12325,2021-04-08,Experian,733,2,69
12326,10243,12326,2024-04-21,TransUnion,670,0,
12327,6037,12327,2023-03-25,Equifax,749,0,
12328,6398,12328,2024-04-05,TransUnion,688,3,55
12329,7551,12329,2021-01-30,TransUnion,689,5,
12330,10058,12330,2022-11-11,TransUnion,710,3,
12331,9353,12331,2024-01-31,Experian,710,4,35
12332,203,12332,2020-12-26,Experian,747,2,
12333,361,12333,2020-12-07,Experian,699,4,46
12334,13842,12334,2023-12-23,Equifax,702,2,
12335,2653,12335,2022-09-14,Equifax,708,0,54
12336,11296,12336,2023-11-08,TransUnion,626,1,
12337,1389,12337,2024-02-21,Equifax,746,0,
12338,13337,12338,2024-01-21,TransUnion,717,0,26
12339,11812,12339,2022-11-09,Equifax,664,1,
12340,282,12340,2023-03-05,TransUnion,757,2,
12341,458,12341,2023-02-04,TransUnion,679,1,
12342,4652,12342,2020-07-11,TransUnion,749,2,37
12343,6015,12343,2023-07-11,TransUnion,692,4,45
12344,8756,12344,2023-01-10,Equifax,673,4,
12345,6536,12345,2023-04-10,TransUnion,789,0,
12346,1494,12346,2022-06-27,TransUnion,584,5,28
12347,8146,12347,2022-10-03,Equifax,628,0,
12348,3252,12348,2020-01-29,TransUnion,711,5,19
12349,11104,12349,2020-11-02,Equifax,588,5,
12350,7531,12350,2022-07-26,Equifax,594,1,
12351,14821,12351,2020-07-30,TransUnion,701,1,
12352,610,12352,2023-06-11,Experian,715,4,16
12353,4361,12353,2023-12-13,TransUnion,809,1,
12354,6144,12354,2022-11-27,TransUnion,783,4,56
12355,184,12355,2021-08-13,TransUnion,598,0,21
12356,8275,12356,2020-11-04,Experian,673,1,14
12357,5106,12357,2022-07-18,Equifax,597,2,
12358,182,12358,2022-01-25,TransUnion,795,1,12
12359,11049,12359,2021-05-29,TransUnion,698,0,55
12360,4393,12360,2021-10-04,Experian,749,5,
12361,7948,12361,2023-11-10,Experian,826,5,
12362,7239,12362,2022-05-18,Equifax,633,4,
12363,10578,12363,2020-10-29,TransUnion,706,4,
12364,1402,12364,2024-05-09,Equifax,746,3,8
12365,2731,12365,2021-10-14,TransUnion,723,0,
12366,12694,12366,2022-09-11,Experian,747,5,
12367,8624,12367,2021-03-24,Equifax,700,4,
12368,2982,12368,2024-05-13,TransUnion,745,0,
12369,5614,12369,2024-01-30,TransUnion,729,3,
12370,1540,12370,2020-04-11,TransUnion,693,3,
12371,8167,12371,2020-04-14,TransUnion,697,2,
12372,4386,12372,2022-11-22,TransUnion,673,4,
12373,8161,12373,2021-08-10,Equifax,613,2,
12374,9200,12374,2020-09-22,Equifax,740,3,8
12375,6235,12375,2022-08-14,Equifax,628,0,
12376,13021,12376,2023-09-05,Equifax,608,4,
12377,1920,12377,2023-09-13,Equifax,703,2,37
12378,3974,12378,2024-05-11,Equifax,784,0,15
12379,2733,12379,2021-05-27,TransUnion,722,2,
12380,542,12380,2020-12-28,TransUnion,726,0,
12381,4867,12381,2023-05-01,Experian,581,1,3
12382,11955,12382,2021-05-28,Experian,734,2,
12383,5702,12383,2024-05-16,Equifax,775,2,12
12384,7874,12384,2022-04-08,Equifax,695,5,30
12385,955,12385,2021-09-14,Experian,719,2,
12386,11970,12386,2022-01-10,Experian,698,5,
12387,2534,12387,2024-05-08,Experian,647,0,50
12388,8692,12388,2021-02-21,Experian,587,0,
12389,3998,12389,2023-11-26,Experian,772,3,15
12390,2302,12390,2024-01-06,Equifax,821,4,48
12391,8706,12391,2023-11-06,TransUnion,672,3,
12392,1119,12392,2024-05-12,Experian,691,2,
12393,585,12393,2022-11-22,TransUnion,705,3,
12394,7197,12394,2020-07-29,TransUnion,630,2,43
12395,4699,12395,2020-03-25,Experian,691,2,
12396,5242,12396,2021-11-29,Equifax,760,0,33
12397,4987,12397,2022-11-25,Experian,731,5,
12398,4794,12398,2022-11-21,Equifax,657,5,32
12399,6378,12399,2020-10-02,Equifax,692,5,29
12400,11112,12400,2022-07-26,Experian,686,4,65
12401,10647,12401,2020-05-27,Equifax,608,1,48
12402,12031,12402,2023-03-27,Equifax,736,2,48
12403,185,12403,2020-04-21,Equifax,704,3,43
12404,12738,12404,2022-09-10,Experian,700,0,
12405,4444,12405,2023-06-29,Experian,739,4,
12406,3606,12406,2023-11-29,TransUnion,703,2,25
12407,2871,12407,2021-06-11,Experian,705,4,
12408,2362,12408,2024-02-12,Equifax,740,3,
12409,4527,12409,2020-03-25,Equifax,602,5,71
12410,10666,12410,2021-08-29,Equifax,710,2,
12411,7903,12411,2024-04-16,Equifax,585,2,
12412,7836,12412,2020-09-20,Equifax,587,4,5
12413,9726,12413,2023-10-10,Equifax,736,0,
12414,13038,12414,2020-08-08,Equifax,736,2,
12415,7104,12415,2022-04-20,TransUnion,726,0,42
12416,13182,12416,2022-05-20,Experian,634,4,
12417,9588,12417,2023-01-09,Experian,721,5,
12418,5719,12418,2022-01-28,Equifax,718,2,69
12419,8575,12419,2020-11-18,TransUnion,700,3,
12420,1018,12420,2022-09-28,TransUnion,719,5,
12421,510,12421,2021-02-28,Equifax,632,5,59
12422,1642,12422,2021-07-04,Experian,661,5,68
12423,9151,12423,2024-03-06,Experian,647,0,38
12424,14386,12424,2024-01-11,Experian,727,2,33
12425,10421,12425,2020-12-27,Equifax,701,2,
12426,12618,12426,2021-04-11,Experian,678,1,20
12427,4269,12427,2021-07-12,TransUnion,672,3,
12428,3164,12428,2023-07-20,Experian,641,1,
12429,7550,12429,2024-01-09,TransUnion,665,4,31
12430,12313,12430,2020-04-06,TransUnion,761,5,
12431,3143,12431,2020-05-02,TransUnion,703,5,
12432,6228,12432,2023-08-09,TransUnion,756,5,
12433,3516,12433,2022-02-19,Experian,704,1,4
12434,5103,12434,2020-01-24,Equifax,630,2,
12435,11779,12435,2023-05-19,Equifax,716,0,
12436,7622,12436,2023-04-04,Equifax,699,1,41
12437,10127,12437,2021-11-26,TransUnion,809,3,29
12438,1274,12438,2022-05-01,Experian,636,3,55
12439,730,12439,2023-03-29,TransUnion,668,3,
12440,6227,12440,2020-11-14,Experian,724,0,
12441,5365,12441,2020-09-26,Equifax,684,5,
12442,4314,12442,2022-05-02,Experian,603,3,
12443,10906,12443,2021-06-22,TransUnion,730,5,
12444,5655,12444,2020-05-07,Experian,595,1,
12445,12628,12445,2020-04-13,Equifax,640,1,
12446,14722,12446,2021-02-19,Experian,773,3,
12447,4828,12447,2020-10-21,Equifax,831,1,
12448,11374,12448,2020-01-01,Equifax,663,1,
12449,11082,12449,2022-10-07,Equifax,670,2,
12450,13790,12450,2020-02-14,TransUnion,673,5,
12451,1330,12451,2022-01-25,Equifax,785,4,
12452,13722,12452,2022-07-19,TransUnion,818,3,66
12453,7497,12453,2024-05-21,Equifax,730,0,14
12454,7201,12454,2021-12-03,TransUnion,771,1,
12455,1801,12455,2021-02-02,TransUnion,822,4,55
12456,10696,12456,2022-10-03,Equifax,631,4,
12457,14240,12457,2024-02-08,Experian,717,0,
12458,13749,12458,2020-01-15,Experian,704,3,
12459,2170,12459,2023-03-16,Equifax,710,5,
12460,3806,12460,2024-03-01,Equifax,825,2,
12461,10972,12461,2021-02-19,TransUnion,830,1,16
12462,14910,12462,2021-06-13,TransUnion,597,4,61
12463,4469,12463,2020-07-12,Equifax,770,5,
12464,6483,12464,2020-03-31,TransUnion,628,0,32
12465,5508,12465,2023-05-27,Experian,788,1,38
12466,6234,12466,2022-10-22,TransUnion,675,5,
12467,14835,12467,2020-03-22,Equifax,725,0,
12468,6395,12468,2021-06-11,Equifax,652,3,
12469,8986,12469,2020-12-16,Equifax,748,2,
12470,10476,12470,2022-08-24,Experian,742,5,
12471,3935,12471,2022-11-05,TransUnion,709,1,
12472,7991,12472,2021-09-12,Equifax,652,5,68
12473,6480,12473,2023-11-18,TransUnion,653,3,
12474,7239,12474,2022-02-26,Equifax,633,3,
12475,8567,12475,2022-01-23,Equifax,696,0,
12476,3248,12476,2022-12-10,Experian,633,3,
12477,8539,12477,2024-04-09,Equifax,830,0,
12478,2103,12478,2024-03-01,Experian,683,1,
12479,5514,12479,2023-12-01,Experian,772,0,
12480,7112,12480,2020-02-15,TransUnion,659,1,
12481,3250,12481,2020-06-20,TransUnion,716,0,
12482,2097,12482,2022-07-20,Experian,614,1,
12483,3459,12483,2020-01-05,TransUnion,634,3,49
12484,1173,12484,2021-11-25,Experian,649,1,64
12485,1452,12485,2020-05-18,TransUnion,605,2,39
12486,3621,12486,2022-08-12,Experian,693,1,
12487,187,12487,2020-03-09,Experian,612,3,5
12488,4282,12488,2022-04-27,TransUnion,705,1,67
12489,12108,12489,2020-11-15,Experian,690,3,45
12490,1959,12490,2022-10-29,Equifax,733,3,
12491,14471,12491,2022-09-24,Experian,707,4,42
12492,2987,12492,2022-05-03,Experian,746,2,
12493,4878,12493,2021-01-27,TransUnion,607,3,
12494,7083,12494,2020-07-10,Experian,675,5,
12495,2099,12495,2023-09-18,Experian,800,4,
12496,4632,12496,2020-10-08,Equifax,646,3,15
12497,3566,12497,2022-01-10,TransUnion,815,0,41
12498,35,12498,2023-10-20,Experian,633,4,
12499,778,12499,2021-07-26,Experian,745,2,
12500,3829,12500,2022-04-02,TransUnion,808,5,
12501,5281,12501,2021-04-08,Experian,790,4,
12502,10115,12502,2021-10-13,Experian,719,2,
12503,12975,12503,2023-06-23,Equifax,718,2,
12504,4199,12504,2022-11-15,TransUnion,733,4,
12505,7460,12505,2020-03-07,Experian,645,4,17
12506,9120,12506,2023-05-01,Experian,638,4,
12507,10908,12507,2024-05-06,Experian,727,0,23
12508,5741,12508,2022-07-28,Equifax,617,1,62
12509,4562,12509,2022-02-26,Experian,717,5,18
12510,13162,12510,2024-04-18,TransUnion,691,3,
12511,8980,12511,2023-07-14,Equifax,622,4,
12512,12039,12512,2022-05-27,Experian,810,0,70
12513,2584,12513,2020-10-14,Experian,649,4,13
12514,2952,12514,2024-02-11,Equifax,832,1,
12515,14092,12515,2020-03-10,Equifax,617,0,24
12516,255,12516,2020-06-17,Equifax,691,0,71
12517,1091,12517,2022-05-01,Equifax,725,3,
12518,7023,12518,2021-04-19,Experian,719,4,71
12519,14828,12519,2023-02-16,Equifax,599,0,
12520,4462,12520,2020-08-24,TransUnion,651,2,33
12521,7504,12521,2023-11-24,TransUnion,734,3,16
12522,6584,12522,2023-05-26,Equifax,598,3,15
12523,7457,12523,2022-09-02,Experian,744,0,45
12524,4154,12524,2020-01-22,TransUnion,843,4,11
12525,3108,12525,2024-05-27,Equifax,777,2,29
12526,3114,12526,2020-04-17,TransUnion,727,4,56
12527,8205,12527,2021-04-20,Experian,696,2,
12528,110,12528,2021-03-23,TransUnion,724,1,
12529,8367,12529,2020-07-21,TransUnion,818,4,49
12530,12104,12530,2020-12-15,Equifax,712,2,53
12531,3888,12531,2023-07-29,TransUnion,701,1,63
12532,11817,12532,2020-04-16,TransUnion,734,1,57
12533,13058,12533,2020-12-03,Equifax,730,0,
12534,2817,12534,2023-09-29,Equifax,596,1,66
12535,1656,12535,2023-02-23,Experian,669,2,
12536,9055,12536,2020-02-27,TransUnion,722,1,
12537,10670,12537,2021-02-10,TransUnion,848,1,
12538,2564,12538,2023-06-18,Equifax,727,0,28
12539,3798,12539,2022-02-19,Experian,785,2,
12540,10496,12540,2022-08-14,Equifax,652,0,44
12541,9843,12541,2021-11-23,Equifax,699,4,14
12542,9076,12542,2020-09-21,TransUnion,709,3,24
12543,12947,12543,2020-08-03,Experian,707,1,26
12544,8399,12544,2022-12-04,Equifax,682,3,
12545,8757,12545,2022-09-08,Equifax,832,3,34
12546,12493,12546,2021-11-20,TransUnion,824,1,
12547,7018,12547,2021-12-01,TransUnion,720,5,
12548,3634,12548,2024-01-05,Experian,701,3,8
12549,8792,12549,2020-10-27,Equifax,832,1,
12550,13977,12550,2021-02-07,TransUnion,708,3,42
12551,6158,12551,2024-02-29,Equifax,728,4,13
12552,534,12552,2022-11-16,Equifax,700,4,
12553,11760,12553,2022-08-17,TransUnion,633,2,
12554,5949,12554,2021-06-11,TransUnion,666,3,
12555,13635,12555,2020-06-17,Experian,636,5,
12556,11177,12556,2020-03-24,Experian,790,4,7
12557,13457,12557,2022-11-23,Equifax,705,5,38
12558,9286,12558,2023-05-08,Experian,756,5,
12559,601,12559,2021-05-31,Equifax,670,4,
12560,2926,12560,2022-02-05,Equifax,651,4,
12561,2066,12561,2021-08-27,Experian,721,4,66
12562,12618,12562,2020-12-19,TransUnion,678,0,
12563,11275,12563,2023-07-09,Experian,833,5,60
12564,8058,12564,2021-02-22,TransUnion,606,4,63
12565,245,12565,2024-05-08,TransUnion,725,3,
12566,3944,12566,2021-01-14,Equifax,665,2,
12567,1377,12567,2020-07-23,Experian,732,1,
12568,3834,12568,2020-12-27,TransUnion,666,5,37
12569,10378,12569,2022-10-16,Equifax,667,5,
12570,10874,12570,2023-01-15,Experian,772,3,
12571,13522,12571,2024-05-19,Experian,681,0,
12572,1943,12572,2020-02-03,TransUnion,848,3,
12573,10330,12573,2023-01-22,Equifax,744,3,56
12574,9479,12574,2021-11-19,TransUnion,688,2,37
12575,14501,12575,2022-12-18,Experian,708,0,
12576,3891,12576,2023-07-13,TransUnion,714,0,
12577,5191,12577,2022-06-17,Equifax,702,5,
12578,11391,12578,2024-02-14,Experian,713,4,52
12579,7537,12579,2023-12-24,Equifax,715,1,
12580,7592,12580,2020-12-28,TransUnion,745,0,26
12581,3416,12581,2022-05-03,Experian,686,5,
12582,5330,12582,2022-07-27,Experian,700,4,
12583,11886,12583,2023-02-12,Equifax,838,5,29
12584,3271,12584,2023-03-12,TransUnion,600,2,
12585,14225,12585,2021-06-20,Experian,719,4,47
12586,181,12586,2023-05-14,Experian,792,2,69
12587,967,12587,2023-10-27,Equifax,736,0,
12588,2054,12588,2021-07-08,TransUnion,727,0,
12589,8861,12589,2023-08-08,TransUnion,691,3,
12590,10147,12590,2024-02-20,TransUnion,835,2,67
12591,12585,12591,2022-05-28,Experian,766,3,51
12592,3653,12592,2020-05-24,Experian,710,0,54
12593,3890,12593,2020-08-25,Experian,699,1,
12594,11082,12594,2023-03-18,Experian,670,1,
12595,1672,12595,2020-06-25,Equifax,783,5,25
12596,11048,12596,2024-04-03,Equifax,731,5,
12597,2618,12597,2020-09-27,Equifax,683,0,30
12598,8453,12598,2023-11-01,Equifax,731,3,47
12599,12064,12599,2023-07-21,Equifax,742,3,61
12600,1668,12600,2021-02-04,TransUnion,743,2,27
12601,395,12601,2024-03-25,Experian,685,4,39
12602,10634,12602,2023-08-17,Equifax,737,1,
12603,8695,12603,2021-09-26,TransUnion,746,0,
12604,2715,12604,2023-03-23,Equifax,710,0,
12605,6310,12605,2024-05-19,TransUnion,695,4,15
12606,9869,12606,2021-11-09,TransUnion,661,0,
12607,9060,12607,2021-06-03,Equifax,733,3,8
12608,11135,12608,2020-07-28,Experian,803,3,
12609,6741,12609,2020-06-02,Experian,754,1,44
12610,5706,12610,2021-09-24,Experian,731,4,
12611,5025,12611,2022-08-06,Experian,700,5,
12612,4126,12612,2022-08-27,TransUnion,600,5,42
12613,1200,12613,2022-12-26,Experian,807,0,21
12614,1157,12614,2020-12-07,TransUnion,825,2,
12615,1495,12615,2021-09-21,TransUnion,789,5,
12616,5036,12616,2020-02-15,Equifax,782,2,22
12617,6919,12617,2020-07-02,Experian,687,3,
12618,6717,12618,2024-04-21,TransUnion,662,4,
12619,2511,12619,2023-05-24,Equifax,711,0,
12620,13853,12620,2022-06-12,Equifax,621,5,
12621,1609,12621,2024-05-07,TransUnion,590,4,25
12622,1958,12622,2022-02-11,Experian,705,2,
12623,7685,12623,2024-04-04,TransUnion,659,4,
12624,839,12624,2020-10-08,TransUnion,810,4,
12625,3867,12625,2024-04-11,Experian,656,2,14
12626,1777,12626,2022-03-08,TransUnion,587,2,
12627,2062,12627,2020-04-13,Experian,835,0,
12628,9241,12628,2021-03-24,Experian,652,2,19
12629,4147,12629,2021-11-18,Experian,724,2,60
12630,6014,12630,2023-08-08,Experian,848,2,49
12631,5991,12631,2023-05-07,Experian,735,1,24
12632,11926,12632,2024-01-09,Experian,677,4,
12633,8902,12633,2023-03-04,Equifax,632,3,41
12634,543,12634,2023-09-16,Equifax,698,1,
12635,895,12635,2021-09-30,TransUnion,735,5,
12636,3682,12636,2023-03-21,Experian,736,1,33
12637,602,12637,2021-10-29,TransUnion,743,0,
12638,13748,12638,2023-10-02,Equifax,592,0,20
12639,804,12639,2021-08-28,Equifax,689,1,32
12640,5801,12640,2022-03-14,Equifax,686,1,
12641,4672,12641,2022-09-15,Equifax,604,1,
12642,11419,12642,2020-05-08,Equifax,685,3,
12643,6639,12643,2020-10-17,Experian,604,4,
12644,5387,12644,2024-04-12,Experian,705,2,13
12645,4434,12645,2023-08-20,TransUnion,781,1,39
12646,1908,12646,2020-06-30,Experian,831,5,
12647,7184,12647,2022-11-24,TransUnion,836,0,
12648,8529,12648,2020-11-29,Experian,595,2,16
12649,9213,12649,2023-03-30,Equifax,666,0,
12650,7701,12650,2023-02-16,Experian,684,4,
12651,249,12651,2023-08-14,TransUnion,795,1,
12652,9506,12652,2020-07-21,Experian,849,3,
12653,1523,12653,2023-10-19,Experian,654,3,28
12654,9100,12654,2021-01-10,Experian,648,0,30
12655,6242,12655,2022-06-16,Experian,659,1,53
12656,8478,12656,2021-03-08,Experian,598,4,
12657,11686,12657,2023-10-06,Equifax,699,5,63
12658,7756,12658,2021-10-31,Equifax,663,4,
12659,13521,12659,2022-07-11,Equifax,662,1,36
12660,12263,12660,2023-04-18,TransUnion,761,3,
12661,10582,12661,2020-06-01,Equifax,616,1,
12662,6575,12662,2021-11-27,Equifax,746,4,
12663,2299,12663,2020-01-19,Equifax,744,1,
12664,3761,12664,2021-06-28,Experian,798,3,
12665,10543,12665,2020-07-24,TransUnion,739,5,32
12666,2368,12666,2022-12-26,Equifax,839,5,55
12667,12846,12667,2021-10-10,Experian,699,2,
12668,2456,12668,2022-07-05,Equifax,704,4,46
12669,2678,12669,2021-04-28,TransUnion,822,4,
12670,13683,12670,2023-11-16,Experian,845,2,
12671,173,12671,2022-10-03,Equifax,714,1,
12672,292,12672,2021-09-07,Equifax,694,0,
12673,11350,12673,2023-07-07,Experian,675,4,
12674,6315,12674,2022-01-26,TransUnion,593,4,51
12675,1712,12675,2020-08-11,Equifax,649,3,53
12676,13489,12676,2021-11-23,Experian,745,3,
12677,6253,12677,2020-12-12,TransUnion,676,3,
12678,13094,12678,2023-02-27,TransUnion,753,1,
12679,4255,12679,2023-02-27,Equifax,581,1,
12680,9960,12680,2021-10-11,TransUnion,741,3,
12681,12186,12681,2021-03-11,Experian,786,0,
12682,11911,12682,2023-01-16,Equifax,664,2,
12683,5296,12683,2023-11-24,Equifax,603,4,34
12684,5891,12684,2021-01-31,Experian,712,1,
12685,13435,12685,2020-04-16,Experian,631,3,
12686,14172,12686,2024-04-28,Equifax,687,5,16
12687,7429,12687,2023-05-12,Equifax,848,3,
12688,688,12688,2021-06-23,TransUnion,743,3,
12689,5455,12689,2024-03-15,TransUnion,649,1,
12690,6119,12690,2021-12-06,Equifax,716,0,
12691,3293,12691,2021-03-12,TransUnion,664,5,
12692,8816,12692,2021-10-29,TransUnion,781,4,20
12693,11742,12693,2023-09-09,Equifax,706,2,51
12694,13543,12694,2022-07-04,TransUnion,589,5,
12695,10266,12695,2023-04-24,Experian,671,2,54
12696,13207,12696,2020-10-26,Equifax,748,5,
12697,3710,12697,2021-08-15,Equifax,755,2,12
12698,8251,12698,2022-08-07,TransUnion,644,5,40
12699,1837,12699,2020-09-27,Experian,656,4,
12700,9411,12700,2024-05-14,Equifax,731,5,
12701,9626,12701,2021-09-05,TransUnion,715,0,
12702,302,12702,2023-10-27,TransUnion,740,5,
12703,6552,12703,2023-02-26,TransUnion,601,5,28
12704,8740,12704,2023-04-27,TransUnion,586,2,
12705,8733,12705,2023-11-07,Equifax,847,0,
12706,82,12706,2020-12-15,Equifax,742,5,
12707,6603,12707,2020-01-10,Equifax,680,5,
12708,10320,12708,2021-01-09,TransUnion,810,4,31
12709,979,12709,2020-03-15,Equifax,728,3,
12710,3508,12710,2023-09-07,Equifax,815,3,
12711,5899,12711,2021-03-03,Equifax,739,5,
12712,10540,12712,2022-09-19,Equifax,656,2,33
12713,10552,12713,2021-11-13,Equifax,678,5,59
12714,7948,12714,2023-08-18,TransUnion,826,0,
12715,4388,12715,2021-05-20,TransUnion,807,5,
12716,7925,12716,2021-08-04,Experian,830,5,
12717,3769,12717,2023-07-27,Experian,583,1,
12718,4859,12718,2020-01-03,TransUnion,697,0,49
12719,316,12719,2023-11-02,Experian,744,5,
12720,12975,12720,2022-05-25,TransUnion,718,3,50
12721,6317,12721,2023-08-12,Experian,614,0,55
12722,10833,12722,2020-11-18,Equifax,737,2,52
12723,11903,12723,2023-11-21,TransUnion,671,3,35
12724,7047,12724,2024-03-23,Equifax,795,0,30
12725,10216,12725,2023-08-21,Equifax,755,3,
12726,1107,12726,2023-01-08,TransUnion,718,3,
12727,11696,12727,2021-08-08,TransUnion,703,0,
12728,5037,12728,2021-05-27,TransUnion,841,0,30
12729,6988,12729,2023-09-19,Experian,833,5,
12730,7600,12730,2021-03-12,Experian,680,5,
12731,3639,12731,2020-02-05,Experian,808,0,
12732,10130,12732,2023-01-23,Equifax,686,3,
12733,11907,12733,2021-04-03,Experian,696,0,
12734,480,12734,2023-02-18,Experian,664,2,
12735,6323,12735,2024-04-28,Equifax,686,5,64
12736,2803,12736,2023-07-21,Experian,715,2,
12737,10422,12737,2020-04-03,Equifax,610,3,30
12738,3408,12738,2021-09-12,TransUnion,638,2,
12739,12898,12739,2023-09-23,Equifax,772,1,
12740,10735,12740,2023-08-16,Equifax,677,2,
12741,6449,12741,2022-03-22,TransUnion,737,5,60
12742,11185,12742,2022-02-21,Experian,582,0,
12743,13721,12743,2022-07-03,TransUnion,707,5,
12744,7102,12744,2023-01-11,TransUnion,718,4,
12745,10992,12745,2020-04-17,TransUnion,604,5,49
12746,13496,12746,2024-02-14,TransUnion,665,0,
12747,1333,12747,2020-12-04,Equifax,581,3,
12748,6479,12748,2022-10-14,Equifax,800,5,
12749,1372,12749,2021-10-12,TransUnion,718,1,38
12750,7877,12750,2021-04-05,Equifax,738,4,32
12751,11442,12751,2023-09-19,TransUnion,583,4,12
12752,12181,12752,2023-11-13,Equifax,588,5,9
12753,12287,12753,2021-08-05,Experian,709,1,
12754,10947,12754,2020-03-21,TransUnion,668,0,
12755,11982,12755,2022-02-27,Equifax,589,1,
12756,11282,12756,2021-07-26,Equifax,721,3,
12757,12052,12757,2021-03-01,Experian,770,2,
12758,69,12758,2023-02-25,Experian,705,1,
12759,8127,12759,2023-02-04,TransUnion,714,0,
12760,14371,12760,2021-01-09,TransUnion,725,1,26
12761,10140,12761,2021-10-16,Experian,786,0,64
12762,5181,12762,2024-03-15,TransUnion,703,4,
12763,12131,12763,2020-12-15,Experian,691,3,
12764,11684,12764,2021-02-16,TransUnion,629,0,31
12765,3179,12765,2020-11-22,TransUnion,700,5,
12766,12800,12766,2021-09-16,Experian,743,2,21
12767,10492,12767,2023-11-08,Equifax,641,4,
12768,8007,12768,2022-12-02,TransUnion,672,3,64
12769,13099,12769,2021-02-11,Equifax,673,2,
12770,13825,12770,2021-02-22,Equifax,736,5,
12771,2423,12771,2022-08-09,Equifax,747,4,
12772,13997,12772,2022-06-09,Experian,647,5,
12773,11480,12773,2020-03-26,Equifax,701,3,
12774,9453,12774,2024-05-12,Equifax,703,1,
12775,884,12775,2024-05-02,Experian,751,1,
12776,4160,12776,2021-05-01,Equifax,784,1,
12777,14120,12777,2024-02-17,Experian,813,2,
12778,1594,12778,2020-06-18,Equifax,749,4,32
12779,7552,12779,2024-04-20,Equifax,656,4,59
12780,5301,12780,2023-11-08,Equifax,845,2,
12781,3988,12781,2020-05-09,TransUnion,621,4,
12782,2679,12782,2022-08-20,Experian,755,4,
12783,9702,12783,2023-05-19,Experian,748,2,
12784,2428,12784,2020-10-11,Equifax,611,1,38
12785,9420,12785,2023-08-20,Experian,738,4,
12786,2649,12786,2020-02-17,TransUnion,626,3,
12787,7735,12787,2022-08-02,TransUnion,732,4,21
12788,9046,12788,2021-11-27,TransUnion,671,1,54
12789,7455,12789,2024-03-25,TransUnion,833,5,16
12790,10768,12790,2022-04-21,Experian,596,3,
12791,9805,12791,2020-07-28,TransUnion,600,5,
12792,14506,12792,2023-02-23,Experian,650,3,
12793,2145,12793,2020-04-05,Equifax,702,0,
12794,148,12794,2023-02-12,Experian,760,4,44
12795,13356,12795,2024-03-31,Experian,739,1,
12796,13897,12796,2021-03-26,TransUnion,631,1,
12797,14564,12797,2020-07-19,Experian,790,4,
12798,6802,12798,2020-11-02,Equifax,586,1,
12799,11530,12799,2023-05-12,Equifax,754,4,
12800,531,12800,2021-10-31,Equifax,738,0,
12801,3714,12801,2021-01-26,Experian,636,1,
12802,14825,12802,2021-10-05,TransUnion,725,1,64
12803,11195,12803,2020-10-15,TransUnion,710,2,48
12804,2104,12804,2023-09-06,TransUnion,689,5,
12805,13851,12805,2022-01-25,Equifax,736,5,54
12806,1529,12806,2022-01-05,Experian,819,2,
12807,4366,12807,2023-04-23,Equifax,737,0,
12808,11186,12808,2023-10-11,Equifax,726,5,62
12809,3483,12809,2022-04-20,TransUnion,657,0,
12810,12401,12810,2021-05-28,Equifax,803,5,
12811,5522,12811,2021-04-13,Equifax,720,1,37
12812,1840,12812,2023-01-27,Experian,651,2,
12813,7609,12813,2024-03-02,Experian,629,2,
12814,11290,12814,2024-05-05,TransUnion,656,4,34
12815,1284,12815,2020-12-01,TransUnion,700,4,8
12816,1743,12816,2021-07-06,Equifax,713,1,14
12817,6990,12817,2023-01-04,Equifax,797,5,50
12818,12207,12818,2020-12-18,Equifax,735,0,
12819,11726,12819,2021-12-28,Experian,662,2,
12820,11740,12820,2023-10-26,TransUnion,598,5,17
12821,13619,12821,2022-02-11,Experian,841,2,47
12822,8450,12822,2020-10-21,Experian,742,0,
12823,11010,12823,2023-12-23,TransUnion,679,5,
12824,10283,12824,2020-09-20,Experian,733,4,
12825,10495,12825,2023-04-21,Experian,719,1,63
12826,8026,12826,2021-01-20,Equifax,820,1,
12827,10929,12827,2021-07-29,Experian,737,1,51
12828,7468,12828,2023-09-24,TransUnion,633,5,
12829,6319,12829,2020-05-11,Equifax,839,1,63
12830,6450,12830,2021-06-10,Experian,772,3,
12831,5737,12831,2022-11-05,Equifax,795,3,
12832,13262,12832,2020-05-20,Experian,703,3,37
12833,13774,12833,2023-12-11,TransUnion,737,3,67
12834,12389,12834,2021-01-09,Equifax,723,1,
12835,8261,12835,2021-05-13,Equifax,695,0,
12836,7956,12836,2022-10-08,Experian,750,3,
12837,2640,12837,2020-10-10,Equifax,666,0,
12838,8026,12838,2020-12-15,Equifax,820,1,39
12839,8366,12839,2022-06-26,Equifax,752,4,
12840,10653,12840,2024-03-24,Experian,619,0,
12841,7032,12841,2022-02-12,TransUnion,581,2,54
12842,4571,12842,2022-03-08,Experian,667,2,
12843,4280,12843,2021-11-04,TransUnion,736,2,17
12844,2334,12844,2024-04-13,Equifax,704,2,
12845,2141,12845,2020-10-21,TransUnion,766,4,
12846,8557,12846,2020-08-07,Equifax,661,0,47
12847,9226,12847,2022-10-09,Equifax,631,3,15
12848,9158,12848,2022-01-10,TransUnion,616,1,36
12849,10265,12849,2021-06-30,Equifax,633,0,
12850,2685,12850,2023-12-28,Equifax,637,5,45
12851,8170,12851,2022-01-12,Experian,654,1,67
12852,12285,12852,2021-06-12,TransUnion,773,4,
12853,6824,12853,2020-02-13,Experian,707,0,
12854,5753,12854,2023-10-11,TransUnion,757,1,5
12855,8579,12855,2021-02-04,TransUnion,846,2,
12856,14930,12856,2022-08-09,Equifax,819,4,
12857,8152,12857,2022-10-10,TransUnion,696,5,56
12858,7389,12858,2020-09-02,Experian,688,2,46
12859,9822,12859,2023-06-04,Experian,720,0,3
12860,10027,12860,2023-10-10,Experian,603,0,26
12861,12348,12861,2022-11-12,TransUnion,689,3,
12862,6676,12862,2020-08-14,TransUnion,729,2,64
12863,7479,12863,2021-10-16,Experian,708,1,
12864,11856,12864,2023-02-03,TransUnion,806,1,71
12865,11193,12865,2021-03-03,TransUnion,720,5,
12866,2791,12866,2022-12-29,Equifax,803,5,58
12867,10611,12867,2023-12-13,TransUnion,597,4,34
12868,7898,12868,2020-06-02,Equifax,692,2,
12869,13129,12869,2021-12-30,Experian,718,4,
12870,5813,12870,2021-06-16,Equifax,726,3,50
12871,49,12871,2020-06-28,TransUnion,580,5,
12872,6422,12872,2021-10-17,TransUnion,748,3,53
12873,13768,12873,2024-03-30,Experian,726,4,15
12874,5147,12874,2021-12-20,Equifax,690,3,71
12875,1914,12875,2022-10-19,TransUnion,595,5,
12876,8027,12876,2020-03-22,Equifax,672,3,53
12877,1966,12877,2020-07-29,Experian,607,0,19
12878,3663,12878,2021-07-15,Experian,609,4,43
12879,14399,12879,2020-01-08,Equifax,582,1,
12880,1671,12880,2020-11-26,Experian,785,4,
12881,3721,12881,2024-05-14,Experian,723,3,
12882,13701,12882,2023-05-05,Experian,692,0,
12883,11174,12883,2022-03-20,Equifax,691,5,51
12884,5177,12884,2020-05-21,Experian,582,5,
12885,13205,12885,2022-09-11,TransUnion,737,3,
12886,14598,12886,2024-03-15,Experian,736,0,
12887,11937,12887,2022-10-17,Equifax,662,0,24
12888,10914,12888,2022-12-27,TransUnion,792,5,
12889,115,12889,2020-11-19,TransUnion,600,3,15
12890,9761,12890,2024-01-05,Equifax,651,2,
12891,3900,12891,2020-06-14,TransUnion,675,1,
12892,6827,12892,2022-07-26,Equifax,719,4,
12893,6580,12893,2022-09-17,Experian,715,2,69
12894,13567,12894,2021-10-03,Experian,750,2,
12895,8134,12895,2020-03-21,TransUnion,743,1,14
12896,2930,12896,2021-05-13,TransUnion,734,3,
12897,4973,12897,2020-01-25,Experian,728,5,
12898,6340,12898,2020-05-19,Equifax,717,3,
12899,11908,12899,2021-07-05,Experian,806,5,63
12900,14,12900,2023-11-19,Equifax,728,5,
12901,12116,12901,2021-05-27,TransUnion,838,3,
12902,11788,12902,2021-12-21,Experian,849,3,57
12903,3572,12903,2021-11-11,TransUnion,723,1,17
12904,31,12904,2022-03-20,TransUnion,658,4,
12905,10574,12905,2020-11-10,TransUnion,698,0,
12906,5737,12906,2020-07-07,TransUnion,795,5,45
12907,11941,12907,2023-05-19,TransUnion,698,5,
12908,12710,12908,2021-02-09,Equifax,690,1,69
12909,2980,12909,2021-11-09,Equifax,618,1,67
12910,11256,12910,2023-08-19,TransUnion,618,4,43
12911,4032,12911,2020-07-25,TransUnion,741,0,
12912,2373,12912,2024-04-20,Equifax,726,1,28
12913,3483,12913,2021-08-23,Experian,657,0,5
12914,13952,12914,2022-03-24,Experian,834,5,
12915,6947,12915,2022-06-13,Experian,669,1,54
12916,6937,12916,2021-05-11,Experian,730,2,57
12917,8430,12917,2023-02-08,Experian,691,0,69
12918,1219,12918,2023-06-27,Experian,674,5,
12919,12612,12919,2023-07-17,TransUnion,843,2,10
12920,12889,12920,2021-08-14,TransUnion,721,3,47
12921,2116,12921,2021-06-27,TransUnion,690,5,
12922,9409,12922,2022-11-07,Equifax,651,1,
12923,2067,12923,2020-08-13,Experian,648,4,
12924,7980,12924,2023-08-30,Equifax,686,5,
12925,12667,12925,2020-02-09,Experian,581,0,
12926,5080,12926,2022-06-21,TransUnion,725,0,9
12927,11529,12927,2021-05-14,Equifax,691,5,
12928,8607,12928,2023-08-02,Experian,707,2,63
12929,8594,12929,2023-02-09,TransUnion,628,5,
12930,12184,12930,2023-01-06,Experian,666,3,
12931,1763,12931,2023-10-01,Equifax,671,4,
12932,5972,12932,2022-01-19,Equifax,734,0,
12933,10602,12933,2022-04-17,Experian,687,1,
12934,4482,12934,2021-05-23,Experian,636,0,13
12935,3643,12935,2020-04-24,Experian,686,0,
12936,6325,12936,2020-03-16,Experian,698,4,
12937,12861,12937,2020-11-18,TransUnion,697,5,
12938,13973,12938,2022-06-14,TransUnion,702,5,7
12939,5939,12939,2022-03-13,Equifax,846,2,44
12940,5340,12940,2022-06-26,Equifax,667,5,
12941,1184,12941,2022-10-02,TransUnion,725,1,48
12942,12019,12942,2020-02-15,Experian,594,0,
12943,13085,12943,2022-09-01,Experian,801,2,
12944,9342,12944,2023-11-02,Equifax,845,5,
12945,10264,12945,2022-11-30,Equifax,633,2,67
12946,8044,12946,2020-01-21,Experian,678,5,
12947,12215,12947,2021-01-30,Equifax,829,5,
12948,2165,12948,2021-04-27,Equifax,674,5,
12949,9231,12949,2020-12-20,TransUnion,752,0,63
12950,11082,12950,2022-03-11,TransUnion,670,3,58
12951,12257,12951,2023-12-08,Equifax,709,1,
12952,5956,12952,2022-07-02,Experian,741,2,33
12953,3127,12953,2023-05-29,Experian,811,5,
12954,11320,12954,2020-06-10,Equifax,621,2,
12955,9231,12955,2022-09-17,TransUnion,752,3,26
12956,4347,12956,2020-02-01,Equifax,594,3,
12957,13122,12957,2023-05-02,Equifax,692,4,
12958,1885,12958,2022-03-13,Equifax,639,2,
12959,11199,12959,2022-06-04,Equifax,589,2,31
12960,7931,12960,2023-03-07,Equifax,837,2,
12961,8263,12961,2020-09-18,TransUnion,845,5,7
12962,13562,12962,2020-11-30,Experian,742,1,30
12963,14164,12963,2021-02-05,Experian,612,4,
12964,13992,12964,2022-09-28,Experian,779,5,35
12965,10873,12965,2020-07-28,TransUnion,741,0,
12966,12007,12966,2021-06-27,Experian,652,1,62
12967,5385,12967,2021-11-01,TransUnion,626,3,
12968,5689,12968,2020-08-24,TransUnion,623,4,34
12969,7551,12969,2022-02-20,Experian,689,2,
12970,10360,12970,2020-08-16,Equifax,749,2,
12971,7115,12971,2024-01-21,Equifax,701,5,
12972,3987,12972,2024-01-06,Experian,748,3,
12973,12503,12973,2023-08-14,Experian,707,0,
12974,12994,12974,2022-12-11,TransUnion,809,3,67
12975,4696,12975,2020-04-09,TransUnion,739,0,14
12976,13773,12976,2021-04-20,Experian,741,5,
12977,14800,12977,2024-03-06,Experian,839,1,
12978,3081,12978,2024-04-21,Equifax,704,2,25
12979,5082,12979,2022-01-25,TransUnion,630,3,37
12980,1021,12980,2022-01-20,TransUnion,725,4,
12981,4556,12981,2022-02-17,TransUnion,649,4,63
12982,14314,12982,2022-05-02,Equifax,719,3,
12983,10569,12983,2020-03-22,Equifax,743,3,9
12984,3680,12984,2021-11-15,Experian,651,2,38
12985,9593,12985,2021-12-02,Experian,727,1,
12986,14261,12986,2023-11-03,Equifax,621,0,23
12987,4851,12987,2020-06-21,Equifax,653,4,
12988,2656,12988,2021-09-01,Experian,701,3,53
12989,14215,12989,2023-05-15,Experian,742,0,
12990,10467,12990,2022-07-05,Experian,718,4,
12991,7246,12991,2022-07-17,Equifax,649,0,
12992,14164,12992,2021-10-18,TransUnion,612,1,
12993,5102,12993,2024-03-13,Experian,846,4,
12994,14758,12994,2024-03-25,Equifax,760,1,17
12995,6242,12995,2020-11-03,Equifax,659,4,
12996,6625,12996,2022-04-02,Experian,849,0,21
12997,1409,12997,2024-04-27,Equifax,731,2,
12998,11402,12998,2023-09-22,TransUnion,739,4,5
12999,3365,12999,2024-02-02,TransUnion,819,2,
13000,9475,13000,2023-11-13,TransUnion,624,3,57
13001,5769,13001,2021-03-22,Experian,615,2,17
13002,13447,13002,2023-06-05,TransUnion,693,3,
13003,5780,13003,2023-09-16,TransUnion,749,4,
13004,5148,13004,2023-10-05,Equifax,676,1,
13005,2980,13005,2020-09-03,Experian,618,3,16
13006,12275,13006,2022-04-15,Equifax,701,5,
13007,5817,13007,2020-01-28,Experian,682,2,
13008,11935,13008,2020-07-22,Equifax,712,3,
13009,3173,13009,2020-06-14,Equifax,697,4,
13010,12551,13010,2023-09-07,Experian,642,5,
13011,14268,13011,2021-05-20,Equifax,734,1,
13012,13426,13012,2020-08-07,TransUnion,685,0,
13013,8387,13013,2020-06-03,Equifax,785,2,
13014,13711,13014,2023-05-25,Equifax,611,0,
13015,4119,13015,2023-02-06,TransUnion,774,5,
13016,5528,13016,2021-06-24,Experian,665,4,59
13017,6585,13017,2021-07-24,Equifax,727,0,
13018,14618,13018,2022-07-21,Experian,624,4,17
13019,3348,13019,2020-09-10,Experian,745,3,
13020,9053,13020,2021-04-24,Equifax,762,2,14
13021,5251,13021,2024-03-05,Experian,723,2,41
13022,14173,13022,2020-03-19,TransUnion,640,5,35
13023,4926,13023,2023-12-22,TransUnion,665,3,
13024,10793,13024,2022-10-11,Experian,744,3,
13025,7128,13025,2023-10-09,Equifax,794,3,
13026,3010,13026,2023-01-20,Equifax,779,0,
13027,8331,13027,2024-04-23,Experian,761,4,
13028,1995,13028,2020-05-28,Equifax,674,5,54
13029,1424,13029,2021-10-28,TransUnion,651,0,
13030,14171,13030,2020-03-29,TransUnion,738,1,
13031,2233,13031,2022-01-24,TransUnion,596,4,
13032,3444,13032,2023-12-17,Equifax,619,5,
13033,5757,13033,2022-08-27,TransUnion,695,2,
13034,8743,13034,2022-02-08,Equifax,583,1,
13035,13598,13035,2021-04-19,Equifax,649,1,
13036,2370,13036,2022-04-09,TransUnion,651,2,
13037,12592,13037,2021-08-04,Experian,630,1,
13038,11713,13038,2023-02-19,Equifax,719,2,
13039,6915,13039,2023-08-31,Experian,688,3,
13040,1664,13040,2020-06-10,TransUnion,696,4,
13041,6851,13041,2022-05-10,Experian,801,0,
13042,12018,13042,2024-02-22,Experian,749,2,
13043,10088,13043,2021-03-17,Experian,749,1,
13044,13301,13044,2021-07-09,TransUnion,695,3,69
13045,12558,13045,2023-12-20,TransUnion,848,1,50
13046,204,13046,2020-07-26,TransUnion,586,5,63
13047,11103,13047,2024-03-02,Experian,626,1,61
13048,1997,13048,2021-11-26,TransUnion,751,1,40
13049,9818,13049,2023-01-08,TransUnion,705,4,
13050,1343,13050,2020-08-06,TransUnion,710,5,4
13051,6010,13051,2020-10-16,Equifax,604,3,68
13052,7659,13052,2023-12-15,Equifax,845,4,9
13053,2067,13053,2024-03-10,Experian,648,1,
13054,6819,13054,2020-03-30,Experian,744,3,
13055,9430,13055,2023-09-29,Experian,699,4,
13056,6144,13056,2022-06-23,Equifax,783,2,
13057,8923,13057,2022-04-25,Experian,725,1,54
13058,14193,13058,2021-08-16,Equifax,831,5,
13059,6711,13059,2023-09-10,Equifax,733,5,
13060,9340,13060,2023-05-26,Equifax,587,3,
13061,5628,13061,2022-10-05,Equifax,664,2,17
13062,5055,13062,2022-11-14,Equifax,719,0,
13063,13849,13063,2020-11-21,Experian,751,2,
13064,4821,13064,2022-10-14,Experian,843,4,64
13065,11081,13065,2022-12-27,Equifax,721,4,
13066,9468,13066,2022-02-09,Equifax,717,1,
13067,5527,13067,2022-04-28,Equifax,734,5,31
13068,6914,13068,2023-03-31,Experian,722,4,36
13069,12089,13069,2024-02-04,Experian,678,0,
13070,10236,13070,2020-05-26,TransUnion,677,1,15
13071,3505,13071,2023-04-01,TransUnion,618,4,
13072,6764,13072,2023-06-20,Experian,696,0,
13073,12991,13073,2022-12-21,Equifax,744,2,
13074,769,13074,2023-02-17,Equifax,722,1,40
13075,3236,13075,2021-04-05,Experian,823,0,
13076,13206,13076,2021-01-12,TransUnion,687,1,71
13077,6840,13077,2021-01-27,Equifax,836,3,
13078,2959,13078,2023-08-16,Equifax,722,1,
13079,1682,13079,2022-11-13,Equifax,692,2,
13080,14648,13080,2023-05-27,Experian,711,2,
13081,1845,13081,2022-08-25,Equifax,742,3,38
13082,8187,13082,2021-01-20,Experian,839,4,45
13083,12085,13083,2024-05-12,TransUnion,726,2,23
13084,4652,13084,2020-01-02,TransUnion,749,4,44
13085,10736,13085,2022-05-16,TransUnion,800,4,
13086,4155,13086,2024-02-07,Experian,598,3,
13087,6880,13087,2021-07-23,Experian,757,4,
13088,1282,13088,2021-08-15,Equifax,709,4,
13089,3496,13089,2020-07-14,Experian,734,2,66
13090,9858,13090,2023-05-27,Experian,590,0,
13091,8179,13091,2023-09-05,Equifax,703,1,69
13092,162,13092,2020-01-25,Equifax,640,4,
13093,13087,13093,2021-07-11,TransUnion,817,5,
13094,8964,13094,2022-01-22,TransUnion,586,5,
13095,7207,13095,2024-01-12,Equifax,834,0,62
13096,1479,13096,2023-05-15,TransUnion,683,1,70
13097,7985,13097,2022-03-16,Equifax,663,4,
13098,13108,13098,2023-08-21,Equifax,653,4,
13099,2555,13099,2021-10-15,Equifax,690,3,52
13100,4262,13100,2021-12-03,Experian,781,0,28
13101,12944,13101,2022-12-24,Equifax,844,5,
13102,4270,13102,2021-06-03,Experian,661,2,
13103,6878,13103,2024-05-02,Equifax,827,3,
13104,8481,13104,2022-10-22,Equifax,615,1,
13105,10691,13105,2020-08-02,Equifax,766,0,63
13106,10339,13106,2021-04-27,TransUnion,650,5,
13107,1490,13107,2023-08-30,Equifax,673,5,
13108,8924,13108,2020-08-05,TransUnion,843,3,
13109,7160,13109,2024-01-05,TransUnion,626,5,
13110,505,13110,2022-06-08,Equifax,695,0,
13111,2891,13111,2023-10-22,Equifax,745,1,
13112,13493,13112,2024-04-27,TransUnion,714,0,21
13113,9300,13113,2022-05-29,Experian,801,2,
13114,9487,13114,2022-03-01,Experian,770,2,55
13115,1492,13115,2022-07-29,Equifax,740,5,
13116,13630,13116,2020-01-09,TransUnion,726,4,22
13117,2861,13117,2021-06-19,Equifax,671,5,
13118,779,13118,2023-07-22,Equifax,679,5,14
13119,7133,13119,2020-07-28,Equifax,819,0,
13120,11296,13120,2021-10-26,TransUnion,626,4,39
13121,7494,13121,2022-08-29,Equifax,675,3,22
13122,5076,13122,2022-06-27,TransUnion,736,4,
13123,13763,13123,2020-11-27,Experian,724,3,61
13124,14129,13124,2021-09-12,Equifax,693,5,
13125,6767,13125,2023-03-28,Experian,700,2,47
13126,7834,13126,2021-10-15,Experian,623,0,
13127,3211,13127,2023-08-26,Equifax,587,2,
13128,13739,13128,2022-03-24,Equifax,694,5,57
13129,7689,13129,2020-09-04,TransUnion,628,3,
13130,1186,13130,2021-09-22,Experian,837,5,
13131,4171,13131,2024-05-05,Equifax,739,5,
13132,5366,13132,2021-01-10,Experian,700,2,47
13133,2484,13133,2021-10-01,TransUnion,766,2,58
13134,11877,13134,2020-06-17,Experian,642,4,
13135,2426,13135,2021-11-29,TransUnion,639,2,12
13136,9732,13136,2020-11-10,Equifax,747,5,61
13137,6853,13137,2020-03-02,Equifax,713,1,
13138,12520,13138,2022-09-18,TransUnion,714,3,
13139,2938,13139,2020-02-13,Experian,763,3,
13140,5905,13140,2021-08-04,Equifax,749,1,
13141,7677,13141,2021-04-12,TransUnion,748,1,
13142,13662,13142,2022-04-26,TransUnion,730,3,
13143,14354,13143,2023-06-19,TransUnion,841,4,6
13144,6542,13144,2021-05-09,Experian,714,1,
13145,9745,13145,2020-02-02,Experian,651,2,
13146,1596,13146,2020-02-05,Experian,743,4,
13147,5026,13147,2023-06-22,Equifax,738,1,
13148,4448,13148,2023-03-26,Equifax,748,3,
13149,10042,13149,2023-11-26,TransUnion,778,5,51
13150,5372,13150,2021-10-31,Equifax,774,2,28
13151,4203,13151,2024-04-23,Experian,669,2,70
13152,6018,13152,2023-07-05,Equifax,643,3,
13153,13596,13153,2021-09-22,TransUnion,722,2,10
13154,12212,13154,2023-09-21,Equifax,774,2,
13155,8239,13155,2021-10-30,Experian,645,4,
13156,1067,13156,2024-01-01,Equifax,751,5,
13157,9970,13157,2022-05-14,Equifax,781,0,
13158,8859,13158,2021-07-10,Experian,684,0,
13159,8194,13159,2023-03-21,Equifax,690,4,16
13160,10245,13160,2020-09-12,Experian,659,1,
13161,10251,13161,2022-05-31,Experian,612,2,
13162,4518,13162,2021-07-03,TransUnion,763,1,59
13163,2705,13163,2022-07-18,Equifax,816,3,
13164,11218,13164,2020-09-08,Equifax,610,5,
13165,10104,13165,2023-12-13,TransUnion,629,2,32
13166,6828,13166,2021-06-11,Equifax,740,2,
13167,2061,13167,2020-03-28,Experian,800,0,
13168,13170,13168,2024-04-23,Equifax,806,5,
13169,7564,13169,2022-06-19,Equifax,758,0,22
13170,13780,13170,2020-07-22,Experian,774,1,
13171,11191,13171,2022-10-13,Experian,732,0,
13172,7541,13172,2023-03-19,TransUnion,741,1,
13173,5431,13173,2021-11-14,Equifax,823,4,61
13174,13504,13174,2023-03-02,Equifax,586,3,
13175,6562,13175,2021-04-11,Equifax,777,3,23
13176,12405,13176,2022-01-31,TransUnion,706,0,
13177,818,13177,2021-03-04,Equifax,805,4,
13178,13634,13178,2023-01-20,TransUnion,692,2,60
13179,7899,13179,2021-09-17,Equifax,662,0,71
13180,7859,13180,2022-08-02,TransUnion,746,4,
13181,3490,13181,2023-03-14,TransUnion,844,0,27
13182,6035,13182,2022-06-15,Equifax,711,5,
13183,11023,13183,2023-04-25,Equifax,726,1,43
13184,7415,13184,2020-07-03,Experian,601,3,
13185,1209,13185,2022-01-03,TransUnion,673,4,70
13186,3971,13186,2020-07-30,TransUnion,806,0,
13187,14116,13187,2022-08-11,TransUnion,643,5,
13188,4013,13188,2020-07-11,TransUnion,722,3,
13189,13147,13189,2021-10-06,TransUnion,643,1,
13190,2155,13190,2020-02-14,Experian,667,5,
13191,11076,13191,2023-02-20,Experian,731,4,
13192,4501,13192,2023-05-21,TransUnion,665,4,
13193,13823,13193,2024-04-05,Experian,701,0,38
13194,12340,13194,2021-02-28,TransUnion,686,0,
13195,349,13195,2021-09-15,Equifax,745,0,3
13196,9731,13196,2024-03-23,TransUnion,738,2,
13197,1970,13197,2023-04-28,Experian,679,5,
13198,11594,13198,2021-06-21,TransUnion,642,1,29
13199,5965,13199,2024-05-22,Equifax,708,1,59
13200,12994,13200,2024-01-12,Equifax,809,5,
13201,6236,13201,2022-02-01,Experian,764,0,
13202,3836,13202,2022-08-09,Equifax,744,1,
13203,1451,13203,2022-10-28,Equifax,747,2,
13204,7068,13204,2024-05-19,TransUnion,610,3,
13205,1148,13205,2021-12-18,Equifax,692,1,66
13206,8734,13206,2021-01-15,Equifax,727,3,
13207,5319,13207,2023-07-07,Experian,712,0,61
13208,4224,13208,2020-02-26,Equifax,613,0,
13209,329,13209,2023-06-18,Experian,685,0,68
13210,8110,13210,2020-08-26,Experian,745,5,
13211,3400,13211,2020-07-15,Experian,715,2,
13212,13636,13212,2023-12-05,Equifax,670,1,
13213,5516,13213,2020-02-14,TransUnion,644,2,
13214,14146,13214,2020-09-28,Experian,744,2,
13215,194,13215,2020-11-25,Experian,692,1,
13216,4278,13216,2022-05-26,Equifax,606,3,
13217,5066,13217,2020-11-13,Equifax,744,4,
13218,1419,13218,2023-05-07,TransUnion,720,4,
13219,4486,13219,2022-03-02,Experian,829,4,4
13220,14215,13220,2020-03-23,TransUnion,742,2,22
13221,2231,13221,2022-06-23,Equifax,720,4,
13222,4771,13222,2020-05-19,Experian,650,5,10
13223,960,13223,2023-10-11,Equifax,689,4,
13224,8715,13224,2021-02-23,Experian,657,0,19
13225,1942,13225,2020-07-01,TransUnion,636,1,18
13226,996,13226,2024-02-01,Experian,636,4,
13227,12007,13227,2023-04-11,Experian,652,5,
13228,3565,13228,2022-12-08,Experian,615,3,35
13229,14645,13229,2023-06-01,Equifax,739,1,
13230,418,13230,2022-04-25,Equifax,646,3,
13231,14016,13231,2022-04-21,Equifax,675,3,
13232,1150,13232,2020-02-24,Experian,726,3,58
13233,878,13233,2020-03-05,Equifax,743,3,
13234,10304,13234,2021-12-17,Experian,674,0,
13235,6861,13235,2020-11-14,Experian,844,4,
13236,4349,13236,2024-04-17,Experian,679,2,3
13237,11709,13237,2020-10-05,Experian,836,0,
13238,3945,13238,2023-09-06,Experian,834,4,
13239,6900,13239,2020-06-11,Equifax,765,5,
13240,9004,13240,2020-02-10,Experian,718,1,
13241,9576,13241,2020-11-01,Experian,583,0,
13242,104,13242,2021-05-15,Equifax,716,4,
13243,10367,13243,2021-02-12,Equifax,730,4,34
13244,1715,13244,2020-11-05,Equifax,676,1,36
13245,3698,13245,2024-02-12,Equifax,700,3,
13246,2266,13246,2022-10-18,Experian,813,1,
13247,5776,13247,2022-12-09,Equifax,753,0,
13248,14939,13248,2021-02-21,Experian,710,1,7
13249,12019,13249,2021-07-23,TransUnion,594,3,62
13250,6162,13250,2024-04-23,Experian,650,2,
13251,10148,13251,2024-01-27,Experian,649,2,
13252,10084,13252,2022-02-25,TransUnion,661,1,
13253,12615,13253,2023-09-14,TransUnion,703,5,3
13254,5660,13254,2023-11-23,Experian,738,4,59
13255,5135,13255,2022-09-26,Equifax,679,3,28
13256,13255,13256,2024-04-08,TransUnion,675,5,
13257,9686,13257,2024-03-03,Equifax,631,0,
13258,7315,13258,2023-11-30,Equifax,655,5,
13259,5046,13259,2024-03-04,Equifax,685,4,31
13260,2114,13260,2020-11-03,TransUnion,815,3,45
13261,4192,13261,2022-07-17,Experian,661,1,
13262,1595,13262,2020-04-15,Experian,713,5,39
13263,13140,13263,2023-12-20,TransUnion,699,4,
13264,6309,13264,2023-06-11,TransUnion,707,2,
13265,13483,13265,2020-03-09,Experian,758,1,22
13266,6189,13266,2022-11-02,Experian,690,1,65
13267,4364,13267,2023-07-08,Experian,715,2,
13268,6276,13268,2020-01-27,Equifax,718,5,60
13269,11384,13269,2022-09-20,TransUnion,681,1,
13270,8552,13270,2021-10-29,TransUnion,711,1,19
13271,3421,13271,2022-03-27,Experian,626,1,60
13272,540,13272,2023-11-14,TransUnion,727,0,
13273,2855,13273,2021-01-31,Experian,812,0,
13274,3615,13274,2023-12-05,Equifax,713,2,16
13275,1106,13275,2023-09-12,Equifax,727,5,41
13276,4528,13276,2021-07-15,Equifax,727,3,18
13277,1775,13277,2021-12-27,Experian,832,1,
13278,10746,13278,2022-02-27,TransUnion,712,5,5
13279,14241,13279,2021-06-06,TransUnion,679,4,
13280,4428,13280,2021-02-09,TransUnion,659,4,
13281,3833,13281,2024-04-27,Equifax,836,1,50
13282,12055,13282,2022-10-14,Equifax,720,1,
13283,8705,13283,2020-12-28,Experian,592,2,
13284,12215,13284,2021-02-22,Equifax,829,5,
13285,10231,13285,2021-12-21,Experian,580,4,
13286,6188,13286,2021-07-30,TransUnion,739,3,
13287,12894,13287,2024-05-30,Equifax,740,0,
13288,13814,13288,2023-08-15,Experian,709,1,
13289,14845,13289,2021-12-10,Equifax,651,4,
13290,10770,13290,2021-08-07,Equifax,707,2,49
13291,9522,13291,2020-10-15,TransUnion,710,0,
13292,12717,13292,2023-05-27,Experian,749,5,
13293,8819,13293,2024-03-31,Experian,689,4,
13294,8271,13294,2020-11-02,Equifax,841,3,26
13295,608,13295,2023-01-28,Equifax,633,2,
13296,12387,13296,2020-06-29,Experian,702,0,18
13297,9057,13297,2020-07-17,TransUnion,676,3,19
13298,12697,13298,2020-08-08,Experian,703,5,
13299,10802,13299,2021-04-25,Equifax,695,2,
13300,6917,13300,2021-08-28,Equifax,639,4,55
13301,10377,13301,2021-06-17,Equifax,616,2,
13302,8620,13302,2022-01-20,Equifax,752,0,
13303,1401,13303,2022-04-13,Experian,642,3,18
13304,6273,13304,2024-04-14,Equifax,705,1,38
13305,12662,13305,2021-12-27,Experian,740,3,38
13306,12272,13306,2021-06-05,Equifax,674,0,
13307,13710,13307,2021-10-19,Equifax,837,1,
13308,5810,13308,2022-01-06,Equifax,765,0,17
13309,3159,13309,2022-09-15,TransUnion,786,4,
13310,5822,13310,2021-07-24,TransUnion,740,1,
13311,714,13311,2022-01-10,Experian,657,3,60
13312,10085,13312,2022-08-26,Experian,737,1,
13313,13514,13313,2020-02-01,Experian,671,5,25
13314,12652,13314,2023-06-30,Equifax,717,1,71
13315,7466,13315,2023-11-03,Equifax,734,0,
13316,1203,13316,2021-03-26,TransUnion,736,4,15
13317,3861,13317,2021-10-13,TransUnion,635,5,15
13318,12573,13318,2022-02-22,TransUnion,654,1,18
13319,7920,13319,2023-07-20,TransUnion,602,3,59
13320,5728,13320,2023-04-15,Experian,838,2,62
13321,6546,13321,2022-08-10,Equifax,735,2,29
13322,12489,13322,2022-12-27,TransUnion,675,2,
13323,6760,13323,2024-04-13,Experian,731,0,21
13324,2551,13324,2020-03-24,Equifax,719,4,30
13325,10763,13325,2020-09-09,Experian,740,3,
13326,5604,13326,2022-03-26,Equifax,769,2,7
13327,7858,13327,2022-10-16,Experian,768,3,
13328,5179,13328,2022-07-13,TransUnion,660,0,57
13329,12373,13329,2022-06-27,Experian,737,2,
13330,11799,13330,2022-11-10,TransUnion,722,5,
13331,1356,13331,2020-08-11,Experian,661,0,
13332,439,13332,2020-02-10,Experian,717,4,
13333,13804,13333,2022-02-03,Equifax,647,3,
13334,8627,13334,2020-06-20,Experian,728,3,
13335,8386,13335,2020-01-13,Equifax,653,1,
13336,6247,13336,2021-06-16,Experian,682,0,
13337,9443,13337,2021-04-03,Equifax,694,0,57
13338,11439,13338,2020-04-25,TransUnion,740,3,
13339,1922,13339,2022-06-28,TransUnion,719,5,
13340,11813,13340,2020-02-01,TransUnion,720,4,
13341,5879,13341,2023-08-16,Experian,687,0,
13342,6173,13342,2020-06-25,Equifax,608,4,
13343,14160,13343,2021-05-22,Equifax,834,1,
13344,9405,13344,2022-09-17,TransUnion,706,4,
13345,4662,13345,2022-03-13,Experian,581,3,
13346,2935,13346,2023-09-01,Equifax,721,1,22
13347,6091,13347,2023-07-08,TransUnion,741,4,30
13348,13154,13348,2022-09-02,Experian,846,0,29
13349,10361,13349,2021-09-11,Experian,673,2,25
13350,1159,13350,2021-12-04,TransUnion,781,0,
13351,10510,13351,2023-06-03,Experian,597,5,23
13352,7156,13352,2021-02-26,Equifax,722,2,
13353,5997,13353,2023-09-05,Equifax,733,2,56
13354,14432,13354,2020-10-28,Equifax,740,3,
13355,13356,13355,2021-10-28,Equifax,739,3,
13356,8848,13356,2022-11-30,Equifax,678,3,
13357,14289,13357,2022-10-04,Equifax,600,0,
13358,10234,13358,2021-04-17,Equifax,693,3,62
13359,3310,13359,2023-04-28,Experian,721,5,40
13360,11985,13360,2020-03-03,TransUnion,704,3,46
13361,5318,13361,2022-12-03,Equifax,609,5,52
13362,4621,13362,2021-09-23,Experian,605,5,
13363,7662,13363,2023-01-09,Experian,744,3,
13364,11111,13364,2020-03-15,TransUnion,815,4,7
13365,1444,13365,2022-11-26,TransUnion,681,1,
13366,7105,13366,2023-06-02,Equifax,683,0,
13367,9149,13367,2023-10-24,Experian,818,0,54
13368,5475,13368,2024-02-20,Equifax,672,0,31
13369,10261,13369,2023-12-10,TransUnion,695,3,67
13370,14426,13370,2022-01-18,TransUnion,680,3,
13371,10180,13371,2023-05-04,Equifax,678,3,43
13372,97,13372,2021-12-16,Experian,741,4,
13373,14140,13373,2023-02-02,Equifax,679,0,
13374,460,13374,2024-02-04,Equifax,646,1,
13375,10181,13375,2021-08-08,Equifax,599,3,
13376,6978,13376,2024-03-08,Equifax,839,0,42
13377,1788,13377,2020-01-28,TransUnion,710,0,34
13378,5775,13378,2020-03-09,Experian,721,1,21
13379,5109,13379,2023-01-23,Experian,715,5,
13380,4312,13380,2020-07-04,Equifax,690,1,
13381,785,13381,2023-04-21,Equifax,664,2,
13382,1202,13382,2023-01-24,TransUnion,645,5,
13383,5946,13383,2022-07-24,TransUnion,709,5,57
13384,9452,13384,2020-01-28,Experian,757,4,49
13385,4397,13385,2020-10-08,TransUnion,732,3,
13386,5376,13386,2020-01-06,Experian,632,0,
13387,5884,13387,2022-04-09,Equifax,836,2,41
13388,7524,13388,2020-09-28,Experian,635,5,
13389,3131,13389,2024-05-14,TransUnion,590,2,
13390,5594,13390,2022-09-06,Experian,747,2,28
13391,14379,13391,2022-03-27,Equifax,612,2,
13392,3853,13392,2023-11-17,Equifax,792,1,27
13393,9143,13393,2022-08-22,Equifax,827,2,66
13394,6499,13394,2020-06-29,TransUnion,758,0,33
13395,2144,13395,2023-10-27,Experian,671,2,
13396,10148,13396,2022-01-20,Experian,649,3,
13397,5028,13397,2022-09-03,Experian,725,5,65
13398,4891,13398,2023-10-06,Equifax,682,1,
13399,8067,13399,2023-01-29,TransUnion,704,2,
13400,11507,13400,2023-02-03,TransUnion,705,3,11
13401,607,13401,2023-03-16,TransUnion,738,3,
13402,7021,13402,2020-02-03,Experian,760,0,
13403,7136,13403,2021-03-24,TransUnion,762,1,31
13404,3577,13404,2020-06-28,Experian,702,3,
13405,13156,13405,2022-09-24,Experian,745,3,68
13406,6485,13406,2023-11-07,Experian,785,1,36
13407,5247,13407,2023-10-30,Equifax,696,5,
13408,4384,13408,2023-04-09,TransUnion,735,5,
13409,11503,13409,2022-02-04,Experian,634,2,53
13410,8239,13410,2020-09-30,Equifax,645,5,
13411,12409,13411,2021-12-06,Equifax,587,1,
13412,9160,13412,2023-02-17,Experian,597,1,62
13413,6479,13413,2021-08-01,Experian,800,0,46
13414,1975,13414,2021-03-04,TransUnion,732,5,
13415,12291,13415,2023-05-04,TransUnion,720,1,
13416,344,13416,2024-05-16,Equifax,850,3,14
13417,5099,13417,2022-09-16,Experian,727,3,
13418,2349,13418,2023-02-21,Experian,652,1,51
13419,11892,13419,2020-03-28,TransUnion,618,2,
13420,8606,13420,2022-03-03,Equifax,727,3,12
13421,4456,13421,2020-12-03,TransUnion,634,3,
13422,13569,13422,2024-01-23,TransUnion,627,2,
13423,12614,13423,2021-12-30,TransUnion,749,0,
13424,8667,13424,2021-08-09,TransUnion,584,5,5
13425,11234,13425,2023-07-28,Experian,641,4,
13426,5529,13426,2022-07-02,TransUnion,685,1,16
13427,8680,13427,2022-04-01,TransUnion,679,5,57
13428,7727,13428,2021-08-13,Experian,603,2,
13429,2913,13429,2023-07-15,TransUnion,626,1,
13430,1911,13430,2020-10-03,Equifax,786,2,
13431,13584,13431,2021-06-02,Experian,721,2,9
13432,10201,13432,2024-05-19,Experian,702,1,30
13433,13931,13433,2022-12-05,Experian,708,5,
13434,12301,13434,2021-06-14,Experian,660,2,
13435,13273,13435,2020-07-30,Experian,592,4,39
13436,3284,13436,2020-10-24,Equifax,832,4,
13437,5336,13437,2020-09-06,TransUnion,607,5,
13438,2800,13438,2022-02-04,TransUnion,749,5,
13439,12505,13439,2022-11-04,Equifax,721,4,32
13440,6480,13440,2021-01-05,Experian,653,0,12
13441,14465,13441,2020-01-07,Equifax,646,0,
13442,6885,13442,2021-08-23,Experian,721,1,
13443,5233,13443,2023-07-03,Experian,733,0,50
13444,14749,13444,2020-02-24,TransUnion,752,0,42
13445,12559,13445,2020-11-26,Experian,803,0,13
13446,1181,13446,2020-09-09,Equifax,816,1,
13447,11040,13447,2023-01-30,Equifax,746,5,
13448,11912,13448,2020-04-24,TransUnion,595,3,67
13449,8842,13449,2021-03-01,TransUnion,619,3,58
13450,10817,13450,2023-09-27,Experian,668,1,19
13451,6338,13451,2023-06-05,TransUnion,697,3,
13452,292,13452,2023-11-26,Experian,694,0,
13453,3459,13453,2021-03-16,Equifax,634,0,
13454,2372,13454,2023-11-02,Experian,849,1,
13455,6452,13455,2021-01-08,Equifax,669,1,
13456,1250,13456,2022-03-18,TransUnion,680,2,
13457,14258,13457,2021-06-23,TransUnion,580,4,25
13458,3166,13458,2022-01-05,Experian,642,5,
13459,7077,13459,2022-07-18,TransUnion,744,1,
13460,1197,13460,2022-12-24,TransUnion,812,5,51
13461,13629,13461,2022-06-17,Equifax,689,5,
13462,3047,13462,2021-06-29,Experian,728,3,
13463,9201,13463,2023-05-15,Equifax,634,1,65
13464,12875,13464,2024-02-22,Experian,717,4,
13465,829,13465,2021-05-31,TransUnion,757,0,28
13466,12781,13466,2021-08-28,Equifax,640,4,
13467,4758,13467,2020-09-29,Equifax,785,3,
13468,13199,13468,2021-12-14,Experian,760,3,
13469,11830,13469,2023-01-03,Experian,798,0,
13470,11111,13470,2020-01-15,TransUnion,815,4,
13471,5144,13471,2022-07-11,Experian,630,4,
13472,3532,13472,2021-03-23,Equifax,816,4,69
13473,625,13473,2023-05-10,TransUnion,757,5,
13474,11669,13474,2021-11-12,TransUnion,739,4,69
13475,13768,13475,2021-08-09,Experian,726,5,
13476,1895,13476,2023-09-08,TransUnion,738,2,61
13477,14963,13477,2022-02-09,Experian,660,3,46
13478,769,13478,2022-07-29,Equifax,722,3,15
13479,9344,13479,2021-02-02,Equifax,745,0,
13480,1503,13480,2020-11-04,Experian,667,5,47
13481,9006,13481,2020-03-19,Equifax,741,1,33
13482,8988,13482,2021-12-30,Experian,733,1,
13483,13231,13483,2021-05-28,TransUnion,723,1,
13484,14610,13484,2022-08-28,Equifax,683,4,35
13485,9062,13485,2022-08-13,Experian,807,0,32
13486,11492,13486,2020-08-12,TransUnion,654,4,30
13487,7072,13487,2022-02-18,Equifax,730,4,
13488,12263,13488,2022-02-11,TransUnion,761,4,34
13489,1472,13489,2020-07-25,Experian,731,3,
13490,14094,13490,2022-01-19,Equifax,824,0,
13491,116,13491,2020-01-08,TransUnion,675,4,29
13492,3807,13492,2021-07-10,Equifax,661,0,
13493,14436,13493,2023-02-25,Experian,697,4,
13494,8800,13494,2020-08-25,Equifax,679,0,
13495,7340,13495,2021-06-24,TransUnion,768,0,10
13496,8844,13496,2021-01-06,Experian,595,0,18
13497,14863,13497,2023-06-20,Experian,589,0,35
13498,4238,13498,2020-07-03,Equifax,655,5,
13499,6634,13499,2020-05-15,Equifax,673,1,
13500,1130,13500,2021-04-08,TransUnion,751,2,
13501,5618,13501,2020-11-10,Equifax,733,2,16
13502,2198,13502,2022-08-09,Experian,687,2,
13503,4953,13503,2021-06-08,Equifax,715,0,66
13504,2292,13504,2021-04-15,TransUnion,844,2,60
13505,5981,13505,2024-01-06,TransUnion,841,2,25
13506,12527,13506,2022-04-26,TransUnion,716,1,
13507,13646,13507,2023-08-18,Equifax,721,3,50
13508,110,13508,2022-02-14,Equifax,724,2,
13509,14590,13509,2022-10-17,Experian,827,0,29
13510,3236,13510,2020-07-25,Experian,823,2,
13511,4095,13511,2020-06-20,Experian,708,3,
13512,5516,13512,2020-10-25,Equifax,644,2,
13513,6201,13513,2020-07-30,Equifax,714,2,
13514,13195,13514,2021-11-18,TransUnion,789,1,
13515,1983,13515,2022-08-19,Experian,719,2,
13516,13165,13516,2023-11-02,Equifax,679,5,36
13517,4770,13517,2023-06-04,TransUnion,668,5,
13518,14308,13518,2024-01-08,TransUnion,784,5,45
13519,7168,13519,2022-04-14,TransUnion,727,2,
13520,4347,13520,2022-07-02,Equifax,594,5,
13521,5014,13521,2020-01-18,TransUnion,627,2,
13522,10110,13522,2021-10-02,TransUnion,666,3,
13523,4414,13523,2023-01-01,Equifax,689,4,
13524,11840,13524,2024-02-16,Experian,706,4,
13525,6220,13525,2022-04-02,TransUnion,815,2,54
13526,13898,13526,2020-03-14,TransUnion,749,4,
13527,8135,13527,2021-11-20,Equifax,648,0,42
13528,3888,13528,2021-11-21,Equifax,701,0,
13529,7748,13529,2020-09-27,Experian,715,4,
13530,5300,13530,2021-08-12,Experian,653,5,3
13531,10549,13531,2021-07-14,TransUnion,632,3,
13532,4309,13532,2022-01-21,Experian,727,4,
13533,6312,13533,2021-06-12,Experian,813,1,35
13534,12628,13534,2022-10-23,TransUnion,640,3,
13535,1879,13535,2024-03-07,Equifax,837,3,29
13536,11140,13536,2024-02-18,Experian,584,1,26
13537,8171,13537,2023-01-24,Equifax,850,3,
13538,374,13538,2021-06-16,Equifax,626,1,
13539,12899,13539,2020-09-26,Equifax,825,1,
13540,6828,13540,2022-05-29,Experian,740,4,42
13541,8380,13541,2023-01-14,TransUnion,749,5,55
13542,8613,13542,2020-07-27,Experian,692,0,65
13543,14880,13543,2024-04-10,Experian,745,1,
13544,8975,13544,2020-10-03,TransUnion,662,5,
13545,9601,13545,2023-05-01,Experian,708,1,
13546,10730,13546,2020-08-24,Experian,660,4,
13547,13899,13547,2020-04-06,TransUnion,699,2,
13548,2406,13548,2024-02-12,Equifax,729,4,
13549,9753,13549,2023-06-19,Equifax,709,2,52
13550,9108,13550,2024-05-17,TransUnion,754,1,
13551,4129,13551,2023-12-23,Equifax,592,4,53
13552,4458,13552,2021-07-17,Equifax,689,0,
13553,4542,13553,2022-05-05,Experian,665,1,
13554,7127,13554,2022-05-28,Equifax,604,5,4
13555,5304,13555,2020-10-30,Equifax,814,1,
13556,1781,13556,2024-05-29,Experian,694,4,
13557,3308,13557,2023-12-26,Experian,597,2,62
13558,10401,13558,2022-06-05,TransUnion,593,5,
13559,6727,13559,2021-09-14,Equifax,736,0,
13560,2099,13560,2022-01-22,Experian,800,2,
13561,611,13561,2021-06-17,Equifax,742,0,71
13562,6417,13562,2023-12-23,TransUnion,744,1,28
13563,2305,13563,2023-01-03,Experian,718,5,
13564,10059,13564,2020-01-01,Equifax,674,1,
13565,8156,13565,2023-02-12,Experian,744,2,40
13566,11318,13566,2023-07-20,TransUnion,647,1,
13567,10823,13567,2021-11-27,Experian,730,3,
13568,5024,13568,2020-12-03,Equifax,695,0,
13569,12389,13569,2020-01-03,TransUnion,723,1,
13570,10932,13570,2022-06-06,Equifax,781,4,
13571,11022,13571,2024-01-09,TransUnion,724,5,58
13572,12648,13572,2022-04-14,Equifax,676,1,41
13573,3449,13573,2022-01-13,TransUnion,620,2,
13574,8243,13574,2021-01-17,TransUnion,602,3,
13575,5009,13575,2024-02-13,Equifax,580,5,31
13576,9083,13576,2023-10-16,Equifax,659,1,70
13577,5770,13577,2022-10-07,Equifax,813,4,
13578,1327,13578,2023-04-12,Experian,668,5,
13579,13747,13579,2020-11-21,TransUnion,724,2,48
13580,5376,13580,2021-05-13,Equifax,632,0,
13581,7794,13581,2021-02-11,TransUnion,633,5,
13582,9279,13582,2022-05-09,TransUnion,740,2,47
13583,9866,13583,2021-01-26,TransUnion,663,0,
13584,2495,13584,2022-10-31,Experian,730,2,
13585,3305,13585,2022-12-16,Equifax,685,2,4
13586,1650,13586,2020-09-05,Experian,790,5,71
13587,2208,13587,2023-01-18,TransUnion,648,0,
13588,3380,13588,2022-11-14,Experian,756,0,
13589,3650,13589,2023-05-02,TransUnion,793,1,
13590,13949,13590,2022-02-22,Equifax,676,4,22
13591,14586,13591,2022-05-11,TransUnion,590,3,
13592,1510,13592,2020-09-30,Equifax,708,0,
13593,1356,13593,2020-05-27,Equifax,661,0,
13594,13124,13594,2021-08-04,Experian,633,3,
13595,3628,13595,2022-07-10,TransUnion,599,1,3
13596,10232,13596,2020-08-12,Equifax,655,4,22
13597,7158,13597,2022-12-01,Equifax,619,0,34
13598,9146,13598,2022-12-09,TransUnion,675,1,
13599,7934,13599,2020-07-27,Experian,658,3,31
13600,14054,13600,2024-03-04,Equifax,589,1,67
13601,4007,13601,2023-09-28,Experian,728,1,
13602,1438,13602,2022-11-16,Equifax,650,0,
13603,7783,13603,2020-09-20,Equifax,735,4,
13604,10591,13604,2024-04-14,Experian,746,5,
13605,3823,13605,2021-08-10,TransUnion,833,1,
13606,687,13606,2023-06-21,TransUnion,693,2,35
13607,13878,13607,2022-08-16,TransUnion,670,4,58
13608,3850,13608,2023-03-03,Equifax,736,5,63
13609,10008,13609,2020-05-26,Equifax,720,2,
13610,6940,13610,2023-06-28,Equifax,703,3,42
13611,4517,13611,2020-03-17,TransUnion,833,0,5
13612,4730,13612,2020-02-28,Experian,670,0,
13613,4671,13613,2023-10-02,TransUnion,698,0,
13614,9125,13614,2021-04-05,Equifax,678,2,
13615,2083,13615,2020-12-21,Equifax,721,0,
13616,14362,13616,2022-09-11,Experian,798,4,
13617,6133,13617,2021-11-07,Equifax,789,1,22
13618,13389,13618,2020-08-28,Experian,726,2,
13619,5290,13619,2024-03-06,Equifax,744,4,
13620,10717,13620,2021-01-14,TransUnion,610,4,7
13621,1878,13621,2022-01-24,Experian,693,0,
13622,3758,13622,2021-03-20,Equifax,721,0,
13623,2345,13623,2020-02-03,TransUnion,703,1,
13624,6438,13624,2021-10-24,TransUnion,604,1,60
13625,10246,13625,2021-09-29,TransUnion,634,2,
13626,4320,13626,2021-10-26,TransUnion,582,0,11
13627,2535,13627,2023-07-02,TransUnion,782,1,
13628,9457,13628,2020-10-26,Experian,683,0,
13629,6514,13629,2021-10-06,Experian,731,1,
13630,1140,13630,2023-01-09,TransUnion,761,1,50
13631,4405,13631,2022-05-06,Equifax,710,5,
13632,10523,13632,2023-03-24,TransUnion,601,3,
13633,390,13633,2024-01-09,Equifax,812,0,
13634,13742,13634,2023-03-19,TransUnion,809,4,
13635,746,13635,2021-02-09,Experian,673,2,
13636,4520,13636,2021-02-28,Experian,606,1,
13637,14671,13637,2023-09-14,TransUnion,676,1,
13638,271,13638,2023-03-09,Equifax,689,1,53
13639,6111,13639,2023-03-23,Experian,695,0,
13640,11345,13640,2020-03-02,TransUnion,734,3,
13641,9418,13641,2024-03-07,Equifax,727,3,
13642,9983,13642,2022-03-07,TransUnion,719,0,
13643,9215,13643,2020-08-15,TransUnion,607,3,
13644,820,13644,2023-09-09,Equifax,646,5,
13645,13316,13645,2021-11-09,Equifax,679,0,
13646,14492,13646,2022-05-28,Experian,755,5,18
13647,2538,13647,2021-10-11,Experian,828,5,9
13648,2853,13648,2020-01-26,Experian,730,0,
13649,5137,13649,2022-11-01,TransUnion,715,0,
13650,11752,13650,2024-01-22,Equifax,650,3,
13651,7295,13651,2021-12-07,Experian,729,2,23
13652,8150,13652,2021-12-22,TransUnion,708,4,20
13653,9193,13653,2022-08-22,Equifax,697,4,47
13654,14653,13654,2022-03-27,Experian,662,5,62
13655,8896,13655,2020-02-29,TransUnion,725,5,
13656,3821,13656,2024-02-26,TransUnion,627,1,
13657,10781,13657,2020-01-13,TransUnion,683,4,51
13658,12414,13658,2021-06-22,Experian,709,2,40
13659,11394,13659,2022-06-15,Equifax,650,3,56
13660,9027,13660,2021-02-22,TransUnion,748,5,54
13661,14048,13661,2022-05-05,Experian,689,4,6
13662,8281,13662,2023-05-28,TransUnion,663,5,7
13663,5713,13663,2021-08-24,Experian,814,0,
13664,6883,13664,2020-03-02,TransUnion,674,0,39
13665,6205,13665,2023-07-16,TransUnion,710,3,8
13666,12514,13666,2023-01-15,Equifax,640,1,24
13667,116,13667,2021-01-31,TransUnion,675,0,43
13668,12815,13668,2020-09-07,TransUnion,790,1,
13669,5908,13669,2020-04-06,Equifax,815,1,
13670,4513,13670,2021-10-23,TransUnion,730,5,55
13671,7957,13671,2023-05-03,Equifax,732,2,
13672,7463,13672,2023-07-03,Experian,690,2,8
13673,2603,13673,2023-10-03,Equifax,671,1,
13674,4492,13674,2020-02-18,Equifax,591,3,38
13675,10205,13675,2020-01-30,TransUnion,709,1,33
13676,3268,13676,2024-02-12,Equifax,716,0,13
13677,348,13677,2023-02-11,Experian,735,2,19
13678,2841,13678,2024-02-23,Experian,730,2,
13679,3615,13679,2022-10-08,TransUnion,713,2,
13680,5541,13680,2020-05-19,TransUnion,827,1,
13681,7452,13681,2022-01-02,Experian,705,5,25
13682,14478,13682,2020-12-09,TransUnion,619,5,47
13683,5038,13683,2020-08-20,Experian,656,3,
13684,12193,13684,2021-05-19,TransUnion,724,1,
13685,2662,13685,2022-07-20,Equifax,824,0,
13686,6104,13686,2022-02-12,Equifax,649,2,47
13687,2322,13687,2022-10-12,TransUnion,798,2,
13688,13501,13688,2021-04-18,TransUnion,733,1,
13689,3104,13689,2020-03-23,Equifax,732,3,
13690,7837,13690,2023-11-26,Experian,769,3,
13691,11694,13691,2022-06-21,Experian,781,5,
13692,5629,13692,2023-06-08,Experian,824,4,4
13693,5293,13693,2021-08-18,TransUnion,617,5,
13694,1269,13694,2023-01-13,Equifax,690,5,60
13695,14913,13695,2022-04-29,Experian,721,0,
13696,3969,13696,2023-04-04,Experian,707,1,
13697,8627,13697,2023-05-23,TransUnion,728,4,43
13698,11534,13698,2020-05-15,Experian,665,5,48
13699,2254,13699,2020-01-21,TransUnion,607,3,
13700,3818,13700,2020-06-21,Equifax,592,3,9
13701,5755,13701,2022-11-04,Equifax,701,5,
13702,14873,13702,2021-03-13,TransUnion,778,0,
13703,5497,13703,2023-03-11,TransUnion,650,2,6
13704,940,13704,2023-03-24,Experian,614,5,
13705,5369,13705,2020-08-03,TransUnion,682,2,
13706,5663,13706,2020-09-11,Equifax,716,2,
13707,5015,13707,2023-08-24,TransUnion,689,4,67
13708,7309,13708,2022-06-28,Experian,805,1,51
13709,4565,13709,2021-03-18,TransUnion,834,3,49
13710,7687,13710,2021-05-26,Equifax,607,2,46
13711,14074,13711,2021-03-01,Equifax,614,0,6
13712,14955,13712,2021-12-23,Equifax,650,5,32
13713,3841,13713,2020-12-27,Equifax,724,4,52
13714,14146,13714,2023-12-10,Equifax,744,2,49
13715,9943,13715,2023-05-06,TransUnion,645,0,11
13716,8393,13716,2021-08-10,TransUnion,704,5,
13717,7823,13717,2022-07-31,Equifax,766,1,44
13718,7785,13718,2021-03-26,TransUnion,771,0,
13719,9224,13719,2020-02-27,Experian,704,0,17
13720,11564,13720,2021-10-10,Experian,630,5,33
13721,8540,13721,2023-03-08,Equifax,786,3,
13722,2397,13722,2023-05-28,TransUnion,722,1,
13723,10434,13723,2024-05-25,Equifax,701,1,
13724,8621,13724,2021-05-10,Experian,684,5,
13725,14790,13725,2021-03-23,TransUnion,705,4,
13726,4958,13726,2021-01-18,Experian,824,3,
13727,9645,13727,2022-08-01,Experian,634,4,
13728,13658,13728,2021-05-18,TransUnion,638,2,
13729,12409,13729,2020-02-21,Equifax,587,5,55
13730,1466,13730,2022-06-10,Equifax,679,4,
13731,545,13731,2022-08-27,Equifax,721,5,
13732,7041,13732,2023-02-18,TransUnion,697,3,15
13733,12767,13733,2022-11-18,Experian,656,0,68
13734,2022,13734,2020-11-03,Experian,735,4,
13735,8000,13735,2020-09-11,Equifax,715,1,
13736,8116,13736,2023-07-16,Experian,671,2,39
13737,3703,13737,2021-03-04,Equifax,718,2,66
13738,7250,13738,2024-01-21,TransUnion,653,0,15
13739,7636,13739,2021-08-02,Experian,772,0,30
13740,5359,13740,2022-05-09,Experian,715,5,30
13741,6341,13741,2021-06-25,Equifax,701,1,
13742,3559,13742,2022-02-15,Experian,582,2,63
13743,11095,13743,2022-04-22,Equifax,848,5,
13744,5233,13744,2023-11-11,Equifax,733,3,52
13745,10474,13745,2021-01-24,Experian,704,0,
13746,14327,13746,2022-11-14,Experian,584,1,
13747,10409,13747,2023-10-01,Equifax,677,1,
13748,940,13748,2022-02-05,Experian,614,2,
13749,6387,13749,2021-12-01,Equifax,721,0,
13750,4231,13750,2023-10-01,Equifax,700,3,66
13751,8172,13751,2024-03-16,Experian,699,1,56
13752,14055,13752,2022-10-03,TransUnion,723,0,29
13753,6048,13753,2022-09-28,TransUnion,719,3,
13754,4466,13754,2023-09-24,Equifax,598,1,
13755,13456,13755,2020-04-27,TransUnion,666,5,
13756,8222,13756,2021-09-24,Experian,837,2,
13757,3971,13757,2021-01-03,Experian,806,1,
13758,9728,13758,2023-04-18,Experian,832,0,
13759,10869,13759,2020-10-31,Experian,678,1,
13760,12096,13760,2023-08-08,Experian,712,3,18
13761,13650,13761,2020-11-18,TransUnion,730,3,61
13762,9918,13762,2021-08-03,Equifax,697,0,31
13763,8391,13763,2020-11-07,Experian,695,3,
13764,14655,13764,2024-05-08,TransUnion,720,4,64
13765,10306,13765,2020-11-21,TransUnion,718,0,
13766,7081,13766,2023-04-30,TransUnion,732,3,
13767,8547,13767,2020-12-21,TransUnion,780,5,
13768,1094,13768,2022-11-29,Experian,772,1,63
13769,5144,13769,2021-08-18,Equifax,630,0,30
13770,6711,13770,2022-10-18,Experian,733,3,
13771,7635,13771,2023-04-19,Equifax,657,5,
13772,4366,13772,2023-09-07,Equifax,737,2,69
13773,14778,13773,2021-06-08,TransUnion,787,1,
13774,9601,13774,2022-10-01,Equifax,708,0,
13775,13262,13775,2021-11-09,TransUnion,703,0,
13776,2534,13776,2022-01-06,TransUnion,647,4,48
13777,14473,13777,2021-10-27,TransUnion,602,5,61
13778,6778,13778,2020-08-23,TransUnion,735,5,
13779,7497,13779,2024-03-12,TransUnion,730,2,
13780,3941,13780,2020-10-01,Equifax,652,5,
13781,12581,13781,2023-10-13,Equifax,710,0,
13782,11395,13782,2020-04-06,Experian,694,4,41
13783,1555,13783,2021-02-26,Equifax,604,1,
13784,2548,13784,2022-06-08,TransUnion,732,0,
13785,13660,13785,2021-12-05,Experian,610,2,
13786,8208,13786,2022-08-02,Experian,812,2,32
13787,1502,13787,2023-12-17,TransUnion,828,0,41
13788,2619,13788,2020-12-05,TransUnion,584,0,
13789,820,13789,2024-05-24,Experian,646,4,25
13790,13318,13790,2023-07-26,TransUnion,580,0,
13791,14770,13791,2024-02-07,Experian,713,2,
13792,11932,13792,2023-01-24,Equifax,684,0,
13793,5802,13793,2023-11-27,TransUnion,629,4,
13794,12143,13794,2023-01-24,Experian,666,3,
13795,8550,13795,2022-07-29,Experian,704,5,
13796,863,13796,2024-03-06,Equifax,741,3,
13797,272,13797,2022-09-03,Equifax,703,4,
13798,3679,13798,2022-07-04,Experian,667,2,52
13799,5466,13799,2020-03-09,Equifax,739,0,
13800,7163,13800,2021-10-25,Equifax,682,1,
13801,13212,13801,2023-04-16,Experian,675,0,19
13802,4873,13802,2023-03-26,Equifax,622,1,47
13803,5798,13803,2022-12-03,Equifax,593,5,54
13804,877,13804,2020-05-18,Experian,617,5,4
13805,9155,13805,2023-11-10,TransUnion,650,5,
13806,4633,13806,2020-02-04,Equifax,686,5,46
13807,8626,13807,2023-03-29,TransUnion,762,5,12
13808,11731,13808,2023-12-11,Equifax,743,4,69
13809,3989,13809,2023-03-16,Equifax,688,3,
13810,9479,13810,2020-02-19,TransUnion,688,5,60
13811,11433,13811,2024-05-13,Equifax,668,2,45
13812,10031,13812,2021-04-28,Experian,743,2,11
13813,6059,13813,2020-06-30,TransUnion,646,2,71
13814,10460,13814,2023-07-22,Experian,680,4,35
13815,6912,13815,2022-09-14,Experian,686,5,27
13816,8786,13816,2020-09-15,Experian,740,5,
13817,8475,13817,2021-05-26,Experian,723,3,31
13818,4801,13818,2022-02-08,Equifax,839,1,33
13819,14762,13819,2020-05-11,Equifax,762,0,
13820,2756,13820,2023-12-07,TransUnion,808,0,66
13821,6341,13821,2022-08-10,TransUnion,701,4,
13822,5991,13822,2021-05-07,Experian,735,1,13
13823,372,13823,2023-03-01,Equifax,669,2,
13824,8616,13824,2021-04-14,Experian,767,3,
13825,14442,13825,2024-04-30,Equifax,691,5,55
13826,11160,13826,2020-11-21,TransUnion,610,4,39
13827,3018,13827,2020-02-28,Equifax,668,1,29
13828,13535,13828,2023-12-27,TransUnion,698,5,
13829,11660,13829,2021-09-24,Equifax,714,2,
13830,3755,13830,2021-12-04,TransUnion,614,2,10
13831,8759,13831,2021-01-29,Equifax,630,3,
13832,4155,13832,2020-05-08,TransUnion,598,5,
13833,10122,13833,2022-10-02,Experian,746,5,
13834,5967,13834,2020-05-20,TransUnion,655,0,8
13835,2480,13835,2021-01-06,TransUnion,603,1,
13836,13024,13836,2021-01-11,Experian,658,0,
13837,8731,13837,2021-05-12,TransUnion,783,3,
13838,10704,13838,2020-11-19,Experian,751,3,35
13839,5795,13839,2020-03-18,TransUnion,685,5,
13840,8172,13840,2021-10-03,Equifax,699,4,41
13841,8234,13841,2023-12-10,Equifax,721,2,
13842,12256,13842,2022-05-02,Experian,823,1,
13843,1817,13843,2022-05-19,TransUnion,759,0,21
13844,14163,13844,2023-08-28,Equifax,767,0,
13845,13382,13845,2022-10-07,TransUnion,709,4,
13846,6964,13846,2023-11-29,TransUnion,714,2,
13847,12555,13847,2020-07-22,Experian,691,5,
13848,10050,13848,2023-09-29,Experian,819,1,
13849,9007,13849,2021-07-22,Equifax,724,2,45
13850,11832,13850,2024-05-08,TransUnion,712,2,42
13851,5179,13851,2021-10-27,TransUnion,660,3,
13852,11684,13852,2022-12-13,Equifax,629,2,
13853,5826,13853,2023-01-31,Equifax,714,1,
13854,4897,13854,2023-04-14,Equifax,704,3,11
13855,12850,13855,2021-08-13,TransUnion,689,3,
13856,9914,13856,2022-06-15,Experian,678,1,8
13857,7294,13857,2024-02-17,TransUnion,672,2,51
13858,13097,13858,2023-11-16,Equifax,749,4,
13859,9898,13859,2023-04-29,Equifax,787,3,
13860,13615,13860,2020-06-07,TransUnion,729,5,
13861,1615,13861,2021-02-21,TransUnion,708,1,28
13862,14336,13862,2021-02-06,Equifax,831,0,
13863,13719,13863,2023-10-08,Equifax,669,0,
13864,11242,13864,2020-01-31,TransUnion,838,3,44
13865,13521,13865,2022-03-19,Equifax,662,0,
13866,3965,13866,2023-03-25,TransUnion,739,3,33
13867,10829,13867,2023-06-20,Equifax,767,5,31
13868,6714,13868,2022-12-06,TransUnion,739,2,8
13869,508,13869,2022-12-13,Experian,715,3,
13870,8629,13870,2022-08-15,TransUnion,697,3,
13871,4750,13871,2020-09-25,Experian,709,5,
13872,5412,13872,2023-04-23,TransUnion,639,3,
13873,2348,13873,2020-03-04,Experian,700,4,71
13874,6302,13874,2022-08-08,Equifax,719,1,
13875,7146,13875,2020-11-02,Experian,670,3,58
13876,13414,13876,2021-07-14,Equifax,723,3,53
13877,924,13877,2023-08-31,Experian,712,3,
13878,3580,13878,2023-12-20,Experian,706,1,71
13879,6695,13879,2021-04-18,Experian,715,0,
13880,5946,13880,2021-10-29,TransUnion,709,0,
13881,11667,13881,2021-07-04,TransUnion,814,2,30
13882,5457,13882,2022-12-15,Equifax,643,5,
13883,6748,13883,2023-03-08,Experian,696,5,40
13884,1424,13884,2021-10-20,TransUnion,651,5,
13885,6055,13885,2022-05-03,Equifax,627,5,
13886,1751,13886,2023-02-08,TransUnion,720,4,30
13887,4941,13887,2024-05-11,Experian,721,2,
13888,2473,13888,2023-02-25,Equifax,730,5,
13889,9506,13889,2023-12-13,TransUnion,849,3,64
13890,10425,13890,2021-07-18,Experian,752,3,
13891,5209,13891,2022-08-30,TransUnion,659,1,69
13892,4277,13892,2022-01-27,Experian,611,2,
13893,11068,13893,2021-12-25,Experian,724,4,
13894,8119,13894,2024-02-16,Experian,619,1,43
13895,6062,13895,2021-04-23,Equifax,830,3,58
13896,3882,13896,2021-07-17,Experian,848,0,43
13897,11732,13897,2021-12-04,TransUnion,636,0,
13898,6352,13898,2021-05-23,TransUnion,738,1,69
13899,6385,13899,2022-08-28,Experian,693,2,21
13900,8578,13900,2024-02-10,Experian,654,3,8
13901,3445,13901,2023-07-07,Experian,688,4,8
13902,3808,13902,2021-06-27,Equifax,735,2,
13903,13969,13903,2023-06-26,Equifax,587,1,
13904,9050,13904,2020-08-31,Equifax,829,0,
13905,492,13905,2022-08-09,TransUnion,621,3,15
13906,4632,13906,2020-09-30,Equifax,646,4,48
13907,1116,13907,2021-06-20,TransUnion,663,2,37
13908,9189,13908,2023-06-08,TransUnion,641,0,
13909,11587,13909,2020-05-05,Experian,746,0,
13910,6925,13910,2023-05-02,Equifax,846,5,11
13911,2222,13911,2022-08-14,Experian,837,4,40
13912,5245,13912,2022-10-26,Experian,698,1,6
13913,1506,13913,2022-07-11,Experian,638,3,6
13914,5502,13914,2022-04-02,TransUnion,736,5,38
13915,14727,13915,2020-08-09,Equifax,742,0,
13916,2106,13916,2022-03-03,Experian,599,1,
13917,7943,13917,2022-05-12,Equifax,706,3,
13918,12777,13918,2022-11-02,Equifax,670,2,29
13919,426,13919,2021-11-04,Experian,658,0,47
13920,1076,13920,2021-04-07,TransUnion,633,5,54
13921,14556,13921,2023-03-08,TransUnion,703,2,
13922,9155,13922,2022-02-18,Equifax,650,0,56
13923,8677,13923,2020-06-08,TransUnion,703,3,40
13924,3967,13924,2021-08-18,Equifax,705,4,15
13925,2437,13925,2020-03-17,TransUnion,707,3,63
13926,12197,13926,2022-03-05,TransUnion,728,3,33
13927,7952,13927,2020-04-18,TransUnion,844,4,
13928,7600,13928,2021-11-04,Equifax,680,5,65
13929,4915,13929,2020-11-22,TransUnion,688,4,
13930,8521,13930,2024-02-22,Experian,797,1,
13931,11953,13931,2021-07-01,Experian,780,3,
13932,2392,13932,2023-12-24,Equifax,788,0,
13933,339,13933,2020-03-17,Experian,781,2,64
13934,8752,13934,2022-04-04,TransUnion,781,4,
13935,2103,13935,2021-04-24,Experian,683,3,
13936,2242,13936,2020-12-18,TransUnion,735,2,54
13937,11202,13937,2022-03-02,TransUnion,663,2,
13938,3531,13938,2024-04-17,TransUnion,720,2,31
13939,1820,13939,2020-06-22,TransUnion,582,1,
13940,8129,13940,2021-10-22,TransUnion,608,2,6
13941,2339,13941,2022-05-31,Experian,731,2,
13942,13019,13942,2020-07-10,Experian,671,4,61
13943,6566,13943,2022-06-24,Experian,676,4,31
13944,14995,13944,2022-06-05,TransUnion,682,1,30
13945,6680,13945,2023-08-14,Equifax,741,5,
13946,8265,13946,2021-09-14,TransUnion,749,2,
13947,7848,13947,2022-12-02,Equifax,687,1,60
13948,11731,13948,2020-07-30,Equifax,743,2,64
13949,9931,13949,2021-02-28,Equifax,806,5,
13950,2531,13950,2023-05-16,Experian,697,3,
13951,2142,13951,2020-09-18,Experian,674,4,
13952,609,13952,2021-09-21,Experian,676,2,44
13953,99,13953,2020-05-03,Equifax,681,1,
13954,7131,13954,2021-01-19,TransUnion,735,5,
13955,3327,13955,2022-02-12,Experian,628,5,7
13956,799,13956,2021-06-14,TransUnion,799,3,
13957,8756,13957,2024-02-23,Equifax,673,2,
13958,14851,13958,2021-07-09,Experian,697,3,
13959,7130,13959,2020-03-04,TransUnion,683,5,16
13960,7164,13960,2023-09-14,Experian,704,0,
13961,5210,13961,2023-12-29,Experian,662,2,
13962,14269,13962,2020-06-23,Equifax,692,4,44
13963,3464,13963,2024-05-10,TransUnion,656,3,15
13964,6111,13964,2023-05-20,TransUnion,695,2,
13965,7383,13965,2022-07-28,Equifax,631,1,49
13966,11535,13966,2020-06-04,Experian,735,3,
13967,12959,13967,2021-11-07,Experian,590,5,
13968,3345,13968,2021-04-01,Experian,692,0,38
13969,12801,13969,2020-08-26,Experian,770,4,
13970,12475,13970,2023-03-11,Equifax,664,1,44
13971,11284,13971,2020-09-14,Experian,755,1,64
13972,13250,13972,2024-04-29,Experian,739,4,38
13973,7322,13973,2023-01-12,Equifax,838,5,20
13974,12292,13974,2022-02-15,Experian,668,3,
13975,337,13975,2023-08-03,TransUnion,745,0,13
13976,9306,13976,2021-07-27,Equifax,589,3,50
13977,12840,13977,2022-04-04,Experian,687,4,40
13978,11936,13978,2022-03-22,Experian,822,3,
13979,8157,13979,2023-05-18,Equifax,699,5,21
13980,1660,13980,2021-10-28,Equifax,653,5,21
13981,43,13981,2024-03-25,Equifax,697,0,
13982,7336,13982,2022-01-03,Experian,806,5,
13983,14289,13983,2022-07-03,Equifax,600,3,
13984,10043,13984,2020-11-04,Equifax,677,3,
13985,3903,13985,2023-10-13,Experian,728,1,
13986,11137,13986,2024-01-03,TransUnion,597,5,13
13987,12100,13987,2021-08-03,TransUnion,625,0,
13988,990,13988,2021-04-12,Experian,586,2,
13989,1503,13989,2021-03-21,TransUnion,667,4,
13990,7433,13990,2024-05-30,Equifax,642,4,56
13991,10167,13991,2021-01-30,Experian,664,5,32
13992,1074,13992,2024-05-23,TransUnion,793,2,
13993,11276,13993,2023-06-16,Experian,717,5,
13994,12513,13994,2021-05-15,Experian,703,1,
13995,2576,13995,2023-07-27,Experian,737,4,10
13996,13946,13996,2024-04-22,TransUnion,703,1,31
13997,2234,13997,2022-07-05,TransUnion,713,0,
13998,8943,13998,2022-12-09,Experian,703,2,
13999,5169,13999,2021-06-12,Experian,819,3,41
14000,13627,14000,2023-12-12,Experian,826,1,11
14001,9744,14001,2023-09-06,Experian,609,0,34
14002,2959,14002,2020-10-07,TransUnion,722,4,
14003,1508,14003,2022-03-05,Equifax,615,2,
14004,3309,14004,2022-04-13,Equifax,625,4,69
14005,10424,14005,2023-11-16,Equifax,724,1,
14006,6852,14006,2022-06-14,TransUnion,697,3,
14007,7290,14007,2021-03-16,Experian,707,2,44
14008,9565,14008,2022-05-11,Equifax,735,4,62
14009,10476,14009,2022-11-05,Equifax,742,1,55
14010,6420,14010,2020-12-12,Equifax,583,2,
14011,13838,14011,2024-01-27,Equifax,665,0,
14012,10526,14012,2021-08-12,Equifax,653,3,
14013,7822,14013,2020-05-26,Equifax,662,2,
14014,10070,14014,2020-04-22,Equifax,726,5,13
14015,13245,14015,2020-09-22,Equifax,729,1,36
14016,6158,14016,2023-04-10,TransUnion,728,1,
14017,10571,14017,2022-05-24,TransUnion,805,4,53
14018,13701,14018,2020-09-28,TransUnion,692,2,15
14019,6659,14019,2020-12-14,TransUnion,847,0,
14020,3018,14020,2022-12-26,Equifax,668,5,46
14021,6530,14021,2024-05-25,Equifax,713,3,
14022,6303,14022,2022-03-07,Equifax,775,5,
14023,9837,14023,2023-07-30,Experian,811,1,
14024,5097,14024,2021-02-23,Experian,833,4,
14025,14265,14025,2023-03-16,Equifax,728,5,
14026,7082,14026,2022-07-31,TransUnion,695,0,38
14027,5195,14027,2021-03-23,Experian,580,3,
14028,14832,14028,2022-08-17,Equifax,820,2,48
14029,11340,14029,2021-11-01,Experian,673,5,15
14030,8649,14030,2020-03-21,Equifax,737,4,45
14031,14319,14031,2023-12-22,Experian,720,2,
14032,5136,14032,2022-11-06,Experian,843,0,8
14033,4314,14033,2020-08-28,Experian,603,1,50
14034,7584,14034,2020-09-05,TransUnion,587,0,
14035,11542,14035,2023-10-15,Equifax,722,4,
14036,11880,14036,2021-09-20,Experian,707,1,64
14037,6258,14037,2022-12-09,Equifax,657,1,39
14038,3301,14038,2024-05-25,Experian,729,3,
14039,10744,14039,2020-12-11,TransUnion,694,5,
14040,1162,14040,2024-03-07,Experian,707,2,
14041,9077,14041,2022-03-29,Experian,672,5,
14042,10092,14042,2020-09-28,Experian,587,5,58
14043,2824,14043,2020-04-08,TransUnion,720,5,
14044,6577,14044,2023-03-30,Experian,736,2,
14045,7068,14045,2021-06-05,Equifax,610,4,
14046,5182,14046,2022-08-04,Equifax,652,4,
14047,6517,14047,2023-12-23,Equifax,654,3,
14048,12601,14048,2020-04-15,Equifax,715,3,59
14049,9003,14049,2020-10-21,Equifax,666,2,
14050,12763,14050,2020-11-10,Experian,694,2,
14051,457,14051,2020-09-29,Equifax,581,5,31
14052,3734,14052,2023-11-21,TransUnion,720,3,
14053,7415,14053,2023-03-13,Equifax,601,0,
14054,8796,14054,2023-05-05,Experian,654,1,
14055,335,14055,2022-01-01,Experian,757,4,
14056,12673,14056,2020-05-15,Experian,732,2,
14057,7590,14057,2020-01-25,Experian,713,4,17
14058,10096,14058,2020-10-16,Equifax,846,4,
14059,3541,14059,2022-05-10,TransUnion,711,0,
14060,2924,14060,2023-03-26,Experian,759,2,
14061,8801,14061,2021-06-16,Experian,598,4,
14062,6284,14062,2024-03-19,TransUnion,583,2,17
14063,2358,14063,2022-01-01,TransUnion,585,5,30
14064,3454,14064,2022-01-06,Experian,738,1,
14065,5656,14065,2021-09-02,Experian,706,2,7
14066,5663,14066,2020-09-07,Equifax,716,5,
14067,3555,14067,2021-01-24,Experian,683,5,69
14068,1742,14068,2022-10-03,Equifax,708,3,
14069,1339,14069,2022-01-29,Experian,659,1,
14070,13043,14070,2022-03-15,Experian,693,5,
14071,4012,14071,2022-09-16,Equifax,738,4,38
14072,2945,14072,2023-01-29,Equifax,730,3,15
14073,220,14073,2021-05-25,TransUnion,629,0,52
14074,6102,14074,2021-11-11,TransUnion,611,0,
14075,9013,14075,2022-03-26,Equifax,706,5,60
14076,3205,14076,2022-05-02,Equifax,678,2,21
14077,13870,14077,2023-06-28,TransUnion,595,5,
14078,1137,14078,2020-08-25,Experian,736,1,
14079,8093,14079,2023-11-24,Experian,652,4,
14080,2312,14080,2021-09-15,Equifax,731,5,15
14081,2375,14081,2023-12-24,Experian,759,2,46
14082,12370,14082,2020-10-20,Equifax,643,1,
14083,5244,14083,2023-04-07,Experian,614,0,
14084,1642,14084,2023-01-25,TransUnion,661,4,41
14085,2531,14085,2022-08-16,Experian,697,1,
14086,8332,14086,2020-01-25,Experian,678,3,39
14087,6014,14087,2020-01-20,Experian,848,4,55
14088,9215,14088,2022-11-25,Equifax,607,4,
14089,1469,14089,2021-05-25,TransUnion,843,0,19
14090,5223,14090,2022-02-18,Experian,796,1,53
14091,1740,14091,2020-07-09,Equifax,715,3,
14092,1457,14092,2020-03-06,Equifax,678,1,7
14093,3526,14093,2020-08-19,TransUnion,744,2,
14094,10019,14094,2023-07-26,Equifax,760,4,
14095,7132,14095,2020-03-24,TransUnion,731,4,21
14096,7917,14096,2024-04-17,Equifax,739,0,
14097,5314,14097,2021-06-21,Experian,739,5,18
14098,2228,14098,2024-05-09,TransUnion,705,5,
14099,13709,14099,2022-07-27,Equifax,689,4,27
14100,5100,14100,2023-02-26,Experian,603,2,
14101,5997,14101,2020-03-19,Equifax,733,2,
14102,4765,14102,2020-03-05,Experian,711,1,
14103,6683,14103,2023-01-24,Experian,655,0,
14104,983,14104,2021-12-30,TransUnion,729,1,
14105,2646,14105,2023-03-09,Experian,675,3,
14106,501,14106,2023-04-28,TransUnion,594,1,
14107,12137,14107,2020-11-07,Equifax,695,1,57
14108,8211,14108,2022-12-10,Experian,648,3,55
14109,195,14109,2022-04-01,Experian,752,3,
14110,3997,14110,2023-09-18,Equifax,684,1,
14111,9270,14111,2022-06-18,Experian,794,4,
14112,6237,14112,2021-09-12,Experian,642,2,3
14113,10620,14113,2024-01-30,Experian,757,0,3
14114,4728,14114,2020-02-28,TransUnion,743,4,19
14115,7494,14115,2021-10-21,TransUnion,675,4,12
14116,10482,14116,2023-04-27,TransUnion,787,3,29
14117,2687,14117,2023-01-15,TransUnion,716,4,58
14118,12445,14118,2021-11-23,Equifax,663,2,60
14119,6409,14119,2022-12-27,Equifax,735,0,
14120,3755,14120,2023-08-04,Experian,614,4,40
14121,12230,14121,2022-01-06,Experian,770,1,
14122,10026,14122,2021-08-26,Equifax,606,2,
14123,11087,14123,2021-02-04,TransUnion,768,1,
14124,3862,14124,2021-06-12,Experian,635,0,
14125,11256,14125,2024-02-28,Equifax,618,1,44
14126,12939,14126,2024-02-09,Equifax,653,1,
14127,1746,14127,2023-04-24,Equifax,674,4,67
14128,743,14128,2020-02-01,Equifax,742,4,31
14129,8595,14129,2021-01-21,TransUnion,739,5,
14130,5606,14130,2021-11-15,Experian,753,4,
14131,4591,14131,2022-08-11,Experian,594,1,
14132,2358,14132,2022-06-20,Equifax,585,3,
14133,14826,14133,2023-08-07,Experian,715,4,21
14134,7762,14134,2023-06-02,Experian,723,2,
14135,6166,14135,2024-03-08,Equifax,728,4,63
14136,1536,14136,2023-12-11,Equifax,703,4,
14137,10355,14137,2022-08-09,TransUnion,806,2,
14138,5521,14138,2024-05-19,Experian,776,2,66
14139,12054,14139,2020-01-24,Experian,584,3,20
14140,1626,14140,2021-02-01,TransUnion,799,0,11
14141,11392,14141,2022-02-15,Equifax,746,2,36
14142,14054,14142,2023-06-09,Experian,589,3,10
14143,132,14143,2021-02-16,TransUnion,749,4,
14144,9956,14144,2022-10-24,Equifax,731,3,
14145,12912,14145,2020-07-11,Experian,722,1,
14146,13565,14146,2020-03-15,Equifax,638,1,15
14147,1031,14147,2021-09-22,TransUnion,694,3,
14148,10382,14148,2022-09-06,Experian,720,2,3
14149,12554,14149,2024-03-30,TransUnion,825,4,
14150,307,14150,2021-11-11,TransUnion,743,1,
14151,13685,14151,2020-03-10,TransUnion,825,5,39
14152,11599,14152,2021-04-22,Equifax,732,0,48
14153,8680,14153,2021-06-09,TransUnion,679,1,12
14154,10991,14154,2022-04-25,TransUnion,739,5,
14155,1978,14155,2021-03-29,Experian,624,1,5
14156,7777,14156,2022-12-27,Equifax,729,5,
14157,6118,14157,2024-02-23,Experian,644,5,
14158,13327,14158,2023-01-21,TransUnion,796,5,40
14159,13881,14159,2022-10-18,TransUnion,709,4,29
14160,6404,14160,2022-03-27,TransUnion,740,4,58
14161,9534,14161,2022-12-29,Equifax,621,4,
14162,10535,14162,2023-03-17,TransUnion,821,2,24
14163,7122,14163,2024-01-06,Equifax,815,1,
14164,1627,14164,2020-03-17,TransUnion,715,5,
14165,9248,14165,2020-04-09,Experian,686,4,6
14166,4133,14166,2021-08-01,Equifax,720,1,
14167,4515,14167,2023-04-09,TransUnion,655,4,
14168,12031,14168,2022-03-02,Experian,736,5,
14169,9194,14169,2020-01-05,TransUnion,610,1,58
14170,11840,14170,2023-09-29,Experian,706,0,
14171,2813,14171,2022-01-03,Experian,787,1,
14172,2187,14172,2023-11-24,TransUnion,723,1,22
14173,7305,14173,2020-02-28,TransUnion,757,5,
14174,12042,14174,2023-02-06,TransUnion,711,4,46
14175,7494,14175,2024-02-02,Equifax,675,5,
14176,10683,14176,2023-03-14,TransUnion,709,5,
14177,10749,14177,2023-11-08,Experian,652,2,61
14178,2100,14178,2022-07-06,Equifax,793,4,
14179,6336,14179,2022-03-31,Experian,816,3,
14180,9534,14180,2024-02-22,TransUnion,621,0,
14181,1669,14181,2021-06-04,Equifax,636,3,
14182,8992,14182,2022-05-25,Experian,632,1,
14183,9526,14183,2023-03-06,Experian,756,5,37
14184,10542,14184,2023-06-16,Experian,746,3,
14185,9391,14185,2021-03-23,TransUnion,711,1,40
14186,3919,14186,2021-09-03,TransUnion,651,4,26
14187,13620,14187,2020-08-13,TransUnion,739,3,
14188,5090,14188,2021-01-09,TransUnion,691,3,
14189,915,14189,2020-02-06,Experian,687,5,46
14190,385,14190,2020-06-30,Experian,676,3,
14191,14180,14191,2021-01-09,TransUnion,720,4,
14192,6037,14192,2023-05-08,TransUnion,749,3,
14193,12345,14193,2023-07-12,Equifax,759,4,32
14194,12339,14194,2021-03-24,Experian,676,2,20
14195,3981,14195,2021-05-18,TransUnion,718,3,
14196,487,14196,2022-07-11,TransUnion,713,3,
14197,9921,14197,2024-05-03,TransUnion,708,0,28
14198,10254,14198,2024-02-06,Experian,708,2,
14199,11415,14199,2023-01-25,TransUnion,734,4,20
14200,6858,14200,2021-01-07,TransUnion,703,1,
14201,7465,14201,2023-01-27,Equifax,697,5,56
14202,7953,14202,2020-01-27,Experian,650,1,
14203,6325,14203,2024-04-27,Equifax,698,0,
14204,506,14204,2020-01-13,Equifax,822,4,18
14205,8774,14205,2020-09-26,Equifax,742,4,
14206,5196,14206,2022-06-05,Equifax,829,3,
14207,13581,14207,2020-02-20,TransUnion,722,2,30
14208,7587,14208,2021-03-12,Experian,705,5,10
14209,4284,14209,2022-05-04,Experian,590,1,40
14210,3137,14210,2024-05-31,TransUnion,592,2,
14211,9736,14211,2022-10-28,Experian,738,4,62
14212,11633,14212,2023-01-09,TransUnion,681,1,48
14213,9683,14213,2023-12-05,TransUnion,713,1,18
14214,2051,14214,2021-12-06,Equifax,775,5,69
14215,9861,14215,2024-03-25,Experian,649,5,
14216,4778,14216,2021-11-18,Equifax,636,2,
14217,6746,14217,2023-10-15,Equifax,614,3,
14218,8488,14218,2020-09-30,Equifax,752,5,
14219,11939,14219,2022-03-22,Equifax,713,5,13
14220,9996,14220,2022-03-18,Experian,725,5,
14221,12688,14221,2021-02-24,Equifax,634,1,
14222,11769,14222,2023-10-02,Equifax,596,3,
14223,2521,14223,2021-07-18,Equifax,691,2,41
14224,14658,14224,2020-08-07,TransUnion,840,2,
14225,3550,14225,2024-04-05,Experian,658,1,
14226,14750,14226,2024-03-21,Equifax,722,4,6
14227,13426,14227,2023-09-20,TransUnion,685,3,
14228,7993,14228,2023-11-15,TransUnion,785,3,9
14229,991,14229,2021-03-22,Experian,701,2,41
14230,4929,14230,2023-10-13,TransUnion,708,5,
14231,11515,14231,2021-04-23,Experian,700,0,
14232,5856,14232,2023-07-19,TransUnion,737,0,
14233,9476,14233,2023-05-24,Equifax,582,2,
14234,9368,14234,2023-02-19,TransUnion,593,0,
14235,960,14235,2020-11-17,Experian,689,0,
14236,9868,14236,2022-07-05,TransUnion,689,4,56
14237,10631,14237,2023-10-04,Experian,742,4,
14238,1034,14238,2023-02-16,TransUnion,763,1,
14239,11453,14239,2022-10-25,TransUnion,590,4,
14240,978,14240,2021-06-30,TransUnion,661,4,
14241,4006,14241,2023-02-27,Experian,746,0,17
14242,14139,14242,2021-02-02,Equifax,642,0,48
14243,2916,14243,2024-04-24,Equifax,644,2,
14244,6711,14244,2024-02-13,TransUnion,733,2,
14245,11832,14245,2021-04-06,Experian,712,5,
14246,6956,14246,2020-04-10,TransUnion,666,4,29
14247,14243,14247,2022-05-31,TransUnion,727,5,42
14248,7828,14248,2022-11-18,Equifax,720,2,17
14249,12065,14249,2023-09-06,TransUnion,698,3,30
14250,8551,14250,2022-01-09,Equifax,682,1,48
14251,4074,14251,2024-03-14,TransUnion,720,4,
14252,13318,14252,2020-03-18,Equifax,580,3,
14253,3063,14253,2023-10-22,Experian,744,1,29
14254,5743,14254,2020-01-20,TransUnion,725,4,
14255,7444,14255,2022-01-01,Experian,707,5,
14256,10820,14256,2022-06-28,Equifax,615,0,
14257,3690,14257,2020-06-03,Experian,678,0,
14258,12358,14258,2023-09-01,TransUnion,796,3,
14259,8709,14259,2020-11-25,Experian,712,4,
14260,11849,14260,2021-06-17,Experian,616,0,
14261,5716,14261,2024-01-03,Equifax,823,4,12
14262,1479,14262,2022-04-05,Equifax,683,0,
14263,9689,14263,2020-10-05,TransUnion,728,5,
14264,2341,14264,2021-12-08,TransUnion,787,1,
14265,13708,14265,2024-04-26,Equifax,697,5,10
14266,4471,14266,2021-06-25,Experian,786,3,
14267,8323,14267,2022-01-14,Equifax,730,5,70
14268,6214,14268,2020-09-26,TransUnion,706,0,
14269,3856,14269,2021-04-04,Equifax,674,4,9
14270,4901,14270,2020-10-31,Experian,717,0,
14271,1601,14271,2021-05-23,Experian,781,5,
14272,5915,14272,2020-06-09,Experian,811,2,64
14273,1759,14273,2024-02-16,Experian,801,4,
14274,13991,14274,2024-05-15,Equifax,766,0,63
14275,12174,14275,2021-10-21,Equifax,685,3,55
14276,2004,14276,2020-05-12,TransUnion,730,1,
14277,3062,14277,2023-11-11,Experian,835,1,
14278,11699,14278,2022-10-18,Experian,683,2,
14279,4428,14279,2020-01-04,Experian,659,3,
14280,9825,14280,2023-09-09,TransUnion,700,0,66
14281,8339,14281,2022-05-10,Experian,736,5,
14282,8726,14282,2022-08-23,Experian,726,2,
14283,5979,14283,2022-07-10,TransUnion,655,1,
14284,4526,14284,2021-12-02,Experian,690,4,16
14285,10628,14285,2022-10-25,Equifax,589,0,
14286,10579,14286,2021-02-21,Experian,715,3,52
14287,147,14287,2021-11-18,TransUnion,747,2,
14288,527,14288,2023-06-18,Experian,731,0,54
14289,8929,14289,2021-02-01,Equifax,674,1,20
14290,3548,14290,2024-01-25,TransUnion,736,2,
14291,1829,14291,2020-06-06,Experian,630,2,
14292,12749,14292,2020-12-15,Experian,598,1,47
14293,6054,14293,2023-07-29,Experian,750,3,
14294,1047,14294,2020-02-02,TransUnion,743,2,
14295,12780,14295,2021-03-02,Experian,674,3,69
14296,4393,14296,2021-02-26,Equifax,749,4,
14297,7980,14297,2021-10-24,Experian,686,0,47
14298,11419,14298,2021-01-18,TransUnion,685,5,
14299,12193,14299,2022-12-07,Equifax,724,4,
14300,7863,14300,2020-05-06,Equifax,593,2,
14301,1642,14301,2022-06-09,Experian,661,0,
14302,8431,14302,2023-08-28,TransUnion,589,2,
14303,7389,14303,2021-11-08,TransUnion,688,1,
14304,9468,14304,2021-03-04,Equifax,717,5,
14305,8271,14305,2020-09-14,TransUnion,841,4,34
14306,6270,14306,2022-04-22,TransUnion,790,2,53
14307,6317,14307,2024-01-11,Experian,614,2,33
14308,8745,14308,2024-01-09,TransUnion,781,2,71
14309,9247,14309,2022-07-01,Experian,772,5,
14310,4104,14310,2022-05-29,TransUnion,684,5,50
14311,11080,14311,2023-05-01,Experian,639,5,
14312,10991,14312,2020-12-15,Experian,739,5,
14313,6400,14313,2023-03-08,Experian,682,0,14
14314,12312,14314,2022-12-07,Equifax,640,4,10
14315,11746,14315,2022-09-18,Equifax,671,2,69
14316,2997,14316,2022-03-11,Equifax,673,0,
14317,6101,14317,2024-02-18,Experian,653,2,
14318,7164,14318,2020-07-01,Equifax,704,0,
14319,1381,14319,2023-02-25,TransUnion,728,2,62
14320,14971,14320,2020-01-08,Experian,844,4,
14321,1605,14321,2020-01-12,Equifax,716,0,22
14322,3447,14322,2021-01-18,Experian,602,3,
14323,1840,14323,2021-04-22,TransUnion,651,0,
14324,2217,14324,2020-02-20,TransUnion,586,3,38
14325,10118,14325,2020-03-03,Experian,763,5,54
14326,3870,14326,2023-10-31,TransUnion,700,2,65
14327,10479,14327,2022-10-11,TransUnion,620,5,
14328,1586,14328,2020-07-28,Experian,714,4,
14329,11843,14329,2020-04-13,Equifax,743,0,8
14330,8579,14330,2020-09-26,Experian,846,0,
14331,10538,14331,2020-12-23,TransUnion,740,4,
14332,13316,14332,2024-02-08,Equifax,679,4,
14333,7191,14333,2021-09-30,Experian,616,0,22
14334,6211,14334,2023-08-21,TransUnion,697,2,
14335,3478,14335,2023-05-10,TransUnion,589,2,
14336,103,14336,2022-10-05,Experian,673,2,13
14337,1666,14337,2022-07-14,TransUnion,746,5,
14338,9760,14338,2020-12-02,Equifax,760,0,
14339,1036,14339,2022-11-07,Experian,609,3,
14340,12914,14340,2023-09-07,TransUnion,662,0,
14341,4710,14341,2021-06-07,Experian,815,2,
14342,5715,14342,2024-03-15,Experian,677,1,
14343,13723,14343,2021-02-14,Equifax,729,3,
14344,14749,14344,2022-08-31,TransUnion,752,0,66
14345,7672,14345,2022-11-09,Experian,662,4,
14346,1972,14346,2022-04-29,Equifax,601,0,
14347,6595,14347,2023-11-23,Experian,744,3,64
14348,8597,14348,2022-03-11,Equifax,679,5,
14349,4030,14349,2020-04-25,TransUnion,741,1,
14350,9494,14350,2023-08-10,TransUnion,706,5,31
14351,5985,14351,2023-11-17,TransUnion,760,0,42
14352,8866,14352,2021-05-23,Equifax,692,4,
14353,12324,14353,2021-04-30,Experian,737,5,18
14354,5399,14354,2021-09-08,Experian,747,3,
14355,2083,14355,2021-11-28,Experian,721,2,
14356,9715,14356,2021-09-29,Experian,591,4,
14357,7049,14357,2021-08-11,Experian,593,4,57
14358,10139,14358,2021-08-15,Equifax,664,2,16
14359,1655,14359,2021-04-12,Experian,798,5,
14360,12393,14360,2021-02-11,Equifax,697,4,
14361,742,14361,2020-12-22,Equifax,821,2,64
14362,2483,14362,2021-10-17,Equifax,654,2,31
14363,7241,14363,2023-06-12,Equifax,654,0,63
14364,13069,14364,2023-11-24,TransUnion,584,4,
14365,8360,14365,2020-10-09,Experian,805,3,
14366,6778,14366,2020-02-04,Equifax,735,3,
14367,11966,14367,2024-01-05,Equifax,720,5,11
14368,13566,14368,2021-01-09,Experian,675,1,5
14369,14139,14369,2023-09-05,Equifax,642,2,
14370,3210,14370,2023-10-15,Experian,743,3,
14371,9263,14371,2022-06-29,TransUnion,650,1,14
14372,4948,14372,2020-01-19,Experian,691,2,19
14373,11382,14373,2022-09-22,Experian,677,2,
14374,73,14374,2020-04-10,Equifax,689,4,67
14375,7459,14375,2023-02-21,Experian,708,2,6
14376,9098,14376,2021-02-25,Equifax,692,4,
14377,1114,14377,2023-04-08,Experian,688,4,
14378,5504,14378,2020-01-10,TransUnion,731,3,66
14379,5735,14379,2023-05-08,Equifax,696,0,36
14380,13467,14380,2021-04-25,TransUnion,580,5,36
14381,11133,14381,2024-01-27,Experian,724,2,
14382,6334,14382,2023-03-28,Experian,704,0,
14383,6247,14383,2024-01-27,Experian,682,2,
14384,1372,14384,2023-01-15,TransUnion,718,5,65
14385,14706,14385,2023-05-02,TransUnion,685,0,
14386,10300,14386,2020-02-27,Experian,698,5,63
14387,11361,14387,2023-09-24,Equifax,700,3,
14388,12518,14388,2022-12-15,TransUnion,705,5,6
14389,3096,14389,2023-12-07,Experian,621,3,
14390,13263,14390,2021-07-03,Equifax,785,4,
14391,4030,14391,2023-04-17,TransUnion,741,4,38
14392,326,14392,2020-06-19,Experian,650,4,
14393,8188,14393,2021-03-15,Equifax,762,4,
14394,12807,14394,2021-07-01,TransUnion,806,3,58
14395,2594,14395,2022-02-21,Equifax,743,1,4
14396,13760,14396,2022-08-01,Equifax,678,4,21
14397,6845,14397,2022-04-11,Equifax,618,2,
14398,13450,14398,2022-04-15,Experian,747,1,70
14399,6679,14399,2021-10-14,Equifax,635,0,
14400,14205,14400,2020-05-20,Experian,671,3,
14401,1278,14401,2022-07-07,Experian,670,3,
14402,14276,14402,2021-04-02,Equifax,632,1,15
14403,395,14403,2021-06-30,Experian,685,2,30
14404,7198,14404,2023-12-12,Experian,584,0,16
14405,7954,14405,2022-09-02,Equifax,773,2,46
14406,1525,14406,2020-04-11,TransUnion,710,0,
14407,13553,14407,2024-05-19,TransUnion,668,4,5
14408,10321,14408,2020-03-19,Experian,785,0,
14409,9201,14409,2021-01-09,TransUnion,634,1,
14410,2053,14410,2021-04-13,Equifax,842,5,
14411,14923,14411,2021-10-14,Experian,820,0,25
14412,6822,14412,2022-04-22,Equifax,680,2,
14413,14570,14413,2021-07-22,Experian,758,4,
14414,14886,14414,2022-03-09,Experian,606,4,
14415,3855,14415,2023-08-23,Experian,693,3,
14416,392,14416,2022-04-15,Equifax,748,3,
14417,3924,14417,2020-12-17,TransUnion,812,4,7
14418,2305,14418,2024-04-05,Equifax,718,5,
14419,1786,14419,2021-06-27,TransUnion,705,0,
14420,5954,14420,2020-05-17,Experian,748,1,
14421,7480,14421,2020-04-27,TransUnion,757,4,12
14422,599,14422,2021-02-13,TransUnion,690,3,
14423,1504,14423,2020-02-11,Equifax,592,2,
14424,10215,14424,2023-07-30,Equifax,663,3,13
14425,1738,14425,2020-07-30,TransUnion,750,2,
14426,13731,14426,2024-05-31,Equifax,776,5,
14427,13247,14427,2021-03-18,Experian,750,2,
14428,11166,14428,2023-03-26,Experian,741,4,30
14429,6074,14429,2022-03-12,TransUnion,695,1,
14430,10104,14430,2023-10-04,TransUnion,629,3,15
14431,14347,14431,2021-06-22,Experian,711,4,
14432,13131,14432,2020-09-12,TransUnion,807,4,
14433,8895,14433,2023-11-05,Equifax,825,0,25
14434,2109,14434,2021-03-03,TransUnion,816,2,
14435,5245,14435,2022-02-18,Experian,698,5,
14436,14824,14436,2021-04-02,Equifax,646,5,
14437,11162,14437,2022-10-04,TransUnion,744,3,
14438,2999,14438,2023-08-22,Experian,727,3,
14439,5049,14439,2020-03-14,Experian,726,2,33
14440,8700,14440,2023-05-19,Experian,782,4,
14441,1489,14441,2020-02-22,Experian,597,2,
14442,3054,14442,2023-01-24,Equifax,667,0,
14443,10424,14443,2021-01-03,Equifax,724,0,
14444,6621,14444,2023-09-25,Equifax,842,3,56
14445,4529,14445,2021-11-13,Equifax,647,2,
14446,6436,14446,2022-02-25,Equifax,789,0,
14447,5906,14447,2022-01-26,Experian,722,4,
14448,14561,14448,2020-10-07,TransUnion,670,1,
14449,5887,14449,2023-04-08,TransUnion,751,5,
14450,2459,14450,2023-06-03,Equifax,757,1,
14451,4985,14451,2023-06-25,Equifax,737,0,
14452,4717,14452,2020-02-19,Experian,591,0,70
14453,2495,14453,2023-11-22,TransUnion,730,5,
14454,5218,14454,2020-10-07,Equifax,702,5,
14455,5888,14455,2022-06-14,Experian,604,2,
14456,8984,14456,2023-09-09,Experian,699,1,30
14457,4633,14457,2024-02-19,Experian,686,2,20
14458,5714,14458,2021-08-07,Experian,792,4,
14459,7706,14459,2022-02-21,TransUnion,740,3,
14460,4528,14460,2020-02-20,Experian,727,0,
14461,5223,14461,2024-05-15,Experian,796,4,67
14462,5501,14462,2024-03-18,TransUnion,634,4,
14463,2416,14463,2024-02-07,Experian,643,4,
14464,11155,14464,2020-02-10,Experian,637,4,35
14465,2977,14465,2024-01-06,TransUnion,701,3,54
14466,2135,14466,2021-09-16,TransUnion,647,3,35
14467,5813,14467,2022-06-24,Equifax,726,0,49
14468,8833,14468,2022-06-30,TransUnion,814,0,13
14469,2965,14469,2024-01-13,Equifax,748,3,42
14470,3548,14470,2022-09-10,Experian,736,3,46
14471,4605,14471,2023-04-14,Equifax,695,1,
14472,5395,14472,2020-03-17,Equifax,624,5,68
14473,9448,14473,2021-10-23,TransUnion,640,5,
14474,869,14474,2020-04-07,Experian,613,4,46
14475,10097,14475,2021-01-27,Equifax,633,5,
14476,5648,14476,2023-09-29,Equifax,584,4,34
14477,4423,14477,2024-02-03,Equifax,739,5,4
14478,1651,14478,2022-07-14,TransUnion,589,1,
14479,13651,14479,2024-02-26,Equifax,745,3,
14480,10142,14480,2020-06-21,Experian,739,0,
14481,11315,14481,2021-01-11,Experian,810,1,
14482,5191,14482,2022-08-24,Experian,702,3,
14483,12294,14483,2020-01-25,TransUnion,732,3,
14484,8173,14484,2022-04-19,Experian,666,4,57
14485,991,14485,2021-04-05,Experian,701,3,33
14486,4413,14486,2024-04-10,TransUnion,692,3,
14487,11527,14487,2020-09-08,Experian,718,5,
14488,7940,14488,2021-05-28,Equifax,843,2,54
14489,3172,14489,2023-07-15,Experian,733,2,
14490,1831,14490,2020-06-27,Experian,745,1,
14491,3250,14491,2021-05-28,Experian,716,0,
14492,9600,14492,2023-08-06,Equifax,747,1,40
14493,8809,14493,2020-11-11,TransUnion,834,5,
14494,2810,14494,2020-04-17,Experian,592,3,27
14495,9115,14495,2020-08-02,Equifax,669,2,
14496,8537,14496,2021-07-29,Equifax,718,3,33
14497,2301,14497,2023-02-05,Experian,731,2,
14498,2841,14498,2020-08-30,TransUnion,730,2,
14499,1632,14499,2020-04-24,Equifax,620,3,
14500,13717,14500,2020-03-13,TransUnion,626,1,
14501,10745,14501,2023-07-02,Equifax,657,0,
14502,8034,14502,2022-01-17,Experian,749,0,
14503,13584,14503,2024-03-14,TransUnion,721,1,27
14504,6511,14504,2020-12-13,TransUnion,635,2,
14505,6111,14505,2022-04-30,TransUnion,695,2,38
14506,3030,14506,2023-06-23,Experian,606,5,44
14507,5851,14507,2024-05-26,Equifax,713,0,7
14508,4633,14508,2021-12-13,Equifax,686,0,
14509,7491,14509,2021-01-14,TransUnion,804,5,13
14510,284,14510,2020-09-16,Equifax,676,2,
14511,13816,14511,2022-10-18,TransUnion,731,5,64
14512,2482,14512,2022-09-18,Equifax,725,1,
14513,8126,14513,2021-03-27,Equifax,802,5,66
14514,3755,14514,2020-02-22,Equifax,614,0,26
14515,7723,14515,2023-05-01,Experian,773,4,68
14516,3013,14516,2023-03-27,TransUnion,785,0,19
14517,8844,14517,2022-07-26,Experian,595,5,
14518,892,14518,2022-05-11,TransUnion,629,2,
14519,141,14519,2024-01-13,Experian,613,3,69
14520,8018,14520,2020-02-27,Equifax,730,2,60
14521,12080,14521,2023-03-16,Equifax,748,4,
14522,5625,14522,2022-12-30,TransUnion,728,0,4
14523,3592,14523,2022-07-12,TransUnion,627,3,66
14524,3345,14524,2020-09-24,Experian,692,5,
14525,948,14525,2023-09-10,Experian,583,2,
14526,3379,14526,2023-02-16,Equifax,730,2,
14527,947,14527,2022-08-06,TransUnion,664,2,
14528,3694,14528,2024-04-07,TransUnion,621,4,
14529,5147,14529,2020-09-15,Equifax,690,3,46
14530,14795,14530,2021-05-31,Equifax,727,2,
14531,7862,14531,2021-12-08,Experian,630,3,32
14532,9002,14532,2024-01-17,Experian,707,1,
14533,5669,14533,2021-08-23,Experian,734,5,
14534,11354,14534,2020-09-05,Experian,590,0,
14535,5917,14535,2020-04-23,Equifax,648,4,65
14536,12451,14536,2023-10-24,Experian,595,2,
14537,9803,14537,2024-04-12,Equifax,723,3,18
14538,299,14538,2024-02-18,TransUnion,699,1,6
14539,10616,14539,2023-04-03,Experian,622,0,65
14540,236,14540,2021-03-28,Experian,596,4,41
14541,3849,14541,2023-08-04,TransUnion,740,3,
14542,11427,14542,2022-03-27,Equifax,703,5,
14543,8842,14543,2022-09-18,TransUnion,619,2,23
14544,3713,14544,2020-02-05,Equifax,739,2,71
14545,2313,14545,2020-02-18,Experian,644,2,
14546,8874,14546,2021-04-17,TransUnion,641,2,
14547,7991,14547,2023-12-16,TransUnion,652,1,
14548,12509,14548,2021-06-14,TransUnion,691,1,
14549,12080,14549,2022-11-30,Equifax,748,5,64
14550,215,14550,2020-06-19,Experian,719,1,
14551,5225,14551,2022-03-06,Equifax,831,3,21
14552,6690,14552,2023-10-13,Experian,668,2,
14553,12724,14553,2020-11-26,TransUnion,717,2,55
14554,6786,14554,2021-06-10,Experian,662,5,22
14555,2864,14555,2020-02-02,Equifax,686,0,
14556,5193,14556,2024-04-01,Equifax,705,1,
14557,10782,14557,2021-02-18,TransUnion,711,3,61
14558,6668,14558,2024-04-01,Experian,610,4,
14559,7763,14559,2022-11-07,TransUnion,589,4,15
14560,1298,14560,2020-08-09,TransUnion,611,5,64
14561,13637,14561,2023-02-08,Equifax,648,0,
14562,7734,14562,2020-04-20,Experian,732,2,30
14563,10183,14563,2022-11-23,TransUnion,750,5,
14564,10385,14564,2022-04-28,TransUnion,646,1,
14565,1302,14565,2021-07-01,Equifax,665,2,22
14566,4117,14566,2024-01-13,Equifax,819,5,
14567,2807,14567,2024-05-04,TransUnion,621,1,
14568,3587,14568,2021-02-25,TransUnion,735,2,
14569,6106,14569,2022-04-06,Experian,746,1,
14570,12665,14570,2023-06-16,Equifax,588,3,67
14571,12678,14571,2021-06-29,Equifax,636,0,37
14572,8566,14572,2021-12-18,Experian,711,3,24
14573,11049,14573,2022-08-14,TransUnion,698,4,
14574,5201,14574,2024-05-02,TransUnion,683,2,
14575,5155,14575,2022-06-20,TransUnion,708,2,9
14576,11528,14576,2020-07-08,Equifax,739,0,
14577,12508,14577,2020-10-14,Equifax,727,5,60
14578,292,14578,2020-12-22,TransUnion,694,0,
14579,6954,14579,2024-05-26,TransUnion,724,3,
14580,7892,14580,2023-03-15,Equifax,708,1,
14581,10677,14581,2022-05-20,Experian,660,1,
14582,326,14582,2023-11-15,TransUnion,650,3,62
14583,11064,14583,2023-01-06,TransUnion,678,5,
14584,3936,14584,2022-04-07,Equifax,845,0,48
14585,3281,14585,2022-08-13,TransUnion,742,4,15
14586,5641,14586,2023-06-22,Experian,732,2,54
14587,8050,14587,2022-09-03,TransUnion,679,4,
14588,6342,14588,2023-01-06,Equifax,647,5,45
14589,10174,14589,2023-06-22,TransUnion,730,5,3
14590,12288,14590,2021-07-21,Equifax,723,2,15
14591,11402,14591,2021-09-14,TransUnion,739,1,5
14592,13271,14592,2021-06-07,Equifax,666,5,
14593,5590,14593,2022-08-08,Experian,682,0,68
14594,9192,14594,2020-06-04,Equifax,662,4,
14595,5212,14595,2024-04-05,Experian,662,5,
14596,3451,14596,2020-02-29,TransUnion,691,1,18
14597,4032,14597,2023-07-07,Experian,741,4,
14598,12196,14598,2023-10-01,Experian,589,3,
14599,371,14599,2021-12-28,Experian,798,2,10
14600,9162,14600,2022-11-17,Equifax,697,2,
14601,4958,14601,2022-06-22,Equifax,824,2,
14602,9067,14602,2023-07-21,Experian,726,5,
14603,10998,14603,2024-03-15,Experian,790,1,
14604,9685,14604,2022-05-03,TransUnion,792,1,
14605,5721,14605,2022-03-09,Equifax,690,4,
14606,2209,14606,2023-03-29,Equifax,619,3,4
14607,10002,14607,2022-05-08,Equifax,703,5,63
14608,5642,14608,2020-08-16,TransUnion,658,5,61
14609,7707,14609,2023-10-23,Equifax,748,1,
14610,1140,14610,2023-05-23,TransUnion,761,2,17
14611,13906,14611,2023-11-25,Equifax,717,3,49
14612,6315,14612,2020-04-22,Experian,593,3,35
14613,9467,14613,2020-06-16,Equifax,713,0,
14614,2791,14614,2022-02-09,TransUnion,803,3,60
14615,9855,14615,2023-10-29,TransUnion,594,2,
14616,11699,14616,2022-12-21,TransUnion,683,0,
14617,1825,14617,2020-10-30,Experian,708,1,
14618,9199,14618,2022-01-07,Equifax,705,3,
14619,14479,14619,2020-05-09,Experian,710,4,
14620,3118,14620,2020-10-24,Experian,669,4,
14621,14547,14621,2023-05-21,TransUnion,648,4,17
14622,10891,14622,2023-04-16,Experian,680,1,
14623,7869,14623,2020-02-11,TransUnion,730,1,62
14624,648,14624,2020-03-09,Experian,737,5,
14625,11048,14625,2021-12-26,TransUnion,731,5,
14626,12605,14626,2021-08-16,TransUnion,700,0,4
14627,7974,14627,2020-08-14,Equifax,707,4,32
14628,7328,14628,2022-07-30,Equifax,737,1,
14629,3916,14629,2021-08-29,TransUnion,787,3,
14630,1807,14630,2021-02-22,TransUnion,721,3,
14631,7076,14631,2022-11-08,TransUnion,779,1,
14632,6289,14632,2023-06-30,Equifax,727,3,
14633,2088,14633,2024-03-14,Equifax,640,3,64
14634,14637,14634,2022-01-25,Equifax,692,1,50
14635,13508,14635,2020-07-10,TransUnion,749,0,
14636,4110,14636,2022-03-29,TransUnion,738,5,52
14637,8236,14637,2023-07-23,Experian,680,5,
14638,5993,14638,2024-03-21,Experian,805,5,38
14639,11433,14639,2021-10-31,Equifax,668,5,
14640,9405,14640,2020-09-27,Experian,706,4,
14641,14118,14641,2024-01-14,TransUnion,689,3,47
14642,6615,14642,2020-03-19,Equifax,590,4,
14643,14850,14643,2020-08-07,Equifax,733,3,
14644,13522,14644,2023-05-20,Equifax,681,0,
14645,8056,14645,2022-10-02,TransUnion,690,4,14
14646,4415,14646,2023-12-08,Experian,636,1,
14647,6858,14647,2021-01-31,TransUnion,703,1,42
14648,4466,14648,2021-01-15,Equifax,598,0,
14649,11592,14649,2023-07-05,Experian,676,1,
14650,4196,14650,2023-07-27,Experian,777,0,
14651,12317,14651,2024-02-18,Experian,701,5,60
14652,14427,14652,2023-07-18,TransUnion,602,2,19
14653,13399,14653,2020-12-10,Equifax,752,1,
14654,5710,14654,2022-05-26,Equifax,628,1,
14655,5282,14655,2020-10-10,Experian,749,5,
14656,759,14656,2020-05-15,Experian,687,1,11
14657,6847,14657,2022-04-15,TransUnion,776,5,40
14658,1453,14658,2023-05-21,Equifax,773,4,
14659,1676,14659,2020-05-27,Experian,679,5,
14660,406,14660,2020-06-21,Experian,832,5,
14661,13860,14661,2021-08-04,TransUnion,712,0,
14662,8573,14662,2023-09-19,Experian,678,3,
14663,5072,14663,2021-07-31,Equifax,740,4,
14664,8617,14664,2022-11-23,Equifax,699,0,69
14665,5013,14665,2023-01-01,Equifax,717,4,
14666,10305,14666,2021-07-27,TransUnion,717,4,3
14667,12681,14667,2020-05-18,TransUnion,844,3,
14668,652,14668,2020-12-29,Experian,677,4,
14669,5898,14669,2020-07-22,Equifax,795,0,
14670,6762,14670,2021-08-06,TransUnion,751,2,56
14671,4827,14671,2021-04-01,Equifax,638,1,46
14672,13411,14672,2021-01-12,Experian,678,5,13
14673,4873,14673,2021-04-07,TransUnion,622,1,
14674,10219,14674,2024-03-15,Equifax,723,4,
14675,3115,14675,2022-08-23,Experian,686,0,
14676,3181,14676,2022-05-16,Equifax,671,4,
14677,13831,14677,2023-12-09,TransUnion,681,3,
14678,14986,14678,2020-10-24,TransUnion,688,3,
14679,11508,14679,2020-04-22,TransUnion,722,0,
14680,2682,14680,2020-01-02,TransUnion,784,3,
14681,7231,14681,2023-09-16,TransUnion,826,2,
14682,8289,14682,2023-09-29,TransUnion,668,4,32
14683,10075,14683,2024-03-22,Experian,735,5,
14684,7233,14684,2020-12-18,Experian,706,3,60
14685,14512,14685,2022-12-01,TransUnion,749,0,25
14686,1231,14686,2022-02-14,Equifax,655,0,42
14687,13335,14687,2022-09-26,TransUnion,711,4,60
14688,7223,14688,2020-02-24,TransUnion,735,3,15
14689,7122,14689,2020-01-26,TransUnion,815,4,
14690,7576,14690,2020-01-15,Experian,666,0,
14691,10720,14691,2023-04-03,Experian,649,0,
14692,3964,14692,2021-05-26,Experian,823,5,
14693,12292,14693,2023-06-10,Experian,668,2,
14694,9291,14694,2023-09-06,Equifax,614,2,
14695,2382,14695,2024-02-03,TransUnion,748,1,
14696,14151,14696,2022-12-05,Equifax,690,0,40
14697,14192,14697,2021-05-28,Experian,646,3,26
14698,4151,14698,2023-02-20,TransUnion,743,2,17
14699,965,14699,2023-07-25,TransUnion,696,1,
14700,3186,14700,2020-09-08,Equifax,781,1,20
14701,9680,14701,2021-10-30,Equifax,716,5,
14702,9421,14702,2021-12-17,Experian,592,2,
14703,14753,14703,2022-06-15,TransUnion,605,5,50
14704,11002,14704,2020-07-07,Equifax,688,3,59
14705,13803,14705,2022-12-27,TransUnion,581,1,
14706,1263,14706,2022-01-31,Experian,675,3,
14707,8993,14707,2023-06-24,Equifax,811,2,56
14708,3041,14708,2021-02-27,Equifax,717,1,
14709,8473,14709,2022-04-15,Equifax,765,1,
14710,14160,14710,2022-03-11,TransUnion,834,3,
14711,5131,14711,2022-05-28,Equifax,816,2,
14712,1817,14712,2023-07-31,Equifax,759,1,
14713,13310,14713,2020-06-14,Equifax,818,2,
14714,11324,14714,2023-07-20,Experian,709,4,
14715,4854,14715,2021-04-11,Equifax,605,2,
14716,9363,14716,2020-06-05,Equifax,742,2,
14717,135,14717,2020-01-13,TransUnion,658,2,
14718,8959,14718,2023-04-06,Equifax,667,3,27
14719,5613,14719,2021-04-27,Equifax,703,1,
14720,4203,14720,2024-02-23,TransUnion,669,3,69
14721,4068,14721,2020-05-15,Experian,755,2,
14722,7469,14722,2023-02-27,TransUnion,612,2,
14723,7937,14723,2023-04-28,Experian,646,2,
14724,14302,14724,2024-03-29,TransUnion,629,4,
14725,1803,14725,2023-03-29,Experian,715,2,8
14726,14292,14726,2020-11-30,TransUnion,714,2,
14727,7556,14727,2021-05-14,TransUnion,761,4,30
14728,6517,14728,2020-02-16,TransUnion,654,3,
14729,10220,14729,2020-10-17,TransUnion,673,1,
14730,6756,14730,2023-03-23,Experian,603,5,
14731,8428,14731,2022-09-05,Equifax,792,4,34
14732,166,14732,2020-06-23,Experian,781,4,24
14733,4225,14733,2020-10-17,Equifax,727,3,69
14734,12594,14734,2023-06-02,Equifax,700,4,22
14735,5096,14735,2023-09-15,Experian,761,5,
14736,3733,14736,2024-02-12,TransUnion,787,3,
14737,10729,14737,2020-09-16,TransUnion,747,4,
14738,2784,14738,2020-10-06,Equifax,637,3,58
14739,7770,14739,2024-02-03,TransUnion,619,1,
14740,12737,14740,2020-01-22,Experian,762,1,
14741,1863,14741,2021-05-22,TransUnion,849,1,
14742,1052,14742,2022-01-15,Experian,689,0,
14743,10921,14743,2021-08-24,Experian,708,2,
14744,14040,14744,2023-08-20,Experian,732,5,
14745,13966,14745,2023-01-01,TransUnion,608,4,
14746,1931,14746,2021-04-03,TransUnion,734,4,
14747,13499,14747,2021-12-17,Equifax,701,4,
14748,7732,14748,2021-01-28,Equifax,773,5,
14749,1382,14749,2022-11-09,TransUnion,692,1,
14750,12176,14750,2024-01-23,Equifax,627,4,62
14751,2717,14751,2022-07-22,Equifax,733,2,
14752,14175,14752,2020-12-05,TransUnion,795,3,
14753,6057,14753,2024-03-06,TransUnion,683,4,
14754,1519,14754,2024-01-02,Experian,684,0,12
14755,1040,14755,2023-07-31,Experian,719,3,
14756,12451,14756,2020-08-01,TransUnion,595,5,18
14757,5925,14757,2024-03-09,Experian,670,5,
14758,10034,14758,2024-02-02,Equifax,744,3,
14759,594,14759,2024-01-18,Equifax,849,0,56
14760,11758,14760,2023-08-22,Experian,596,1,
14761,1693,14761,2021-08-04,Experian,688,0,34
14762,10640,14762,2021-12-11,Experian,640,0,
14763,14229,14763,2024-01-30,TransUnion,580,1,
14764,7300,14764,2024-04-06,Equifax,685,3,
14765,12548,14765,2024-02-08,Equifax,691,2,
14766,12347,14766,2021-11-18,Experian,591,0,54
14767,2646,14767,2020-07-09,Experian,675,5,
14768,31,14768,2021-08-21,Equifax,658,1,
14769,13023,14769,2023-10-04,Experian,643,2,
14770,1747,14770,2023-12-14,Equifax,718,0,13
14771,13647,14771,2022-06-11,TransUnion,850,4,
14772,7069,14772,2021-01-03,Equifax,641,4,
14773,13906,14773,2021-05-10,Experian,717,4,58
14774,595,14774,2022-10-27,Equifax,841,0,
14775,4459,14775,2021-08-31,Experian,698,4,
14776,5821,14776,2023-07-09,Equifax,729,3,64
14777,9336,14777,2023-04-26,Equifax,597,2,
14778,7456,14778,2023-05-16,Experian,698,0,
14779,407,14779,2022-06-06,Experian,640,4,25
14780,1157,14780,2021-01-14,Equifax,825,5,
14781,10027,14781,2023-02-18,Equifax,603,2,57
14782,8985,14782,2021-02-06,TransUnion,688,1,47
14783,2686,14783,2021-09-03,TransUnion,813,3,
14784,11241,14784,2024-03-14,Equifax,705,5,
14785,14376,14785,2023-12-13,Experian,827,4,63
14786,9949,14786,2020-07-02,TransUnion,703,3,8
14787,7284,14787,2023-02-17,Experian,593,5,40
14788,12295,14788,2021-06-16,Experian,723,5,
14789,2050,14789,2020-04-08,Experian,708,5,
14790,8945,14790,2020-11-28,TransUnion,680,2,
14791,6183,14791,2020-12-24,Experian,705,3,
14792,4263,14792,2022-01-20,Equifax,681,3,53
14793,3959,14793,2020-01-29,TransUnion,706,5,71
14794,3143,14794,2022-09-26,Experian,703,5,
14795,5460,14795,2020-11-10,Equifax,617,5,65
14796,6086,14796,2024-04-04,Experian,677,5,
14797,2563,14797,2022-10-25,Equifax,745,0,
14798,14172,14798,2020-04-20,Experian,687,1,39
14799,10851,14799,2022-02-18,Equifax,850,2,41
14800,388,14800,2022-07-12,TransUnion,595,5,22
14801,9242,14801,2023-01-17,Experian,706,5,62
14802,13681,14802,2023-01-31,Equifax,802,4,
14803,14041,14803,2020-01-05,TransUnion,691,1,63
14804,2076,14804,2022-07-06,TransUnion,717,0,
14805,12059,14805,2024-03-22,Experian,770,1,63
14806,10012,14806,2023-01-05,Experian,785,0,
14807,6365,14807,2021-03-14,Experian,666,1,
14808,1388,14808,2022-01-24,Equifax,749,1,
14809,9226,14809,2022-09-22,Experian,631,1,40
14810,12529,14810,2023-06-19,Experian,601,1,16
14811,12722,14811,2020-02-22,TransUnion,670,4,
14812,14924,14812,2022-04-21,Experian,613,4,
14813,4865,14813,2020-04-29,TransUnion,718,3,23
14814,2648,14814,2022-05-25,Experian,730,1,
14815,5136,14815,2022-05-06,Equifax,843,2,
14816,14686,14816,2021-01-15,Equifax,744,1,
14817,12413,14817,2020-01-31,Equifax,716,0,69
14818,5240,14818,2022-11-02,TransUnion,682,2,
14819,8272,14819,2024-04-05,TransUnion,706,1,
14820,4858,14820,2022-08-23,TransUnion,703,2,
14821,13461,14821,2020-04-14,Equifax,680,0,
14822,14400,14822,2021-04-13,TransUnion,711,2,41
14823,4516,14823,2020-08-03,Experian,736,0,28
14824,11354,14824,2023-02-21,TransUnion,590,5,
14825,11346,14825,2024-01-18,TransUnion,721,2,
14826,14836,14826,2024-03-01,Experian,690,5,15
14827,8389,14827,2023-09-28,Experian,583,2,
14828,11269,14828,2020-09-17,TransUnion,813,1,
14829,4346,14829,2024-04-02,Equifax,788,5,60
14830,10968,14830,2024-01-10,TransUnion,755,2,28
14831,3131,14831,2021-10-25,Experian,590,5,
14832,10872,14832,2020-04-16,Equifax,779,5,
14833,92,14833,2021-06-13,TransUnion,835,4,31
14834,9520,14834,2020-07-12,Equifax,712,4,
14835,12378,14835,2021-11-08,TransUnion,838,4,21
14836,9505,14836,2022-07-20,Equifax,785,3,
14837,3668,14837,2020-10-28,Experian,701,5,
14838,1494,14838,2021-01-27,Equifax,584,1,30
14839,6517,14839,2020-12-24,Experian,654,5,
14840,1375,14840,2023-07-02,TransUnion,707,5,
14841,9657,14841,2024-02-28,TransUnion,706,5,
14842,6785,14842,2023-06-27,TransUnion,800,4,
14843,14324,14843,2020-07-09,Experian,647,1,9
14844,2434,14844,2021-02-05,TransUnion,583,3,42
14845,231,14845,2021-04-13,Experian,718,1,66
14846,1328,14846,2021-08-07,Equifax,625,0,67
14847,5199,14847,2020-07-08,TransUnion,696,5,
14848,14031,14848,2021-10-31,Experian,668,3,
14849,14008,14849,2021-04-17,TransUnion,709,3,35
14850,12397,14850,2023-06-08,Experian,729,3,35
14851,10187,14851,2022-09-24,TransUnion,600,5,6
14852,10710,14852,2021-08-15,Equifax,589,3,42
14853,1649,14853,2022-01-31,TransUnion,830,1,57
14854,4445,14854,2020-12-13,TransUnion,685,1,
14855,9288,14855,2021-07-28,Experian,737,1,37
14856,10895,14856,2021-12-07,TransUnion,741,1,33
14857,7441,14857,2021-11-21,Equifax,666,2,
14858,6066,14858,2024-03-21,Equifax,815,5,
14859,4005,14859,2023-05-30,TransUnion,703,3,
14860,5740,14860,2020-12-16,TransUnion,747,2,
14861,13453,14861,2024-01-23,Experian,696,5,
14862,9037,14862,2020-06-26,Equifax,687,0,13
14863,14420,14863,2023-10-24,Experian,728,1,
14864,5935,14864,2022-11-20,Experian,690,5,
14865,2733,14865,2020-11-19,Equifax,722,5,
14866,13530,14866,2024-02-16,TransUnion,611,0,46
14867,2761,14867,2023-02-01,Equifax,621,3,42
14868,5769,14868,2021-06-23,Equifax,615,2,
14869,3584,14869,2021-06-01,Experian,643,3,
14870,10175,14870,2020-04-21,Experian,673,4,33
14871,14288,14871,2021-04-07,Equifax,689,5,
14872,12751,14872,2020-10-03,Experian,689,2,58
14873,4189,14873,2020-12-11,Experian,753,0,
14874,9599,14874,2021-07-27,Equifax,763,3,
14875,4592,14875,2022-02-18,Experian,727,1,
14876,9927,14876,2024-05-11,TransUnion,692,5,32
14877,6366,14877,2020-01-26,Equifax,580,1,38
14878,9519,14878,2020-01-18,TransUnion,806,4,
14879,11393,14879,2021-01-20,Equifax,749,1,21
14880,7114,14880,2024-05-13,Experian,686,1,
14881,688,14881,2023-10-21,Experian,743,3,
14882,10903,14882,2021-08-24,Equifax,730,3,
14883,3471,14883,2024-01-22,Experian,737,1,
14884,1551,14884,2020-03-26,Equifax,742,0,
14885,6273,14885,2022-07-20,Experian,705,1,36
14886,2761,14886,2020-08-19,TransUnion,621,2,
14887,7775,14887,2021-09-09,TransUnion,688,5,
14888,8660,14888,2021-05-04,Equifax,690,1,12
14889,13407,14889,2023-03-27,Experian,773,5,
14890,7537,14890,2022-06-30,Equifax,715,4,37
14891,14887,14891,2020-09-03,Experian,671,1,
14892,7343,14892,2020-07-28,Equifax,748,0,16
14893,1229,14893,2024-03-11,TransUnion,632,1,
14894,7876,14894,2022-07-04,TransUnion,813,4,46
14895,8698,14895,2023-01-12,Equifax,716,1,
14896,13488,14896,2020-08-20,Equifax,730,0,
14897,13752,14897,2020-05-21,Experian,768,2,39
14898,11068,14898,2021-09-24,Experian,724,3,
14899,11737,14899,2024-05-12,Equifax,732,3,
14900,679,14900,2021-09-02,Experian,680,5,54
14901,4500,14901,2023-05-20,Experian,664,4,
14902,12421,14902,2023-02-04,Equifax,815,3,
14903,11228,14903,2020-12-08,Experian,724,3,18
14904,8693,14904,2021-08-11,Equifax,618,0,
14905,1964,14905,2020-03-18,Experian,714,4,
14906,11245,14906,2022-06-28,Equifax,747,1,8
14907,9342,14907,2020-01-31,Experian,845,5,
14908,13397,14908,2023-04-28,TransUnion,644,2,27
14909,6861,14909,2023-12-02,Experian,844,3,63
14910,4524,14910,2022-12-04,Experian,728,3,
14911,8079,14911,2021-07-05,Experian,774,5,
14912,1311,14912,2023-04-11,Experian,744,3,19
14913,6777,14913,2021-04-10,Equifax,737,5,33
14914,12165,14914,2021-07-12,TransUnion,724,0,
14915,14752,14915,2020-02-25,Experian,724,2,
14916,1412,14916,2021-12-01,Experian,772,5,
14917,5097,14917,2022-02-05,TransUnion,833,5,23
14918,8398,14918,2020-09-06,Equifax,710,4,49
14919,3897,14919,2022-06-25,Experian,641,5,
14920,14619,14920,2020-01-07,Equifax,795,1,
14921,3928,14921,2022-03-22,Equifax,749,1,10
14922,10920,14922,2021-05-18,Experian,660,1,49
14923,2862,14923,2020-12-28,Equifax,721,2,
14924,2408,14924,2023-07-10,Equifax,715,4,
14925,601,14925,2023-06-11,Equifax,670,3,12
14926,7647,14926,2020-10-22,Experian,725,0,
14927,8643,14927,2021-12-22,TransUnion,737,5,51
14928,5216,14928,2021-02-24,Experian,709,1,49
14929,1710,14929,2020-12-28,TransUnion,729,1,
14930,13078,14930,2020-04-22,Experian,843,0,
14931,5839,14931,2021-09-01,Experian,750,3,
14932,2865,14932,2020-11-16,Equifax,581,3,43
14933,12756,14933,2022-10-08,Equifax,605,5,16
14934,10100,14934,2021-07-07,TransUnion,658,1,33
14935,5540,14935,2023-08-03,Equifax,727,4,67
14936,3405,14936,2020-03-13,Experian,677,2,
14937,2057,14937,2020-10-13,TransUnion,808,4,23
14938,8209,14938,2022-08-29,Equifax,634,5,
14939,13109,14939,2023-03-29,TransUnion,791,0,
14940,5312,14940,2022-09-30,Equifax,704,5,
14941,10951,14941,2020-10-14,TransUnion,757,0,
14942,10797,14942,2020-11-24,TransUnion,674,0,68
14943,3772,14943,2022-03-11,Experian,607,3,
14944,672,14944,2022-08-19,Experian,593,0,
14945,6735,14945,2022-02-13,TransUnion,674,2,69
14946,5167,14946,2022-01-10,Equifax,649,5,3
14947,14625,14947,2023-10-08,TransUnion,763,5,37
14948,8274,14948,2023-02-20,Experian,671,0,64
14949,35,14949,2022-03-15,Experian,633,2,
14950,12275,14950,2021-12-22,TransUnion,701,2,
14951,6286,14951,2023-12-08,Experian,682,2,
14952,12423,14952,2023-10-22,Experian,635,2,62
14953,568,14953,2020-02-04,TransUnion,683,5,58
14954,8112,14954,2020-11-02,Equifax,782,3,33
14955,12055,14955,2023-04-26,TransUnion,720,1,
14956,9890,14956,2020-12-13,TransUnion,682,1,25
14957,7155,14957,2023-10-13,Equifax,803,1,38
14958,2332,14958,2021-12-22,Experian,846,5,40
14959,4316,14959,2020-05-17,TransUnion,640,1,27
14960,11611,14960,2023-11-13,Experian,731,3,14
14961,11026,14961,2023-10-04,TransUnion,745,3,14
14962,11059,14962,2021-01-16,Equifax,829,2,
14963,2144,14963,2021-09-23,Equifax,671,0,
14964,12386,14964,2021-10-22,TransUnion,745,3,33
14965,6902,14965,2021-05-24,TransUnion,737,5,37
14966,4373,14966,2023-07-11,Experian,662,1,4
14967,8469,14967,2021-11-23,Experian,697,2,
14968,12380,14968,2021-02-17,Experian,643,5,
14969,12072,14969,2020-12-23,TransUnion,635,5,
14970,5419,14970,2024-05-26,TransUnion,690,1,
14971,1537,14971,2020-06-01,TransUnion,700,5,55
14972,12557,14972,2020-09-10,TransUnion,740,4,46
14973,8078,14973,2020-02-19,TransUnion,706,3,
14974,4121,14974,2020-09-16,Equifax,640,0,68
14975,377,14975,2020-04-17,Experian,722,1,
14976,10547,14976,2021-07-18,Equifax,710,2,
14977,12867,14977,2022-09-06,Equifax,701,3,4
14978,3300,14978,2023-03-27,Equifax,712,0,
14979,5715,14979,2023-11-20,Equifax,677,4,33
14980,2292,14980,2022-08-04,TransUnion,844,5,
14981,3288,14981,2022-01-19,Equifax,690,3,
14982,575,14982,2020-06-26,TransUnion,734,3,9
14983,5918,14983,2020-04-11,Experian,732,1,28
14984,10298,14984,2022-05-28,TransUnion,734,3,36
14985,9819,14985,2021-02-26,Experian,728,0,
14986,12303,14986,2021-03-05,TransUnion,597,5,
14987,11203,14987,2022-04-05,Experian,731,3,
14988,3858,14988,2023-03-07,Experian,702,2,
14989,6666,14989,2023-07-22,TransUnion,612,4,27
14990,7368,14990,2024-04-02,Experian,719,1,
14991,11828,14991,2022-06-03,Equifax,653,4,39
14992,10794,14992,2023-09-19,Experian,582,3,16
14993,5570,14993,2020-02-22,Equifax,589,2,
14994,3346,14994,2022-04-04,Experian,744,2,
14995,6094,14995,2023-11-16,TransUnion,789,0,
14996,14095,14996,2022-04-22,TransUnion,842,3,13
14997,195,14997,2024-05-12,Experian,752,2,23
14998,6062,14998,2022-11-22,TransUnion,830,2,
14999,8951,14999,2020-06-02,TransUnion,598,1,
15000,8577,15000,2020-04-26,Equifax,723,4,8
15001,7779,15001,2020-11-15,Equifax,673,4,
15002,6135,15002,2023-10-11,Experian,766,4,
15003,1870,15003,2020-02-03,Equifax,747,5,17
15004,3166,15004,2021-03-25,TransUnion,642,0,
15005,12382,15005,2020-07-31,Equifax,729,4,
15006,12325,15006,2020-04-23,Equifax,766,1,
15007,2809,15007,2022-10-01,Equifax,703,1,
15008,13427,15008,2023-11-03,TransUnion,747,2,
15009,14779,15009,2023-05-27,Experian,699,2,
15010,5210,15010,2023-03-29,Equifax,662,1,18
15011,10991,15011,2022-09-26,Experian,739,5,30
15012,3815,15012,2023-03-21,Experian,645,5,70
15013,3879,15013,2022-06-18,Experian,826,4,
15014,1943,15014,2020-09-02,TransUnion,848,3,37
15015,2574,15015,2022-05-19,Experian,706,0,29
15016,9701,15016,2021-12-28,TransUnion,594,5,68
15017,10253,15017,2020-07-08,TransUnion,800,0,
15018,7521,15018,2020-08-08,Experian,643,2,
15019,2990,15019,2021-01-04,Equifax,664,3,49
15020,12434,15020,2021-02-01,Equifax,686,5,
15021,1366,15021,2022-07-26,Equifax,666,2,59
15022,14957,15022,2023-01-30,Experian,675,3,
15023,3317,15023,2022-10-20,Equifax,665,4,45
15024,11589,15024,2022-11-17,TransUnion,625,5,
15025,14858,15025,2021-04-07,Equifax,701,1,
15026,9782,15026,2022-05-21,Experian,673,1,44
15027,3070,15027,2023-10-17,Equifax,687,4,
15028,7453,15028,2020-07-30,TransUnion,728,2,
15029,7,15029,2021-10-19,Equifax,830,1,
15030,14194,15030,2021-09-29,TransUnion,746,3,
15031,9901,15031,2020-05-31,Equifax,669,4,50
15032,7911,15032,2021-06-05,Equifax,616,2,
15033,752,15033,2021-05-02,Equifax,830,0,
15034,5686,15034,2020-03-31,Equifax,709,0,
15035,8041,15035,2021-10-04,Experian,625,1,
15036,9050,15036,2024-03-29,Equifax,829,1,62
15037,9768,15037,2020-05-06,Equifax,712,4,
15038,2012,15038,2023-03-22,Equifax,723,1,
15039,12340,15039,2021-08-10,TransUnion,686,5,
15040,1084,15040,2023-04-26,Equifax,744,2,13
15041,6351,15041,2023-04-25,Equifax,646,2,30
15042,10183,15042,2021-02-14,Experian,750,4,13
15043,682,15043,2020-02-15,Experian,679,2,
15044,10943,15044,2020-03-09,TransUnion,826,4,12
15045,1759,15045,2020-12-01,Equifax,801,0,
15046,12579,15046,2022-03-03,Equifax,706,0,
15047,3841,15047,2023-05-10,TransUnion,724,5,64
15048,3006,15048,2021-01-21,Experian,740,4,
15049,8756,15049,2023-06-17,TransUnion,673,3,
15050,13248,15050,2021-02-12,TransUnion,835,4,
15051,11380,15051,2023-01-24,Experian,675,5,34
15052,511,15052,2022-07-08,Experian,621,3,
15053,10472,15053,2023-12-14,Equifax,816,5,59
15054,14729,15054,2022-03-20,TransUnion,660,5,
15055,4763,15055,2020-04-09,Experian,705,1,69
15056,7481,15056,2020-09-14,TransUnion,794,0,
15057,5012,15057,2021-10-04,Experian,659,4,
15058,732,15058,2020-05-12,Equifax,705,1,
15059,1748,15059,2022-09-23,TransUnion,791,5,22
15060,3715,15060,2023-11-03,Experian,758,1,
15061,9689,15061,2022-03-05,Equifax,728,4,39
15062,12144,15062,2020-01-31,Equifax,824,4,29
15063,8313,15063,2021-06-03,Experian,724,4,
15064,10147,15064,2023-12-24,Equifax,835,5,
15065,3416,15065,2023-09-17,TransUnion,686,0,
15066,3754,15066,2022-06-20,Equifax,697,3,
15067,4007,15067,2022-06-07,TransUnion,728,5,
15068,6384,15068,2020-09-05,Experian,583,3,
15069,13719,15069,2023-08-18,TransUnion,669,2,
15070,11023,15070,2023-05-28,Experian,726,0,
15071,5665,15071,2021-03-12,TransUnion,809,4,
15072,10124,15072,2024-05-25,Experian,646,0,
15073,11750,15073,2021-11-08,Experian,720,0,17
15074,12675,15074,2020-08-08,Equifax,735,5,12
15075,7419,15075,2023-08-14,Equifax,733,4,
15076,12596,15076,2022-10-03,TransUnion,612,0,20
15077,2918,15077,2022-04-25,Equifax,667,5,16
15078,5238,15078,2024-03-10,Experian,669,3,51
15079,2126,15079,2020-11-06,Equifax,710,5,44
15080,11801,15080,2023-03-13,Equifax,767,2,
15081,7274,15081,2020-09-11,Experian,825,4,
15082,7930,15082,2023-11-10,Equifax,837,1,
15083,6657,15083,2024-01-16,Equifax,735,1,64
15084,10494,15084,2022-11-11,TransUnion,694,1,
15085,3749,15085,2023-03-20,Equifax,831,2,7
15086,1008,15086,2022-08-21,Experian,727,5,25
15087,13404,15087,2021-06-27,TransUnion,739,1,
15088,10174,15088,2024-03-19,Experian,730,3,3
15089,2994,15089,2022-09-29,Equifax,838,4,
15090,3424,15090,2020-02-28,TransUnion,691,0,4
15091,11052,15091,2022-09-23,Experian,727,0,
15092,8874,15092,2022-03-08,Equifax,641,2,
15093,369,15093,2024-05-30,Equifax,757,2,
15094,10218,15094,2021-04-05,Experian,758,2,
15095,11639,15095,2021-08-03,TransUnion,606,4,43
15096,2837,15096,2020-01-15,TransUnion,746,4,
15097,4790,15097,2023-12-09,Experian,640,1,
15098,12812,15098,2020-02-10,Experian,823,1,
15099,8425,15099,2021-04-13,Experian,802,2,
15100,1951,15100,2022-10-16,Experian,754,1,
15101,5306,15101,2021-08-07,TransUnion,663,3,
15102,4907,15102,2022-01-19,TransUnion,710,2,31
15103,2513,15103,2022-04-05,Experian,651,0,
15104,14003,15104,2022-04-30,Equifax,749,2,
15105,6645,15105,2020-09-10,Experian,602,1,49
15106,3998,15106,2022-04-09,TransUnion,772,0,51
15107,1007,15107,2020-03-27,Experian,645,3,48
15108,13791,15108,2024-04-28,Experian,708,2,
15109,8171,15109,2024-02-28,Equifax,850,3,
15110,14027,15110,2023-03-01,TransUnion,718,1,
15111,14033,15111,2022-03-31,Equifax,680,5,35
15112,533,15112,2023-03-31,Experian,693,4,
15113,512,15113,2021-03-10,Equifax,593,0,38
15114,7734,15114,2023-11-28,Experian,732,3,
15115,6794,15115,2022-10-22,TransUnion,689,1,
15116,2398,15116,2022-08-19,TransUnion,690,2,12
15117,4452,15117,2021-01-27,Equifax,654,5,
15118,9832,15118,2020-06-28,Experian,703,3,
15119,1613,15119,2022-07-04,Equifax,687,1,23
15120,4415,15120,2023-04-30,Experian,636,4,61
15121,11576,15121,2022-01-12,TransUnion,689,1,14
15122,826,15122,2023-06-27,Experian,615,4,
15123,5543,15123,2021-03-10,TransUnion,581,5,51
15124,14492,15124,2021-07-24,Equifax,755,4,62
15125,2292,15125,2022-02-18,Equifax,844,5,49
15126,6382,15126,2021-01-13,TransUnion,707,0,
15127,8061,15127,2023-03-05,TransUnion,705,1,58
15128,3313,15128,2021-03-11,Experian,845,2,
15129,11651,15129,2023-02-10,Equifax,716,1,
15130,8273,15130,2022-03-20,Experian,657,4,
15131,14422,15131,2024-04-01,Equifax,699,2,
15132,8082,15132,2022-09-14,TransUnion,734,3,
15133,8853,15133,2023-03-03,Equifax,830,4,
15134,2395,15134,2020-09-01,Experian,611,1,60
15135,5998,15135,2022-05-30,TransUnion,731,4,67
15136,10366,15136,2020-02-03,Equifax,594,5,34
15137,8731,15137,2022-06-04,TransUnion,783,4,63
15138,11939,15138,2020-06-17,Equifax,713,4,
15139,948,15139,2023-05-30,TransUnion,583,5,
15140,14826,15140,2022-10-18,TransUnion,715,2,66
15141,11876,15141,2021-08-13,Experian,823,1,
15142,585,15142,2021-08-04,TransUnion,705,1,
15143,10626,15143,2022-06-29,Experian,772,4,
15144,6806,15144,2023-01-28,TransUnion,720,5,
15145,12287,15145,2024-02-29,Equifax,709,1,
15146,1722,15146,2022-12-28,TransUnion,673,1,33
15147,8811,15147,2020-09-24,TransUnion,660,1,52
15148,4760,15148,2020-01-24,Equifax,651,1,56
15149,10285,15149,2022-07-05,TransUnion,716,3,71
15150,12965,15150,2022-08-05,Equifax,724,3,
15151,1762,15151,2022-02-17,Equifax,653,4,4
15152,14205,15152,2024-02-01,Experian,671,0,
15153,11561,15153,2022-07-27,TransUnion,780,5,39
15154,14516,15154,2021-08-25,TransUnion,707,1,
15155,8909,15155,2024-04-10,Experian,615,5,71
15156,4669,15156,2021-02-27,TransUnion,618,2,71
15157,8629,15157,2020-01-18,Experian,697,1,
15158,2091,15158,2024-01-13,Equifax,722,5,
15159,9929,15159,2020-01-13,Equifax,674,0,
15160,1289,15160,2022-05-23,Experian,741,4,
15161,8370,15161,2020-08-14,Equifax,713,0,
15162,13312,15162,2023-01-05,Equifax,713,2,
15163,11471,15163,2021-12-24,TransUnion,732,1,28
15164,14819,15164,2023-09-26,TransUnion,647,5,50
15165,14360,15165,2024-01-03,TransUnion,740,4,
15166,4585,15166,2020-07-31,TransUnion,662,0,
15167,3708,15167,2021-03-15,TransUnion,847,2,55
15168,11505,15168,2023-11-28,Experian,638,2,
15169,956,15169,2021-07-31,Equifax,833,5,22
15170,8474,15170,2021-03-08,Equifax,690,0,
15171,10609,15171,2022-08-19,Equifax,611,5,
15172,11438,15172,2020-06-12,Equifax,672,0,16
15173,2466,15173,2020-07-31,Equifax,668,2,
15174,8683,15174,2023-02-23,TransUnion,692,2,60
15175,458,15175,2021-02-14,Equifax,679,1,
15176,5110,15176,2021-05-27,Equifax,672,5,15
15177,10760,15177,2023-01-07,TransUnion,740,5,46
15178,5166,15178,2023-08-29,Equifax,734,2,
15179,7407,15179,2023-11-08,TransUnion,615,4,
15180,1863,15180,2021-03-21,Experian,849,0,
15181,9948,15181,2022-07-23,Experian,745,5,25
15182,9277,15182,2022-03-02,Equifax,722,1,
15183,6430,15183,2022-10-11,Equifax,614,3,
15184,2541,15184,2023-12-19,Experian,584,3,
15185,7581,15185,2021-06-25,Equifax,815,5,
15186,6748,15186,2020-09-18,Experian,696,3,
15187,6285,15187,2021-04-06,Equifax,721,5,
15188,489,15188,2021-06-03,Equifax,696,1,3
15189,3220,15189,2022-06-06,TransUnion,749,1,
15190,13264,15190,2023-08-26,Experian,748,0,
15191,7836,15191,2020-07-18,TransUnion,587,3,
15192,4148,15192,2021-05-13,TransUnion,694,0,
15193,7267,15193,2022-08-13,Experian,681,4,
15194,6951,15194,2020-11-04,Experian,830,1,
15195,9827,15195,2023-06-14,Equifax,689,4,30
15196,1612,15196,2022-03-20,Experian,648,1,
15197,1229,15197,2023-08-24,Equifax,632,0,
15198,7479,15198,2021-05-03,TransUnion,708,3,7
15199,395,15199,2020-04-17,TransUnion,685,3,4
15200,14715,15200,2022-10-13,TransUnion,615,1,26
15201,1815,15201,2023-03-18,Equifax,814,2,
15202,2696,15202,2021-11-29,TransUnion,632,0,
15203,2840,15203,2020-04-23,Equifax,720,5,46
15204,10529,15204,2023-12-14,Experian,733,3,
15205,9677,15205,2021-04-01,Experian,600,2,
15206,4989,15206,2022-02-03,TransUnion,614,1,
15207,5581,15207,2021-01-19,TransUnion,689,2,
15208,1103,15208,2022-02-10,Equifax,672,3,35
15209,324,15209,2022-04-25,TransUnion,606,0,13
15210,5141,15210,2022-03-25,Experian,847,1,
15211,3032,15211,2024-05-02,TransUnion,742,1,
15212,9064,15212,2023-03-26,TransUnion,709,5,9
15213,8111,15213,2020-09-22,Experian,715,3,
15214,11025,15214,2023-03-29,Equifax,738,5,43
15215,4477,15215,2024-05-13,Experian,714,4,
15216,1916,15216,2020-11-11,Equifax,632,1,
15217,10506,15217,2021-08-15,Equifax,706,2,
15218,10693,15218,2022-12-20,Equifax,828,0,
15219,13807,15219,2022-12-10,TransUnion,744,1,
15220,4485,15220,2021-11-27,Experian,727,1,
15221,14572,15221,2020-01-14,TransUnion,590,5,28
15222,4156,15222,2022-11-26,Experian,784,2,
15223,13979,15223,2022-01-16,Equifax,690,1,58
15224,1225,15224,2023-01-26,Experian,678,4,
15225,1299,15225,2022-08-21,Equifax,727,1,
15226,14865,15226,2021-11-19,Experian,794,0,15
15227,5051,15227,2021-10-14,Equifax,713,0,34
15228,6412,15228,2023-09-07,TransUnion,603,0,67
15229,11106,15229,2020-09-25,TransUnion,714,3,
15230,10084,15230,2020-09-07,TransUnion,661,3,
15231,6687,15231,2021-08-15,Equifax,624,5,
15232,9912,15232,2020-10-05,Equifax,602,1,
15233,2584,15233,2020-01-20,Experian,649,4,
15234,4127,15234,2022-09-27,Equifax,741,2,50
15235,3637,15235,2024-01-17,Equifax,701,1,
15236,8600,15236,2022-04-20,TransUnion,842,5,
15237,11335,15237,2023-09-16,Equifax,679,5,
15238,10125,15238,2022-06-07,TransUnion,700,0,
15239,7808,15239,2022-01-21,TransUnion,700,0,19
15240,10317,15240,2022-06-19,Experian,792,5,59
15241,2492,15241,2021-06-19,Experian,692,2,67
15242,1706,15242,2021-01-29,Experian,599,4,
15243,5989,15243,2021-12-08,Equifax,843,2,39
15244,4393,15244,2021-07-15,Experian,749,3,
15245,11297,15245,2024-04-17,Experian,678,4,
15246,10626,15246,2021-01-26,TransUnion,772,2,
15247,13192,15247,2022-01-25,Experian,661,2,
15248,3025,15248,2020-07-20,Experian,680,1,22
15249,11730,15249,2023-02-25,Equifax,743,1,
15250,6726,15250,2023-11-12,TransUnion,640,5,
15251,6202,15251,2023-08-11,Equifax,665,2,
15252,7581,15252,2022-10-25,Experian,815,5,
15253,7488,15253,2023-12-24,TransUnion,656,3,
15254,6500,15254,2023-06-12,Experian,709,2,18
15255,2011,15255,2020-08-26,Equifax,685,0,43
15256,11203,15256,2022-06-15,Experian,731,4,
15257,2498,15257,2022-03-15,TransUnion,674,2,58
15258,2453,15258,2023-09-18,Experian,717,4,4
15259,8865,15259,2024-03-10,Equifax,764,2,35
15260,8979,15260,2023-12-24,Equifax,793,0,
15261,3014,15261,2023-09-10,Equifax,718,4,56
15262,3114,15262,2024-04-29,Experian,727,4,53
15263,2162,15263,2020-11-02,Equifax,718,3,
15264,5149,15264,2023-10-21,Equifax,683,2,10
15265,14739,15265,2023-06-03,TransUnion,714,4,
15266,7237,15266,2021-10-01,TransUnion,703,1,68
15267,6362,15267,2024-05-09,TransUnion,696,4,
15268,10962,15268,2023-05-18,TransUnion,741,1,
15269,8631,15269,2022-05-19,Experian,681,0,60
15270,1408,15270,2020-12-16,Experian,669,2,
15271,13940,15271,2022-11-16,TransUnion,766,4,
15272,14700,15272,2024-02-06,TransUnion,778,0,
15273,123,15273,2020-10-11,Equifax,663,1,
15274,2160,15274,2021-12-24,Experian,831,1,51
15275,11947,15275,2023-10-14,Experian,611,5,
15276,97,15276,2021-03-04,TransUnion,741,2,
15277,10368,15277,2024-02-25,Equifax,708,0,
15278,13894,15278,2021-04-12,Equifax,588,0,25
15279,5118,15279,2023-04-08,TransUnion,773,0,
15280,4127,15280,2023-02-17,Experian,741,5,
15281,6884,15281,2024-02-17,Experian,729,2,8
15282,1395,15282,2021-02-06,Experian,821,3,
15283,13616,15283,2020-11-25,TransUnion,816,2,
15284,6705,15284,2023-06-11,Experian,730,1,
15285,7437,15285,2023-02-23,Experian,746,5,
15286,844,15286,2023-12-18,Equifax,687,4,
15287,587,15287,2022-04-19,TransUnion,739,2,
15288,3519,15288,2023-01-07,Equifax,671,1,
15289,8730,15289,2020-05-02,Experian,806,5,
15290,4034,15290,2021-06-14,Equifax,716,2,26
15291,3609,15291,2023-01-29,Equifax,749,1,
15292,3473,15292,2020-09-03,Equifax,768,5,26
15293,7163,15293,2023-07-23,Experian,682,5,14
15294,13196,15294,2021-12-15,TransUnion,641,5,
15295,3665,15295,2020-07-19,TransUnion,714,4,
15296,6280,15296,2022-10-10,Equifax,710,3,6
15297,10525,15297,2023-06-23,TransUnion,587,0,
15298,14888,15298,2020-08-23,Experian,702,5,6
15299,4668,15299,2020-08-25,TransUnion,713,4,
15300,5962,15300,2021-03-11,TransUnion,708,1,
15301,3496,15301,2020-11-25,Experian,734,0,59
15302,13482,15302,2023-09-05,Experian,749,2,63
15303,2576,15303,2023-10-25,Experian,737,1,33
15304,4315,15304,2022-05-30,TransUnion,727,3,29
15305,13143,15305,2020-01-20,Equifax,661,0,32
15306,117,15306,2021-04-05,TransUnion,661,5,36
15307,7583,15307,2022-02-23,Equifax,753,3,
15308,4232,15308,2022-11-06,Equifax,675,1,
15309,11519,15309,2023-02-19,TransUnion,587,3,
15310,11956,15310,2023-10-28,Experian,711,1,28
15311,10224,15311,2022-03-27,TransUnion,622,2,32
15312,2000,15312,2021-10-08,Experian,745,1,27
15313,1440,15313,2021-12-09,Equifax,690,4,
15314,8177,15314,2020-12-10,Experian,754,0,64
15315,9666,15315,2020-06-25,TransUnion,661,5,
15316,14781,15316,2023-03-28,TransUnion,794,1,
15317,2247,15317,2020-12-28,TransUnion,689,5,
15318,14907,15318,2020-06-08,Experian,734,3,
15319,11045,15319,2023-10-17,Equifax,726,5,60
15320,1822,15320,2024-01-20,Experian,588,0,65
15321,1223,15321,2022-02-25,TransUnion,738,1,57
15322,9425,15322,2022-05-21,TransUnion,826,0,
15323,8730,15323,2020-05-10,TransUnion,806,4,
15324,1718,15324,2020-09-29,Equifax,686,4,
15325,2268,15325,2022-04-30,TransUnion,651,0,60
15326,4780,15326,2021-07-08,TransUnion,676,3,28
15327,10772,15327,2024-01-12,Equifax,639,5,
15328,9085,15328,2021-03-04,Equifax,713,2,
15329,8318,15329,2020-02-27,TransUnion,705,2,
15330,759,15330,2021-09-06,Equifax,687,0,
15331,2520,15331,2021-04-27,Experian,722,4,11
15332,1244,15332,2020-01-05,Equifax,707,5,22
15333,6692,15333,2020-08-21,TransUnion,806,0,18
15334,2101,15334,2023-04-21,Equifax,681,5,5
15335,5164,15335,2023-06-30,Equifax,614,5,22
15336,11251,15336,2020-01-26,TransUnion,679,4,32
15337,4968,15337,2021-07-16,TransUnion,793,2,
15338,14353,15338,2023-04-09,TransUnion,660,3,
15339,2781,15339,2020-08-18,Experian,745,2,51
15340,7862,15340,2021-11-05,TransUnion,630,4,
15341,12642,15341,2022-10-29,Experian,745,3,
15342,11489,15342,2021-10-10,TransUnion,712,4,
15343,1367,15343,2021-03-28,TransUnion,608,3,
15344,9765,15344,2022-11-19,Equifax,701,4,55
15345,4998,15345,2021-01-10,Equifax,747,4,
15346,8253,15346,2022-10-04,Equifax,692,0,63
15347,6517,15347,2020-11-05,TransUnion,654,1,37
15348,3856,15348,2020-08-25,Equifax,674,5,
15349,4000,15349,2023-05-05,Experian,721,4,
15350,10673,15350,2024-02-26,Equifax,738,0,29
15351,5807,15351,2022-08-15,Experian,665,2,
15352,1472,15352,2020-02-10,Equifax,731,4,36
15353,5299,15353,2023-05-28,Equifax,695,2,
15354,3793,15354,2022-02-21,TransUnion,675,5,
15355,12236,15355,2020-01-19,TransUnion,616,2,
15356,14376,15356,2022-04-19,TransUnion,827,4,
15357,13471,15357,2024-03-17,Equifax,672,4,
15358,5896,15358,2021-11-09,Experian,649,0,69
15359,6014,15359,2021-02-18,Equifax,848,4,
15360,10507,15360,2020-01-06,Experian,676,5,22
15361,13393,15361,2020-12-22,Experian,600,1,
15362,14845,15362,2023-07-09,Experian,651,4,
15363,10532,15363,2021-05-02,Experian,718,5,
15364,10231,15364,2023-02-10,TransUnion,580,4,
15365,6083,15365,2021-04-27,TransUnion,701,4,
15366,1582,15366,2021-11-07,Equifax,591,2,45
15367,12895,15367,2020-03-24,Experian,734,3,18
15368,9763,15368,2021-10-13,Experian,719,5,
15369,3005,15369,2021-01-28,Experian,663,0,61
15370,9209,15370,2021-11-06,Equifax,728,0,62
15371,6215,15371,2023-01-05,TransUnion,686,1,62
15372,5565,15372,2022-11-04,TransUnion,815,4,
15373,10953,15373,2022-07-05,TransUnion,645,3,
15374,13148,15374,2023-10-03,Equifax,594,5,
15375,14760,15375,2022-12-19,Experian,769,3,
15376,6346,15376,2021-04-21,Equifax,639,1,8
15377,12266,15377,2022-08-08,Experian,778,3,61
15378,12592,15378,2022-02-24,Equifax,630,0,55
15379,2529,15379,2023-04-17,Experian,706,0,
15380,11509,15380,2021-09-11,Experian,749,0,39
15381,6783,15381,2023-04-10,Experian,678,5,
15382,13266,15382,2020-02-13,TransUnion,668,3,
15383,9286,15383,2022-02-08,Equifax,756,2,44
15384,10435,15384,2023-08-28,Equifax,762,2,
15385,11934,15385,2020-12-29,Equifax,845,2,
15386,8247,15386,2023-09-04,TransUnion,653,1,61
15387,4747,15387,2020-01-31,Equifax,707,2,
15388,4968,15388,2020-06-12,Equifax,793,3,35
15389,10389,15389,2020-06-28,Experian,689,1,
15390,1706,15390,2023-05-24,Experian,599,1,40
15391,5356,15391,2021-12-03,TransUnion,816,4,
15392,14587,15392,2020-07-13,TransUnion,643,4,52
15393,6271,15393,2020-09-17,Experian,667,1,
15394,7449,15394,2024-03-17,Experian,733,3,
15395,3737,15395,2020-02-26,Experian,789,0,29
15396,7442,15396,2021-04-26,Equifax,784,1,
15397,14652,15397,2021-06-15,Equifax,621,3,36
15398,10058,15398,2023-02-05,TransUnion,710,1,
15399,6798,15399,2022-12-18,Equifax,740,2,
15400,12752,15400,2022-08-02,Equifax,692,5,
15401,10706,15401,2022-03-24,TransUnion,749,3,
15402,10178,15402,2023-04-14,TransUnion,744,1,
15403,1459,15403,2024-03-23,Experian,840,4,
15404,5861,15404,2020-08-15,Experian,693,5,18
15405,12163,15405,2020-01-30,Experian,653,0,
15406,8960,15406,2022-09-26,Equifax,844,1,
15407,11372,15407,2020-08-12,Experian,581,3,
15408,4036,15408,2021-02-13,Equifax,665,0,
15409,8025,15409,2020-05-05,TransUnion,595,2,
15410,1618,15410,2023-01-26,Experian,689,0,
15411,13950,15411,2020-07-07,TransUnion,749,0,
15412,3276,15412,2021-08-31,Experian,601,2,
15413,10836,15413,2022-08-13,Equifax,604,3,37
15414,14202,15414,2023-12-23,Experian,785,2,
15415,14569,15415,2023-02-15,TransUnion,722,3,25
15416,12306,15416,2020-05-18,TransUnion,650,4,62
15417,143,15417,2021-09-21,Experian,640,3,8
15418,12022,15418,2020-03-19,TransUnion,696,3,
15419,3228,15419,2023-09-18,Experian,816,0,
15420,12513,15420,2024-03-29,Equifax,703,1,5
15421,2002,15421,2021-06-20,Experian,838,4,
15422,7917,15422,2020-04-04,Equifax,739,2,20
15423,8565,15423,2023-01-03,Equifax,615,1,68
15424,10849,15424,2024-04-11,TransUnion,617,5,
15425,14976,15425,2020-03-20,Experian,636,1,
15426,8525,15426,2022-05-28,Experian,780,4,
15427,7828,15427,2021-02-27,Equifax,720,5,6
15428,7734,15428,2021-08-30,TransUnion,732,1,
15429,11199,15429,2023-06-20,TransUnion,589,4,47
15430,491,15430,2022-11-18,Experian,700,2,
15431,1811,15431,2023-08-04,Equifax,734,2,12
15432,14441,15432,2020-05-09,TransUnion,708,0,
15433,11332,15433,2022-10-01,Experian,719,1,
15434,866,15434,2023-09-10,Experian,725,2,39
15435,3649,15435,2024-01-27,Experian,595,4,
15436,11555,15436,2022-11-14,Experian,586,1,66
15437,2252,15437,2023-08-29,Equifax,688,2,59
15438,7232,15438,2022-05-26,TransUnion,714,5,
15439,2434,15439,2023-02-07,Equifax,583,1,
15440,9821,15440,2020-08-15,Experian,665,0,54
15441,11272,15441,2022-02-19,Experian,745,2,
15442,12913,15442,2022-12-07,TransUnion,734,0,
15443,2327,15443,2021-03-04,TransUnion,701,0,
15444,9388,15444,2023-03-01,TransUnion,677,0,
15445,10854,15445,2021-03-23,Equifax,696,3,
15446,11795,15446,2022-03-20,TransUnion,659,0,
15447,5996,15447,2020-09-04,Experian,663,0,
15448,13722,15448,2020-02-14,Equifax,818,2,
15449,10309,15449,2022-10-03,Equifax,645,0,
15450,6909,15450,2022-03-13,TransUnion,735,5,
15451,3634,15451,2022-02-12,TransUnion,701,2,
15452,9739,15452,2023-07-10,Experian,746,1,43
15453,8585,15453,2021-02-09,TransUnion,609,2,70
15454,9065,15454,2022-06-26,TransUnion,743,2,66
15455,10990,15455,2023-05-04,Equifax,668,3,
15456,9168,15456,2021-11-22,Equifax,631,4,5
15457,3368,15457,2021-12-11,Equifax,726,0,
15458,2738,15458,2022-01-18,TransUnion,640,0,
15459,8473,15459,2021-06-06,TransUnion,765,2,54
15460,1056,15460,2022-02-03,Experian,848,4,18
15461,6852,15461,2022-12-10,TransUnion,697,0,29
15462,10529,15462,2021-07-28,Equifax,733,2,49
15463,12277,15463,2020-03-24,TransUnion,646,3,
15464,8554,15464,2023-11-23,TransUnion,846,0,68
15465,5466,15465,2021-04-19,Experian,739,4,66
15466,14177,15466,2020-01-12,Equifax,647,5,69
15467,4033,15467,2023-06-02,Experian,798,4,6
15468,2474,15468,2020-10-09,Equifax,585,0,27
15469,6615,15469,2022-03-08,TransUnion,590,3,
15470,12199,15470,2022-10-15,Experian,799,1,27
15471,12213,15471,2023-05-15,TransUnion,608,5,
15472,4221,15472,2020-12-31,TransUnion,701,0,8
15473,3563,15473,2023-02-23,TransUnion,683,3,
15474,10959,15474,2024-03-31,Equifax,718,0,
15475,2521,15475,2024-01-24,Experian,691,0,
15476,9083,15476,2024-02-10,TransUnion,659,0,56
15477,786,15477,2021-04-13,TransUnion,700,1,35
15478,399,15478,2023-10-23,Experian,774,3,
15479,9775,15479,2023-06-23,TransUnion,617,1,
15480,5853,15480,2024-01-18,Experian,739,5,27
15481,10279,15481,2020-02-23,Experian,602,1,
15482,4304,15482,2020-06-13,Equifax,727,1,42
15483,4384,15483,2023-05-09,Equifax,735,5,51
15484,9356,15484,2023-02-04,Experian,682,4,20
15485,291,15485,2021-07-02,Experian,631,3,
15486,975,15486,2022-09-27,TransUnion,664,4,
15487,12631,15487,2021-06-19,Equifax,731,2,55
15488,11272,15488,2022-09-21,Experian,745,4,
15489,9756,15489,2020-09-02,Experian,590,0,6
15490,13515,15490,2020-02-16,TransUnion,818,3,24
15491,7973,15491,2020-09-23,Equifax,809,3,15
15492,14402,15492,2023-08-03,Experian,688,0,28
15493,3043,15493,2021-08-05,Equifax,637,1,67
15494,1182,15494,2020-09-04,Experian,716,0,71
15495,11102,15495,2022-07-05,TransUnion,606,1,7
15496,6482,15496,2021-08-08,TransUnion,585,1,
15497,6960,15497,2023-09-16,TransUnion,593,2,3
15498,6319,15498,2023-01-08,TransUnion,839,1,
15499,539,15499,2021-02-09,TransUnion,662,0,
15500,13265,15500,2022-11-08,Equifax,643,4,11
15501,219,15501,2020-05-01,Experian,730,4,
15502,4602,15502,2022-03-24,Equifax,698,2,27
15503,2066,15503,2021-09-10,Equifax,721,4,
15504,11205,15504,2020-05-12,Experian,737,4,
15505,14546,15505,2024-04-11,Experian,755,4,40
15506,4520,15506,2023-05-16,Experian,606,3,14
15507,6589,15507,2023-11-15,Equifax,716,2,
15508,7773,15508,2022-04-23,Equifax,732,2,14
15509,8294,15509,2021-02-11,TransUnion,738,2,
15510,14775,15510,2023-09-26,Equifax,600,2,
15511,9408,15511,2022-01-16,Experian,747,2,
15512,7363,15512,2023-10-18,Experian,670,1,28
15513,7770,15513,2022-03-31,Equifax,619,0,58
15514,6940,15514,2022-05-04,Experian,703,1,
15515,10466,15515,2024-05-06,Equifax,817,2,27
15516,6789,15516,2022-08-24,TransUnion,701,4,
15517,13933,15517,2023-10-24,TransUnion,659,3,
15518,12337,15518,2021-11-18,Experian,698,1,
15519,14964,15519,2021-06-15,Equifax,585,5,35
15520,10695,15520,2022-02-12,TransUnion,595,3,34
15521,183,15521,2022-12-17,TransUnion,711,5,
15522,8792,15522,2021-11-02,Equifax,832,2,
15523,13781,15523,2020-10-08,TransUnion,726,4,
15524,7566,15524,2021-09-14,TransUnion,623,0,42
15525,1684,15525,2020-08-24,Experian,837,2,
15526,7614,15526,2023-06-03,TransUnion,658,3,
15527,9249,15527,2020-02-11,TransUnion,675,0,
15528,8602,15528,2022-01-30,Equifax,786,2,16
15529,304,15529,2022-08-18,TransUnion,762,5,
15530,14767,15530,2023-02-02,TransUnion,744,2,
15531,8850,15531,2020-11-01,TransUnion,828,4,53
15532,12715,15532,2023-09-21,Experian,709,1,
15533,12298,15533,2023-01-14,Experian,618,4,50
15534,14000,15534,2021-03-16,Equifax,670,5,
15535,3953,15535,2023-11-17,Experian,678,3,
15536,14638,15536,2024-04-13,TransUnion,596,3,
15537,13155,15537,2023-01-26,Experian,609,1,57
15538,9087,15538,2020-06-17,TransUnion,804,5,55
15539,2360,15539,2021-12-16,TransUnion,740,1,
15540,11523,15540,2020-10-05,Equifax,843,0,
15541,12416,15541,2023-07-12,TransUnion,643,3,3
15542,490,15542,2024-05-12,Experian,731,0,15
15543,7819,15543,2021-03-20,Equifax,666,0,
15544,1172,15544,2020-09-23,Equifax,761,2,
15545,10788,15545,2021-03-31,Equifax,719,1,11
15546,12820,15546,2023-06-13,Experian,617,3,71
15547,1995,15547,2023-03-28,Experian,674,2,60
15548,3733,15548,2022-02-09,TransUnion,787,3,
15549,1212,15549,2021-10-18,TransUnion,705,1,
15550,2952,15550,2021-11-28,TransUnion,832,0,
15551,716,15551,2022-11-02,Experian,774,0,
15552,12649,15552,2020-02-08,Experian,749,0,
15553,3315,15553,2023-06-02,Equifax,817,5,
15554,7561,15554,2022-05-18,Experian,669,3,
15555,12894,15555,2020-11-20,TransUnion,740,5,8
15556,7367,15556,2022-03-29,Experian,689,3,29
15557,12200,15557,2022-12-08,TransUnion,683,3,40
15558,6705,15558,2023-03-18,TransUnion,730,1,
15559,9449,15559,2020-03-24,Experian,694,0,
15560,3420,15560,2020-07-03,TransUnion,588,0,68
15561,3025,15561,2021-01-03,TransUnion,680,2,54
15562,13856,15562,2024-04-26,TransUnion,678,1,
15563,11330,15563,2022-09-28,TransUnion,744,2,62
15564,5350,15564,2021-01-04,Equifax,671,3,
15565,8919,15565,2020-03-18,Experian,727,2,
15566,10046,15566,2022-04-18,Experian,748,1,
15567,4399,15567,2022-09-08,Experian,713,4,
15568,9854,15568,2021-11-03,TransUnion,599,1,
15569,4056,15569,2022-03-20,TransUnion,720,4,
15570,400,15570,2022-03-24,Equifax,710,3,27
15571,8246,15571,2021-05-07,Equifax,702,2,
15572,5234,15572,2022-06-04,Equifax,738,3,
15573,11610,15573,2023-05-15,Experian,632,5,8
15574,5020,15574,2020-10-08,TransUnion,774,2,
15575,6330,15575,2021-02-08,Equifax,664,1,62
15576,13506,15576,2022-01-05,Equifax,658,5,47
15577,1846,15577,2021-04-26,TransUnion,642,1,
15578,2461,15578,2020-07-01,Equifax,581,4,18
15579,6971,15579,2022-11-15,Equifax,614,2,
15580,10101,15580,2023-12-08,Experian,734,3,
15581,8998,15581,2021-09-03,Equifax,642,2,
15582,4283,15582,2023-11-02,Experian,724,5,
15583,5699,15583,2020-08-27,Equifax,845,3,41
15584,10265,15584,2022-05-20,Equifax,633,3,
15585,12314,15585,2021-04-07,Experian,647,0,
15586,3932,15586,2020-01-18,Experian,673,0,42
15587,6254,15587,2022-05-19,Experian,728,3,47
15588,3810,15588,2020-01-02,Equifax,745,5,40
15589,10082,15589,2023-08-12,Equifax,635,4,
15590,7489,15590,2023-05-15,Equifax,706,4,
15591,6808,15591,2022-07-29,TransUnion,665,0,69
15592,8588,15592,2020-12-26,TransUnion,643,3,
15593,7417,15593,2020-08-07,Experian,659,3,
15594,12255,15594,2022-05-10,TransUnion,849,3,
15595,11118,15595,2021-07-27,Experian,728,3,
15596,6109,15596,2022-07-30,TransUnion,736,4,
15597,6615,15597,2024-02-15,Equifax,590,2,
15598,3317,15598,2020-09-07,Experian,665,1,63
15599,10910,15599,2020-03-26,TransUnion,849,1,
15600,1121,15600,2021-12-07,Equifax,690,5,
15601,8497,15601,2022-04-24,Experian,693,0,
15602,1538,15602,2021-09-04,TransUnion,767,0,
15603,6247,15603,2023-02-10,Experian,682,4,
15604,14530,15604,2021-01-18,Experian,687,3,
15605,10969,15605,2020-11-17,Experian,697,4,8
15606,12054,15606,2023-11-08,Experian,584,1,
15607,7870,15607,2021-10-23,TransUnion,610,3,11
15608,5175,15608,2021-10-25,Experian,757,5,
15609,2529,15609,2022-01-16,Experian,706,0,
15610,13833,15610,2023-03-30,Equifax,690,3,64
15611,13156,15611,2021-05-23,TransUnion,745,2,26
15612,10472,15612,2020-07-29,Equifax,816,5,18
15613,13017,15613,2022-07-06,Experian,719,5,
15614,12627,15614,2023-04-03,Experian,698,4,
15615,4961,15615,2021-08-08,TransUnion,777,3,
15616,8783,15616,2020-01-15,Equifax,738,2,
15617,2513,15617,2022-10-07,Equifax,651,5,
15618,6225,15618,2022-10-21,Equifax,645,5,
15619,8961,15619,2020-07-08,TransUnion,597,1,
15620,8079,15620,2023-02-21,Experian,774,4,
15621,6668,15621,2020-01-14,Equifax,610,2,20
15622,8748,15622,2023-11-10,Equifax,676,1,
15623,10957,15623,2020-01-12,Experian,613,1,
15624,14222,15624,2020-03-28,Experian,695,3,41
15625,407,15625,2021-05-10,Experian,640,2,
15626,2823,15626,2020-04-27,Equifax,732,2,
15627,5444,15627,2023-09-08,TransUnion,635,5,
15628,4004,15628,2020-03-01,Experian,690,1,48
15629,7302,15629,2020-02-03,Equifax,625,4,
15630,8188,15630,2021-11-24,Equifax,762,4,49
15631,13519,15631,2023-01-22,Equifax,798,4,46
15632,14973,15632,2023-07-23,TransUnion,673,2,36
15633,3081,15633,2020-04-07,TransUnion,704,1,8
15634,5488,15634,2020-05-17,TransUnion,771,2,26
15635,5341,15635,2020-03-23,Experian,702,2,
15636,10321,15636,2021-03-29,Equifax,785,0,55
15637,7652,15637,2020-11-24,Equifax,710,1,
15638,11320,15638,2022-12-20,TransUnion,621,2,39
15639,5050,15639,2022-09-21,TransUnion,669,3,56
15640,543,15640,2024-04-02,TransUnion,698,4,
15641,4235,15641,2023-08-30,Experian,738,2,
15642,9094,15642,2021-12-01,Experian,659,3,30
15643,3758,15643,2020-04-26,Experian,721,2,
15644,7011,15644,2022-12-19,Equifax,681,4,
15645,3989,15645,2023-01-28,Equifax,688,1,
15646,4811,15646,2022-08-20,Experian,710,5,
15647,12974,15647,2023-12-09,Equifax,630,3,
15648,14806,15648,2021-06-02,TransUnion,722,1,
15649,861,15649,2022-07-08,Experian,694,2,
15650,13268,15650,2020-07-14,Experian,683,5,
15651,2416,15651,2023-01-05,TransUnion,643,4,49
15652,7584,15652,2020-06-17,Equifax,587,2,
15653,7531,15653,2021-12-16,Experian,594,2,
15654,9569,15654,2020-08-17,Equifax,669,2,
15655,4145,15655,2023-03-10,TransUnion,698,1,
15656,10545,15656,2021-11-23,Equifax,686,3,
15657,6215,15657,2020-07-11,Equifax,686,2,6
15658,10450,15658,2021-03-16,Experian,638,4,
15659,10899,15659,2021-09-19,Experian,618,0,34
15660,8767,15660,2022-10-16,Experian,592,2,
15661,8906,15661,2022-06-05,Experian,743,1,
15662,10233,15662,2020-11-29,Experian,704,0,40
15663,7622,15663,2024-03-19,Experian,699,1,25
15664,4539,15664,2020-03-31,Equifax,831,1,
15665,6056,15665,2020-04-03,Equifax,719,0,51
15666,7419,15666,2022-04-22,TransUnion,733,3,51
15667,10445,15667,2024-03-21,Experian,784,2,19
15668,2236,15668,2020-10-27,TransUnion,707,3,
15669,14883,15669,2023-09-04,TransUnion,625,0,
15670,7306,15670,2021-02-26,TransUnion,690,1,29
15671,9369,15671,2024-02-04,TransUnion,638,3,7
15672,1495,15672,2024-03-15,TransUnion,789,3,64
15673,12079,15673,2022-01-19,Experian,730,2,
15674,828,15674,2021-06-13,Equifax,722,4,
15675,3524,15675,2021-01-26,TransUnion,722,1,
15676,9857,15676,2022-02-22,Equifax,840,5,4
15677,12264,15677,2020-05-15,TransUnion,673,2,
15678,10398,15678,2023-03-10,TransUnion,643,1,
15679,242,15679,2022-09-14,TransUnion,640,1,21
15680,5790,15680,2021-12-23,TransUnion,715,1,38
15681,14898,15681,2023-11-02,Experian,674,2,
15682,8936,15682,2023-09-11,Experian,721,3,
15683,5807,15683,2022-02-22,Equifax,665,4,22
15684,4320,15684,2021-07-14,Equifax,582,5,44
15685,14944,15685,2022-12-29,Experian,581,4,21
15686,12992,15686,2021-10-19,TransUnion,669,1,32
15687,7799,15687,2022-12-06,Equifax,725,1,
15688,4740,15688,2020-11-26,Experian,647,3,
15689,5094,15689,2021-04-04,Experian,662,1,66
15690,12701,15690,2021-06-16,TransUnion,590,2,
15691,6725,15691,2021-01-10,TransUnion,599,0,
15692,3345,15692,2021-04-23,Experian,692,4,
15693,2529,15693,2021-06-21,TransUnion,706,2,20
15694,5405,15694,2023-02-09,Equifax,649,2,12
15695,2247,15695,2020-11-04,TransUnion,689,2,
15696,782,15696,2021-12-10,Experian,749,2,
15697,1539,15697,2021-02-28,TransUnion,825,3,20
15698,4300,15698,2021-11-29,Experian,700,0,
15699,11573,15699,2021-09-28,Equifax,844,1,
15700,6499,15700,2023-05-05,Equifax,758,3,
15701,372,15701,2023-08-23,Experian,669,5,52
15702,7978,15702,2023-05-07,Experian,812,4,
15703,12766,15703,2021-05-08,Equifax,652,0,
15704,8099,15704,2022-03-05,Equifax,671,5,
15705,8289,15705,2023-01-01,TransUnion,668,1,36
15706,5065,15706,2020-04-06,Experian,723,3,
15707,8869,15707,2021-07-23,Experian,714,4,50
15708,14487,15708,2020-09-26,Equifax,645,5,
15709,10713,15709,2024-04-28,Equifax,605,0,55
15710,12339,15710,2020-11-17,TransUnion,676,3,22
15711,1505,15711,2022-02-09,TransUnion,595,5,
15712,7067,15712,2021-01-21,Equifax,632,2,
15713,7199,15713,2020-01-17,Equifax,839,5,
15714,11680,15714,2024-01-30,Experian,732,5,
15715,14496,15715,2023-09-12,Equifax,636,0,12
15716,14053,15716,2023-09-06,Equifax,744,4,44
15717,12580,15717,2023-06-22,Equifax,603,0,20
15718,2425,15718,2020-05-12,Equifax,702,1,
15719,14234,15719,2022-05-23,TransUnion,761,5,
15720,12253,15720,2021-02-08,Equifax,678,5,11
15721,6976,15721,2023-06-25,TransUnion,685,0,
15722,1170,15722,2020-09-21,TransUnion,795,3,50
15723,1061,15723,2022-04-19,Equifax,609,4,
15724,5003,15724,2022-10-16,TransUnion,625,3,40
15725,11082,15725,2021-01-05,Experian,670,5,64
15726,13295,15726,2021-05-16,Experian,631,3,
15727,8447,15727,2023-05-16,Equifax,749,4,22
15728,6464,15728,2023-06-01,Experian,847,0,71
15729,4730,15729,2021-11-03,Equifax,670,5,
15730,347,15730,2023-02-21,Equifax,627,4,65
15731,1999,15731,2020-04-20,Equifax,809,4,
15732,3546,15732,2020-04-08,Experian,683,2,24
15733,3972,15733,2021-03-12,Experian,699,4,62
15734,7958,15734,2020-01-26,Experian,608,3,35
15735,13138,15735,2020-09-25,Experian,710,0,28
15736,5941,15736,2023-01-06,TransUnion,735,4,
15737,2417,15737,2022-08-30,Experian,719,4,46
15738,3836,15738,2022-06-17,TransUnion,744,4,
15739,13060,15739,2024-05-27,Equifax,719,2,
15740,7998,15740,2023-02-02,Experian,731,2,
15741,12595,15741,2024-04-28,Equifax,624,3,
15742,1299,15742,2021-10-30,Equifax,727,5,
15743,6843,15743,2021-05-28,Experian,676,1,
15744,3802,15744,2022-03-13,TransUnion,817,3,
15745,3708,15745,2023-05-10,TransUnion,847,3,
15746,7663,15746,2020-12-16,TransUnion,592,0,
15747,12027,15747,2020-09-20,TransUnion,719,1,
15748,1776,15748,2020-04-28,Experian,830,0,22
15749,7704,15749,2022-04-16,Experian,811,1,
15750,2916,15750,2021-06-22,Experian,644,1,
15751,10881,15751,2022-01-27,Experian,716,1,
15752,10214,15752,2022-02-15,TransUnion,688,0,
15753,7723,15753,2023-06-01,Experian,773,2,
15754,12828,15754,2021-04-19,Equifax,663,0,
15755,4940,15755,2021-04-15,TransUnion,678,3,
15756,11888,15756,2024-04-17,Equifax,798,3,
15757,14392,15757,2020-03-04,Experian,665,5,
15758,12404,15758,2023-05-07,TransUnion,623,2,14
15759,10290,15759,2024-04-10,Experian,667,4,
15760,3752,15760,2022-09-11,TransUnion,694,5,
15761,10064,15761,2023-08-29,Experian,663,0,70
15762,11949,15762,2020-12-28,Experian,738,3,
15763,2386,15763,2022-08-03,Experian,634,2,
15764,904,15764,2021-05-09,TransUnion,731,0,51
15765,12726,15765,2020-05-14,Experian,719,0,
15766,2531,15766,2022-05-22,TransUnion,697,4,
15767,14066,15767,2022-12-24,Equifax,748,0,43
15768,5532,15768,2021-12-20,TransUnion,785,5,7
15769,1072,15769,2022-04-12,TransUnion,700,5,
15770,801,15770,2022-08-24,TransUnion,677,1,36
15771,6806,15771,2022-12-15,Experian,720,0,55
15772,13216,15772,2022-05-20,Experian,805,4,26
15773,10477,15773,2020-04-11,TransUnion,668,4,49
15774,943,15774,2022-09-01,Experian,746,5,19
15775,13877,15775,2022-07-14,TransUnion,835,2,
15776,12532,15776,2022-04-07,Experian,715,5,64
15777,5027,15777,2020-03-11,Experian,731,1,10
15778,194,15778,2022-02-19,Experian,692,5,
15779,9596,15779,2020-03-06,Experian,821,1,
15780,9288,15780,2022-04-14,TransUnion,737,5,
15781,2779,15781,2022-05-04,TransUnion,706,3,
15782,14393,15782,2021-03-08,Experian,732,1,
15783,12856,15783,2021-01-29,TransUnion,714,2,71
15784,11193,15784,2022-10-31,Experian,720,1,
15785,5812,15785,2024-02-29,Experian,717,2,12
15786,2002,15786,2023-08-30,Equifax,838,1,
15787,13633,15787,2021-05-22,Equifax,783,1,48
15788,11310,15788,2022-03-30,TransUnion,745,2,
15789,11131,15789,2021-03-12,TransUnion,741,5,54
15790,5201,15790,2023-05-03,Equifax,683,1,50
15791,7176,15791,2023-11-19,Equifax,680,1,
15792,427,15792,2023-03-19,Experian,590,3,34
15793,235,15793,2022-09-05,Equifax,791,2,4
15794,11756,15794,2021-12-14,TransUnion,728,3,70
15795,11450,15795,2020-06-26,Experian,641,0,33
15796,1997,15796,2020-10-31,TransUnion,751,4,
15797,10450,15797,2021-09-26,TransUnion,638,3,
15798,4447,15798,2022-12-08,TransUnion,661,0,
15799,4361,15799,2023-04-13,Experian,809,0,64
15800,13336,15800,2021-05-17,Equifax,709,5,
15801,3493,15801,2022-09-23,Experian,749,2,
15802,3830,15802,2021-10-30,Equifax,748,1,
15803,5460,15803,2024-01-02,Equifax,617,2,
15804,7809,15804,2022-11-01,TransUnion,630,5,19
15805,9382,15805,2023-07-16,Equifax,811,3,
15806,4995,15806,2020-05-19,Equifax,726,4,48
15807,12830,15807,2020-06-20,Equifax,660,3,3
15808,12054,15808,2020-09-10,Experian,584,0,
15809,3999,15809,2022-09-17,Experian,673,4,67
15810,14595,15810,2021-04-01,Equifax,739,3,18
15811,14429,15811,2021-05-12,Equifax,671,5,
15812,5029,15812,2021-12-10,TransUnion,648,2,
15813,2720,15813,2020-08-31,Equifax,783,1,35
15814,8948,15814,2021-07-17,Equifax,722,3,
15815,9855,15815,2023-04-06,Experian,594,2,
15816,14624,15816,2022-11-22,Equifax,721,0,11
15817,13791,15817,2022-07-12,TransUnion,708,4,28
15818,10793,15818,2021-03-13,Experian,744,1,
15819,1892,15819,2020-05-27,Experian,725,1,
15820,6264,15820,2022-08-21,Equifax,753,3,
15821,9415,15821,2021-03-26,Equifax,592,2,
15822,3562,15822,2020-07-01,Experian,752,1,
15823,9744,15823,2022-05-19,Equifax,609,0,
15824,11595,15824,2021-09-22,Equifax,589,4,
15825,10769,15825,2020-08-12,TransUnion,729,3,
15826,760,15826,2022-03-30,Equifax,591,3,
15827,11844,15827,2022-06-17,TransUnion,686,0,
15828,94,15828,2022-11-09,TransUnion,771,5,
15829,7711,15829,2021-09-01,TransUnion,607,3,
15830,2090,15830,2022-11-25,Experian,715,3,
15831,8627,15831,2024-04-10,TransUnion,728,5,
15832,4052,15832,2020-06-05,Equifax,618,0,
15833,1658,15833,2023-04-28,Equifax,732,4,
15834,9774,15834,2021-04-20,Equifax,814,0,
15835,13874,15835,2023-10-04,TransUnion,661,5,
15836,1897,15836,2022-08-03,Equifax,629,1,15
15837,2847,15837,2023-02-21,Equifax,706,5,
15838,9211,15838,2021-09-25,Equifax,671,3,23
15839,10398,15839,2023-12-25,Equifax,643,3,
15840,12773,15840,2020-04-02,TransUnion,825,2,
15841,6172,15841,2020-10-18,Equifax,781,1,13
15842,13055,15842,2020-10-27,TransUnion,835,3,39
15843,5509,15843,2020-02-23,Experian,605,3,55
15844,6262,15844,2020-03-12,Equifax,731,0,
15845,7299,15845,2021-02-01,Equifax,729,1,
15846,11530,15846,2020-05-13,Equifax,754,4,15
15847,7325,15847,2020-06-08,Equifax,693,1,
15848,11857,15848,2023-11-10,Experian,719,0,52
15849,146,15849,2022-10-30,Equifax,710,3,
15850,2124,15850,2023-04-17,Experian,701,3,
15851,807,15851,2023-04-18,Equifax,798,5,
15852,7140,15852,2023-07-11,TransUnion,671,5,64
15853,5908,15853,2020-04-20,Experian,815,3,
15854,2500,15854,2021-10-19,Equifax,658,0,
15855,4834,15855,2021-10-15,Equifax,631,0,
15856,886,15856,2022-09-02,Experian,590,3,
15857,1841,15857,2021-03-25,Equifax,818,1,
15858,13255,15858,2024-03-30,TransUnion,675,5,38
15859,5612,15859,2023-04-03,TransUnion,695,3,
15860,13108,15860,2024-05-05,TransUnion,653,0,
15861,3305,15861,2021-07-10,Equifax,685,1,
15862,886,15862,2021-10-17,TransUnion,590,2,
15863,12299,15863,2024-02-25,Experian,683,1,
15864,4516,15864,2023-01-17,TransUnion,736,1,25
15865,3894,15865,2022-01-31,Equifax,591,2,12
15866,13716,15866,2020-05-30,Equifax,650,4,
15867,14995,15867,2020-02-16,Equifax,682,5,
15868,8027,15868,2021-05-17,Experian,672,3,
15869,3138,15869,2020-09-24,TransUnion,646,1,
15870,8288,15870,2022-09-06,Experian,747,5,53
15871,7857,15871,2023-07-05,TransUnion,612,4,17
15872,7188,15872,2024-04-20,Experian,669,4,69
15873,13951,15873,2022-03-22,TransUnion,705,3,34
15874,3932,15874,2023-01-26,TransUnion,673,3,60
15875,11723,15875,2020-09-26,TransUnion,679,2,
15876,10466,15876,2022-11-01,Equifax,817,2,57
15877,8291,15877,2020-10-20,Equifax,706,1,26
15878,13601,15878,2022-02-24,Equifax,704,0,
15879,731,15879,2021-07-17,TransUnion,702,4,55
15880,10711,15880,2022-08-13,Experian,656,1,
15881,13710,15881,2022-10-17,Equifax,837,0,16
15882,3823,15882,2020-09-06,TransUnion,833,4,
15883,4649,15883,2020-10-24,TransUnion,732,1,
15884,7986,15884,2022-09-16,TransUnion,747,2,32
15885,3433,15885,2020-08-19,Experian,615,5,
15886,1223,15886,2020-08-16,TransUnion,738,0,
15887,1938,15887,2024-05-22,TransUnion,647,1,34
15888,2142,15888,2023-06-22,Equifax,674,3,38
15889,6338,15889,2020-09-09,Experian,697,4,
15890,4363,15890,2023-01-03,TransUnion,726,1,66
15891,2626,15891,2023-03-22,Equifax,704,3,23
15892,11289,15892,2023-11-09,Equifax,773,0,
15893,1381,15893,2023-10-03,TransUnion,728,1,
15894,346,15894,2022-09-20,Experian,722,4,
15895,10184,15895,2022-11-02,Equifax,688,3,
15896,10447,15896,2021-12-09,Equifax,787,3,33
15897,14518,15897,2021-07-13,TransUnion,723,1,
15898,2424,15898,2022-06-09,TransUnion,589,3,
15899,6695,15899,2023-04-03,Equifax,715,3,
15900,11160,15900,2022-07-28,Experian,610,3,
15901,10890,15901,2022-10-06,Experian,807,0,20
15902,9638,15902,2020-08-10,Experian,737,0,69
15903,880,15903,2022-08-10,Equifax,829,2,
15904,11945,15904,2023-09-14,Experian,664,3,39
15905,7806,15905,2023-01-23,Equifax,619,2,
15906,13461,15906,2022-10-30,TransUnion,680,3,59
15907,5601,15907,2021-10-13,Experian,728,1,46
15908,5890,15908,2021-06-15,Experian,665,4,13
15909,10859,15909,2021-10-19,TransUnion,638,5,
15910,4389,15910,2023-04-14,TransUnion,742,3,
15911,10498,15911,2024-01-12,Equifax,664,1,
15912,6383,15912,2020-04-25,Experian,730,1,
15913,7404,15913,2022-05-26,Equifax,654,3,
15914,6843,15914,2024-02-20,Experian,676,5,19
15915,14782,15915,2021-10-27,Equifax,749,0,
15916,9619,15916,2022-09-01,Experian,778,2,23
15917,3659,15917,2022-07-23,TransUnion,661,2,4
15918,5736,15918,2024-01-03,Equifax,735,1,47
15919,5423,15919,2021-08-23,TransUnion,715,1,
15920,4949,15920,2022-01-26,Experian,659,3,
15921,958,15921,2024-04-05,Equifax,675,1,15
15922,4929,15922,2021-07-17,Experian,708,3,
15923,14675,15923,2023-04-06,TransUnion,655,0,38
15924,5408,15924,2023-06-14,Equifax,804,1,12
15925,10446,15925,2022-10-20,TransUnion,612,3,70
15926,9093,15926,2023-08-17,Equifax,649,1,
15927,7852,15927,2020-06-10,Experian,651,5,29
15928,3523,15928,2020-05-25,Experian,633,2,44
15929,4606,15929,2021-07-07,Equifax,803,1,
15930,9207,15930,2022-08-03,TransUnion,708,1,
15931,4265,15931,2023-04-10,Equifax,667,0,
15932,868,15932,2023-01-16,TransUnion,756,2,
15933,14309,15933,2020-11-17,Experian,724,2,3
15934,11656,15934,2020-02-24,Experian,730,2,5
15935,3067,15935,2023-06-28,Equifax,705,1,48
15936,491,15936,2022-07-18,Experian,700,1,
15937,7588,15937,2023-04-10,Experian,680,0,
15938,2147,15938,2021-05-19,Experian,739,0,
15939,3233,15939,2022-01-08,Experian,748,4,
15940,323,15940,2022-10-25,Experian,635,0,56
15941,13560,15941,2024-04-14,TransUnion,597,3,
15942,9745,15942,2023-03-18,Experian,651,0,
15943,3565,15943,2023-08-29,Equifax,615,2,46
15944,2388,15944,2021-03-14,Experian,721,5,
15945,6398,15945,2021-01-28,TransUnion,688,0,3
15946,8160,15946,2022-05-19,TransUnion,693,5,
15947,438,15947,2022-06-22,Experian,645,1,
15948,13512,15948,2021-10-29,TransUnion,618,5,63
15949,6802,15949,2021-12-06,TransUnion,586,2,
15950,14651,15950,2022-11-19,Experian,743,1,
15951,12001,15951,2022-06-20,TransUnion,776,4,
15952,7336,15952,2023-01-18,Equifax,806,5,
15953,12748,15953,2021-01-05,Equifax,721,4,
15954,5543,15954,2022-10-14,Equifax,581,4,55
15955,3101,15955,2023-11-30,Experian,741,1,65
15956,13818,15956,2022-01-04,TransUnion,777,2,
15957,11615,15957,2021-08-11,Experian,810,2,
15958,6940,15958,2023-06-23,TransUnion,703,1,
15959,14821,15959,2020-06-10,Equifax,701,0,
15960,13695,15960,2024-05-05,TransUnion,739,4,48
15961,3495,15961,2022-01-14,Experian,720,1,49
15962,13065,15962,2023-06-03,Experian,700,2,
15963,3030,15963,2023-02-14,Equifax,606,2,53
15964,5746,15964,2022-05-30,Experian,753,3,38
15965,14396,15965,2023-02-28,Experian,644,2,36
15966,11286,15966,2022-09-22,TransUnion,654,2,
15967,9835,15967,2023-06-30,Equifax,584,5,
15968,9726,15968,2022-11-15,Equifax,736,1,26
15969,4582,15969,2021-03-12,Experian,735,3,
15970,11660,15970,2023-05-31,Experian,714,4,
15971,6322,15971,2020-04-25,Equifax,656,2,
15972,11381,15972,2021-05-21,Equifax,643,4,22
15973,5939,15973,2020-03-07,Experian,846,1,
15974,6536,15974,2021-05-23,Experian,789,2,
15975,10942,15975,2021-09-27,TransUnion,652,3,
15976,14673,15976,2023-02-11,Experian,721,0,
15977,9679,15977,2021-04-23,Experian,677,5,36
15978,4683,15978,2023-03-23,TransUnion,674,2,
15979,2862,15979,2022-04-06,TransUnion,721,3,18
15980,2399,15980,2020-04-06,TransUnion,713,5,
15981,3143,15981,2023-11-28,TransUnion,703,5,18
15982,8491,15982,2020-10-30,Equifax,677,0,48
15983,4113,15983,2022-02-01,TransUnion,739,5,
15984,14554,15984,2021-12-09,Experian,667,5,56
15985,9556,15985,2021-11-02,Experian,744,5,
15986,7475,15986,2020-09-27,TransUnion,718,1,
15987,9576,15987,2020-08-04,Equifax,583,1,
15988,4785,15988,2023-10-08,Equifax,612,3,32
15989,11642,15989,2022-12-08,Equifax,655,3,24
15990,14766,15990,2023-11-02,TransUnion,677,3,
15991,10574,15991,2023-05-18,TransUnion,698,3,
15992,8589,15992,2022-06-24,TransUnion,719,2,59
15993,372,15993,2023-09-20,TransUnion,669,4,
15994,8021,15994,2023-04-19,Experian,619,1,28
15995,1925,15995,2020-05-14,TransUnion,695,5,
15996,1452,15996,2021-10-28,Equifax,605,0,
15997,13539,15997,2021-12-02,Equifax,831,4,
15998,14149,15998,2021-03-07,TransUnion,695,1,70
15999,11795,15999,2022-03-02,Equifax,659,5,6
16000,3396,16000,2021-06-18,Equifax,755,3,
16001,10886,16001,2024-04-30,Experian,616,4,
16002,14160,16002,2020-06-11,TransUnion,834,1,
16003,7140,16003,2020-07-27,Equifax,671,5,
16004,5484,16004,2021-01-09,TransUnion,766,0,
16005,6580,16005,2021-12-08,TransUnion,715,1,
16006,105,16006,2022-01-21,Equifax,783,5,
16007,5267,16007,2022-01-29,TransUnion,741,0,27
16008,10376,16008,2020-07-25,Equifax,690,5,
16009,9202,16009,2020-04-04,TransUnion,848,3,
16010,439,16010,2022-09-17,Equifax,717,2,
16011,3854,16011,2023-10-30,Experian,799,4,64
16012,9773,16012,2020-09-06,Experian,671,3,
16013,10151,16013,2023-02-11,Equifax,727,2,
16014,943,16014,2022-05-01,Equifax,746,4,
16015,5122,16015,2021-05-25,TransUnion,720,3,
16016,569,16016,2023-04-16,TransUnion,613,1,58
16017,7635,16017,2023-02-03,Equifax,657,2,56
16018,5666,16018,2022-12-26,TransUnion,848,2,40
16019,11430,16019,2021-11-24,TransUnion,750,1,
16020,14462,16020,2023-11-06,Experian,668,2,
16021,11110,16021,2022-11-08,TransUnion,655,5,34
16022,5281,16022,2022-03-22,Equifax,790,4,27
16023,14015,16023,2020-04-22,Equifax,702,4,
16024,13569,16024,2022-03-02,TransUnion,627,0,
16025,3449,16025,2021-01-17,Equifax,620,2,25
16026,3682,16026,2022-07-12,Experian,736,5,
16027,9477,16027,2020-05-16,Experian,688,1,
16028,5911,16028,2024-01-31,Equifax,652,1,10
16029,714,16029,2022-08-15,TransUnion,657,4,
16030,10793,16030,2022-01-01,TransUnion,744,3,
16031,3458,16031,2021-05-07,Experian,696,4,
16032,13249,16032,2020-05-09,Experian,684,1,
16033,4294,16033,2021-02-09,Experian,797,1,
16034,9048,16034,2022-12-07,Equifax,743,5,
16035,3269,16035,2021-03-08,TransUnion,711,4,
16036,11361,16036,2023-12-10,Equifax,700,0,
16037,904,16037,2020-06-20,TransUnion,731,4,32
16038,14753,16038,2023-08-30,Equifax,605,4,
16039,10889,16039,2020-07-14,TransUnion,738,0,
16040,12857,16040,2023-09-25,Experian,834,3,70
16041,10586,16041,2023-08-27,Experian,747,2,
16042,7509,16042,2021-10-22,Experian,646,1,41
16043,10847,16043,2022-08-06,TransUnion,739,2,
16044,5706,16044,2023-12-01,Equifax,731,3,27
16045,8972,16045,2020-08-03,Experian,846,0,
16046,12571,16046,2020-01-28,Equifax,662,0,
16047,14547,16047,2020-03-01,TransUnion,648,4,
16048,8828,16048,2022-06-01,Experian,593,2,
16049,12692,16049,2023-05-15,TransUnion,687,3,
16050,9124,16050,2020-05-09,Experian,591,1,
16051,13772,16051,2021-01-30,TransUnion,739,2,52
16052,6586,16052,2023-09-17,Experian,774,4,17
16053,13715,16053,2021-11-26,Experian,791,5,3
16054,7156,16054,2021-11-05,Equifax,722,1,
16055,7473,16055,2022-10-10,Experian,689,4,
16056,13657,16056,2024-05-04,TransUnion,734,5,22
16057,11874,16057,2021-06-01,Equifax,780,2,
16058,7355,16058,2022-09-05,TransUnion,799,2,55
16059,7104,16059,2023-10-17,Equifax,726,0,
16060,6140,16060,2020-07-29,Equifax,735,3,22
16061,1132,16061,2023-01-20,Equifax,639,1,
16062,1449,16062,2024-02-10,TransUnion,663,4,
16063,7939,16063,2021-02-06,Equifax,665,0,
16064,7181,16064,2021-03-06,Experian,734,5,
16065,14828,16065,2020-11-27,Experian,599,2,
16066,14437,16066,2020-02-20,Equifax,664,2,
16067,8603,16067,2020-03-08,TransUnion,682,2,
16068,11893,16068,2020-12-28,Equifax,718,4,
16069,10432,16069,2020-11-13,Experian,701,3,
16070,460,16070,2021-10-21,TransUnion,646,4,
16071,8162,16071,2024-02-18,TransUnion,706,0,
16072,1803,16072,2020-10-28,Equifax,715,5,
16073,13121,16073,2023-03-22,TransUnion,805,5,42
16074,801,16074,2024-03-05,Experian,677,3,6
16075,3575,16075,2022-04-18,Equifax,603,5,9
16076,7816,16076,2020-11-10,TransUnion,664,4,
16077,14357,16077,2023-05-26,TransUnion,744,3,50
16078,10496,16078,2023-01-19,Equifax,652,0,
16079,9759,16079,2020-12-11,Equifax,847,1,
16080,9880,16080,2023-06-24,Experian,784,5,
16081,2494,16081,2021-05-18,Equifax,749,0,3
16082,14775,16082,2021-07-10,TransUnion,600,1,
16083,5150,16083,2023-02-26,Experian,730,3,21
16084,2220,16084,2024-01-05,Experian,843,4,
16085,13205,16085,2020-02-27,Equifax,737,2,
16086,3139,16086,2021-01-28,Experian,631,3,63
16087,12048,16087,2022-10-19,Equifax,724,2,48
16088,3066,16088,2024-04-21,Experian,748,1,
16089,888,16089,2021-10-06,TransUnion,726,3,
16090,1316,16090,2022-12-08,Equifax,762,3,
16091,12502,16091,2022-03-12,Equifax,731,0,
16092,5191,16092,2020-10-26,Experian,702,5,4
16093,12595,16093,2021-04-25,TransUnion,624,3,57
16094,9076,16094,2022-10-06,Experian,709,4,
16095,12003,16095,2022-03-12,TransUnion,788,2,
16096,9746,16096,2022-12-03,Experian,708,2,
16097,6186,16097,2022-08-11,TransUnion,696,4,
16098,8326,16098,2022-07-25,Experian,823,4,20
16099,6369,16099,2023-03-19,Equifax,641,1,25
16100,9046,16100,2020-08-25,TransUnion,671,5,13
16101,9005,16101,2020-03-07,Experian,718,3,44
16102,8204,16102,2021-11-18,TransUnion,713,0,71
16103,5709,16103,2020-09-20,Experian,695,0,
16104,14779,16104,2024-04-06,TransUnion,699,2,
16105,10266,16105,2020-10-28,Experian,671,5,25
16106,1677,16106,2020-09-23,Experian,731,0,
16107,14637,16107,2022-12-07,Equifax,692,3,24
16108,10487,16108,2023-06-18,TransUnion,848,0,
16109,1854,16109,2023-10-16,TransUnion,681,2,24
16110,13668,16110,2020-05-14,Equifax,749,0,3
16111,6911,16111,2020-04-01,Experian,677,0,7
16112,8068,16112,2021-05-30,Experian,581,4,
16113,10489,16113,2024-01-16,Experian,602,1,
16114,14230,16114,2021-03-11,Equifax,596,4,
16115,906,16115,2022-01-03,Equifax,695,0,
16116,6246,16116,2023-01-10,Equifax,734,5,63
16117,6840,16117,2022-03-17,Experian,836,5,69
16118,4870,16118,2023-09-10,TransUnion,793,2,
16119,14977,16119,2023-12-06,TransUnion,742,2,
16120,13556,16120,2024-04-02,Equifax,660,1,
16121,2435,16121,2020-03-26,Experian,803,0,22
16122,6512,16122,2021-06-26,TransUnion,595,3,
16123,11182,16123,2021-04-08,Experian,698,2,69
16124,11460,16124,2020-03-14,Experian,768,3,17
16125,6320,16125,2023-09-12,Equifax,598,3,
16126,92,16126,2022-06-27,TransUnion,835,4,
16127,8311,16127,2020-12-17,Equifax,671,4,
16128,935,16128,2021-08-14,TransUnion,782,4,
16129,153,16129,2023-12-20,TransUnion,780,3,
16130,13918,16130,2023-08-30,Equifax,720,1,
16131,9774,16131,2020-09-20,Equifax,814,2,
16132,12008,16132,2020-06-07,Experian,722,4,
16133,5425,16133,2022-10-24,Equifax,637,2,
16134,14791,16134,2023-11-12,TransUnion,742,1,
16135,3493,16135,2022-12-18,Equifax,749,3,
16136,5707,16136,2022-10-13,TransUnion,655,5,15
16137,10116,16137,2021-01-15,TransUnion,744,3,51
16138,11764,16138,2022-08-12,TransUnion,585,5,4
16139,10682,16139,2023-07-11,Equifax,719,4,
16140,13109,16140,2023-12-15,Equifax,791,5,
16141,14221,16141,2021-08-09,Equifax,728,1,40
16142,12932,16142,2024-01-09,TransUnion,812,4,33
16143,2047,16143,2021-04-18,Experian,827,0,53
16144,7488,16144,2022-05-25,Experian,656,2,
16145,5991,16145,2020-06-24,Experian,735,2,
16146,4653,16146,2023-11-21,Equifax,745,4,
16147,2471,16147,2021-04-21,Experian,683,0,
16148,10188,16148,2023-04-20,Experian,711,2,
16149,10279,16149,2021-09-26,Experian,602,4,
16150,6897,16150,2023-07-08,Equifax,737,0,
16151,11429,16151,2023-05-12,TransUnion,837,5,
16152,9744,16152,2023-05-26,Experian,609,0,
16153,2633,16153,2023-05-12,Equifax,749,0,25
16154,5823,16154,2023-07-07,Equifax,653,3,
16155,3318,16155,2022-08-04,Experian,850,5,57
16156,3366,16156,2024-03-20,Experian,746,3,49
16157,11020,16157,2020-01-22,TransUnion,744,1,
16158,9870,16158,2020-11-26,TransUnion,755,3,
16159,1347,16159,2022-09-27,Experian,639,0,64
16160,4572,16160,2022-09-08,Experian,786,1,52
16161,11991,16161,2023-04-28,Equifax,620,2,
16162,1298,16162,2024-03-09,TransUnion,611,2,20
16163,4867,16163,2020-09-04,TransUnion,581,1,
16164,11979,16164,2023-08-26,TransUnion,681,5,
16165,6659,16165,2022-03-05,Equifax,847,5,
16166,10922,16166,2021-05-27,TransUnion,728,2,49
16167,14960,16167,2024-01-21,Equifax,720,2,
16168,13597,16168,2021-10-15,Equifax,709,0,11
16169,7486,16169,2022-11-18,Experian,720,3,8
16170,10659,16170,2022-11-04,Experian,677,1,48
16171,3858,16171,2022-11-06,TransUnion,702,2,
16172,2398,16172,2023-06-15,Experian,690,2,
16173,430,16173,2022-07-27,Equifax,726,2,55
16174,10136,16174,2021-08-05,TransUnion,604,3,
16175,3141,16175,2021-04-10,TransUnion,727,2,
16176,9462,16176,2020-12-12,Experian,665,3,30
16177,11446,16177,2021-10-22,Experian,596,5,
16178,11668,16178,2022-04-07,Equifax,777,1,
16179,8603,16179,2023-06-07,TransUnion,682,4,
16180,8235,16180,2021-09-07,Equifax,671,4,59
16181,3826,16181,2023-07-30,Equifax,739,0,
16182,8937,16182,2020-02-25,Equifax,580,1,60
16183,11748,16183,2021-11-02,TransUnion,615,5,26
16184,9354,16184,2020-07-30,Experian,757,0,
16185,11556,16185,2023-09-30,Equifax,742,4,
16186,14284,16186,2022-12-05,Experian,621,4,
16187,1769,16187,2022-05-26,Equifax,710,5,53
16188,13957,16188,2021-08-01,Experian,692,2,56
16189,6590,16189,2021-03-26,TransUnion,751,1,
16190,11630,16190,2023-01-19,Experian,794,1,
16191,1354,16191,2020-04-30,Equifax,656,3,16
16192,9566,16192,2023-12-07,Experian,699,4,
16193,16,16193,2020-12-24,Experian,754,1,
16194,12055,16194,2023-12-05,Experian,720,2,54
16195,1808,16195,2023-03-03,TransUnion,584,0,
16196,3767,16196,2022-03-26,Equifax,738,0,37
16197,671,16197,2020-05-25,Experian,812,1,
16198,6360,16198,2022-09-22,Experian,822,1,
16199,8748,16199,2023-11-23,TransUnion,676,0,61
16200,779,16200,2020-06-02,TransUnion,679,0,
16201,12097,16201,2024-04-24,TransUnion,761,2,
16202,7061,16202,2021-01-19,TransUnion,678,1,25
16203,4471,16203,2020-08-21,Equifax,786,5,53
16204,1593,16204,2020-07-12,Experian,583,4,41
16205,2914,16205,2021-05-23,TransUnion,692,1,14
16206,5136,16206,2023-01-12,Equifax,843,1,
16207,10737,16207,2023-01-20,TransUnion,706,2,56
16208,2939,16208,2023-05-20,Equifax,706,1,22
16209,10226,16209,2022-10-26,Equifax,718,2,43
16210,11930,16210,2022-09-17,Experian,603,2,
16211,4692,16211,2024-03-17,Experian,585,3,
16212,13145,16212,2023-04-18,Experian,830,0,20
16213,6954,16213,2023-01-28,Experian,724,5,65
16214,7920,16214,2020-07-11,Equifax,602,3,60
16215,11969,16215,2023-12-18,Experian,702,1,
16216,8319,16216,2023-01-30,Experian,699,5,49
16217,6355,16217,2021-02-28,Equifax,816,0,
16218,5137,16218,2020-04-26,TransUnion,715,1,22
16219,9122,16219,2022-08-24,Experian,645,1,17
16220,7005,16220,2021-01-14,TransUnion,716,1,
16221,2160,16221,2023-03-18,Experian,831,4,
16222,13427,16222,2024-05-20,TransUnion,747,2,32
16223,8188,16223,2020-01-30,Experian,762,0,53
16224,487,16224,2023-07-18,Experian,713,5,
16225,4121,16225,2022-10-28,Experian,640,1,40
16226,5683,16226,2024-05-03,Equifax,720,3,
16227,7224,16227,2023-03-11,TransUnion,740,1,43
16228,3069,16228,2022-10-08,Equifax,728,3,39
16229,11011,16229,2022-04-04,Experian,832,1,
16230,10101,16230,2020-06-02,Experian,734,3,25
16231,11521,16231,2024-05-08,Equifax,710,5,57
16232,6774,16232,2021-06-15,TransUnion,629,1,12
16233,8693,16233,2021-01-15,Equifax,618,1,
16234,5377,16234,2023-04-27,TransUnion,838,1,47
16235,341,16235,2023-01-20,TransUnion,676,3,
16236,12213,16236,2020-09-28,TransUnion,608,4,
16237,2702,16237,2021-10-06,TransUnion,778,4,
16238,2717,16238,2024-04-12,TransUnion,733,1,41
16239,14173,16239,2024-03-14,TransUnion,640,5,
16240,4800,16240,2021-10-31,TransUnion,664,1,34
16241,5407,16241,2022-01-06,Experian,610,2,
16242,3602,16242,2020-07-06,TransUnion,714,0,
16243,10931,16243,2023-04-18,Equifax,656,3,69
16244,2916,16244,2021-12-10,TransUnion,644,3,
16245,7559,16245,2023-09-19,Equifax,668,2,44
16246,13549,16246,2023-03-28,Equifax,736,2,
16247,8390,16247,2021-02-24,Equifax,712,2,66
16248,1585,16248,2023-05-30,Experian,767,0,
16249,11611,16249,2022-06-19,Equifax,731,3,50
16250,9490,16250,2021-09-29,TransUnion,683,4,64
16251,8704,16251,2021-09-07,Equifax,697,2,58
16252,14639,16252,2022-05-14,TransUnion,769,3,
16253,10210,16253,2022-08-02,Experian,704,2,65
16254,1682,16254,2022-02-26,TransUnion,692,0,47
16255,2329,16255,2020-01-09,Experian,778,4,
16256,5710,16256,2022-01-27,Experian,628,4,
16257,14341,16257,2021-08-09,Equifax,781,5,17
16258,7866,16258,2020-02-09,Equifax,719,4,
16259,7682,16259,2022-01-20,Equifax,584,3,26
16260,9496,16260,2020-10-09,Equifax,723,3,
16261,9857,16261,2022-06-17,TransUnion,840,0,
16262,9242,16262,2020-07-10,Experian,706,4,
16263,2702,16263,2024-05-06,TransUnion,778,3,
16264,9004,16264,2023-02-07,Experian,718,3,
16265,1110,16265,2022-10-01,Equifax,590,2,18
16266,10053,16266,2022-12-19,Equifax,658,4,
16267,3580,16267,2021-04-29,Equifax,706,3,
16268,7241,16268,2024-03-06,Experian,654,3,
16269,13061,16269,2023-03-04,TransUnion,844,1,
16270,13339,16270,2022-06-06,Equifax,587,5,
16271,1754,16271,2023-06-09,Equifax,703,0,53
16272,7535,16272,2024-03-24,Equifax,707,4,28
16273,508,16273,2022-11-20,Equifax,715,5,70
16274,2497,16274,2022-11-20,TransUnion,675,3,24
16275,10959,16275,2024-03-18,Experian,718,5,
16276,9730,16276,2023-04-15,Experian,590,4,
16277,11179,16277,2023-06-20,TransUnion,658,1,
16278,627,16278,2023-06-18,TransUnion,790,1,
16279,9090,16279,2021-01-27,Equifax,707,3,
16280,14173,16280,2020-03-02,Experian,640,2,37
16281,8922,16281,2023-11-05,Experian,591,3,8
16282,13540,16282,2024-03-31,Experian,675,4,
16283,3483,16283,2022-07-28,Equifax,657,3,13
16284,5463,16284,2020-05-26,Equifax,649,2,45
16285,2326,16285,2021-12-07,Experian,833,2,
16286,6310,16286,2021-12-31,Equifax,695,2,
16287,480,16287,2024-04-10,TransUnion,664,2,
16288,12980,16288,2023-02-02,Experian,679,5,16
16289,9441,16289,2023-07-11,TransUnion,750,5,
16290,8596,16290,2020-07-15,Equifax,604,2,
16291,10199,16291,2020-05-19,TransUnion,821,1,43
16292,4621,16292,2020-11-02,Experian,605,0,
16293,2845,16293,2021-07-26,Equifax,706,4,
16294,2674,16294,2020-09-17,TransUnion,839,0,
16295,11031,16295,2022-10-27,Experian,762,3,8
16296,14831,16296,2020-03-22,Experian,671,5,
16297,5757,16297,2020-06-16,TransUnion,695,4,
16298,213,16298,2022-06-29,Experian,825,2,
16299,2185,16299,2020-09-12,Equifax,716,5,
16300,1228,16300,2020-06-12,Equifax,769,3,18
16301,12887,16301,2023-02-17,Experian,700,2,54
16302,856,16302,2020-12-21,Experian,602,2,44
16303,10579,16303,2022-11-11,TransUnion,715,5,30
16304,9445,16304,2023-04-09,Equifax,680,5,9
16305,1286,16305,2023-09-23,Experian,748,4,
16306,8093,16306,2022-05-25,Experian,652,4,28
16307,10493,16307,2021-07-09,Equifax,834,5,3
16308,935,16308,2021-11-23,TransUnion,782,4,
16309,14022,16309,2020-06-21,TransUnion,633,1,
16310,7963,16310,2024-01-22,Experian,849,5,39
16311,1124,16311,2022-08-22,Experian,676,0,
16312,2289,16312,2021-06-08,TransUnion,730,5,
16313,2774,16313,2022-08-27,TransUnion,748,0,51
16314,7812,16314,2024-04-27,Experian,595,1,
16315,2813,16315,2021-11-21,TransUnion,787,1,
16316,6648,16316,2022-12-17,Equifax,693,3,59
16317,13376,16317,2023-03-22,Equifax,711,0,43
16318,75,16318,2021-09-26,Experian,755,3,
16319,13988,16319,2023-02-08,Experian,689,2,
16320,3836,16320,2024-04-01,TransUnion,744,5,22
16321,8417,16321,2020-02-08,Experian,705,3,
16322,3531,16322,2023-01-09,Equifax,720,4,
16323,14502,16323,2023-01-12,Equifax,787,3,
16324,6186,16324,2021-01-01,Equifax,696,0,
16325,6045,16325,2021-08-02,Equifax,806,4,
16326,8741,16326,2023-07-19,Equifax,587,1,4
16327,11725,16327,2022-09-14,Experian,817,0,
16328,7023,16328,2023-05-23,Experian,719,3,
16329,5043,16329,2023-08-16,TransUnion,595,4,
16330,9282,16330,2020-03-15,TransUnion,690,1,3
16331,5788,16331,2022-07-30,Equifax,720,3,
16332,1795,16332,2021-01-19,Equifax,587,0,54
16333,8209,16333,2022-01-04,Equifax,634,2,
16334,13144,16334,2023-02-11,Equifax,669,5,35
16335,229,16335,2023-11-07,TransUnion,722,4,
16336,11686,16336,2021-05-24,TransUnion,699,4,68
16337,1715,16337,2021-11-27,Equifax,676,4,
16338,13158,16338,2021-05-06,Equifax,703,1,52
16339,463,16339,2022-07-13,TransUnion,672,0,
16340,14350,16340,2021-04-12,TransUnion,732,0,11
16341,10954,16341,2023-01-13,TransUnion,723,1,24
16342,76,16342,2021-12-06,Equifax,651,2,
16343,3129,16343,2020-10-13,Experian,714,3,8
16344,10933,16344,2021-06-15,Equifax,689,5,
16345,3785,16345,2023-08-12,Equifax,683,1,20
16346,4155,16346,2022-09-12,Experian,598,5,14
16347,10321,16347,2023-08-16,Experian,785,0,
16348,2206,16348,2023-11-30,Experian,691,4,
16349,10409,16349,2022-01-26,Experian,677,2,
16350,5705,16350,2021-02-09,Equifax,737,2,66
16351,11019,16351,2022-08-13,Experian,611,0,
16352,2385,16352,2021-02-09,Experian,728,3,8
16353,5321,16353,2022-08-29,TransUnion,748,1,
16354,1055,16354,2021-09-17,TransUnion,688,4,
16355,8399,16355,2021-09-08,Equifax,682,1,
16356,3052,16356,2022-06-24,Experian,669,4,36
16357,6462,16357,2023-06-29,Experian,752,4,
16358,14137,16358,2021-03-28,TransUnion,815,1,25
16359,8494,16359,2023-08-17,TransUnion,786,1,
16360,2452,16360,2023-10-17,TransUnion,735,2,
16361,11744,16361,2022-01-29,Experian,716,3,70
16362,481,16362,2024-05-30,Equifax,825,4,
16363,12375,16363,2021-04-19,Experian,730,1,61
16364,12433,16364,2023-10-29,Equifax,648,3,
16365,5242,16365,2022-08-20,TransUnion,760,1,22
16366,8534,16366,2020-08-04,TransUnion,702,5,24
16367,7017,16367,2022-09-12,Equifax,667,5,
16368,4743,16368,2022-12-11,Equifax,593,0,51
16369,781,16369,2024-04-01,Experian,780,3,17
16370,11601,16370,2020-11-23,Experian,726,3,65
16371,12200,16371,2021-10-07,Equifax,683,4,16
16372,7494,16372,2022-12-29,Experian,675,3,
16373,7363,16373,2023-05-12,TransUnion,670,3,29
16374,4945,16374,2020-07-13,Experian,597,2,
16375,11410,16375,2020-03-11,Equifax,711,2,
16376,12662,16376,2020-12-27,Experian,740,0,68
16377,9139,16377,2021-07-28,TransUnion,729,3,10
16378,9898,16378,2020-07-10,TransUnion,787,2,
16379,9732,16379,2020-07-22,Equifax,747,4,
16380,10901,16380,2023-07-13,Experian,850,0,
16381,14782,16381,2020-03-31,Equifax,749,5,
16382,9673,16382,2021-12-25,Experian,704,5,52
16383,10460,16383,2022-11-03,TransUnion,680,3,16
16384,1781,16384,2021-02-25,TransUnion,694,1,12
16385,14203,16385,2020-01-01,Equifax,643,3,50
16386,6449,16386,2024-03-22,Experian,737,2,16
16387,4713,16387,2021-12-12,Equifax,609,1,
16388,10991,16388,2020-02-17,Experian,739,0,
16389,11156,16389,2023-10-18,Equifax,675,4,61
16390,14233,16390,2022-04-25,Equifax,740,4,
16391,698,16391,2020-04-28,Equifax,668,4,
16392,9868,16392,2022-08-25,TransUnion,689,0,
16393,9737,16393,2024-01-30,Experian,747,5,
16394,10345,16394,2021-01-15,TransUnion,748,3,
16395,342,16395,2022-10-07,TransUnion,850,0,
16396,1496,16396,2024-03-29,TransUnion,609,3,47
16397,12370,16397,2021-04-22,Equifax,643,0,21
16398,10123,16398,2022-07-29,TransUnion,681,5,
16399,5311,16399,2021-05-25,TransUnion,759,3,
16400,584,16400,2022-04-14,Equifax,773,5,11
16401,11914,16401,2022-05-21,Equifax,605,1,11
16402,2258,16402,2024-04-01,Experian,761,3,
16403,1103,16403,2020-12-27,Equifax,672,4,
16404,8036,16404,2021-11-08,Equifax,727,4,28
16405,4866,16405,2024-01-08,Equifax,696,0,65
16406,9315,16406,2020-01-28,Equifax,622,0,35
16407,821,16407,2020-12-24,TransUnion,714,2,
16408,13044,16408,2023-07-03,Experian,735,0,
16409,6567,16409,2020-11-20,Experian,724,3,54
16410,11358,16410,2022-06-07,Experian,637,2,42
16411,234,16411,2022-08-11,TransUnion,611,0,
16412,6845,16412,2023-08-13,Equifax,618,0,24
16413,10555,16413,2023-07-22,Experian,679,1,38
16414,1212,16414,2023-04-15,TransUnion,705,0,
16415,7883,16415,2022-04-13,Equifax,667,2,
16416,169,16416,2020-06-06,TransUnion,781,2,
16417,14145,16417,2023-10-18,Equifax,774,4,
16418,936,16418,2021-04-19,Equifax,651,2,4
16419,572,16419,2023-09-09,Equifax,728,2,32
16420,9448,16420,2021-05-04,Equifax,640,0,25
16421,2586,16421,2021-06-06,Equifax,782,3,
16422,4585,16422,2021-08-22,TransUnion,662,2,
16423,9979,16423,2023-08-07,Equifax,618,3,
16424,8258,16424,2021-02-05,TransUnion,754,1,
16425,2588,16425,2023-01-15,TransUnion,741,5,58
16426,4797,16426,2020-02-20,Experian,683,0,59
16427,13067,16427,2023-03-24,TransUnion,784,1,32
16428,2058,16428,2022-10-20,TransUnion,780,3,
16429,8247,16429,2022-12-30,Equifax,653,0,
16430,4942,16430,2023-03-16,Experian,734,1,40
16431,6655,16431,2020-08-17,TransUnion,703,1,18
16432,5001,16432,2022-01-23,TransUnion,792,0,23
16433,6937,16433,2021-02-08,Experian,730,3,
16434,10505,16434,2020-05-14,Experian,707,3,26
16435,10310,16435,2021-11-21,Equifax,688,4,
16436,8886,16436,2021-07-22,TransUnion,804,2,43
16437,11655,16437,2021-11-22,Experian,587,1,
16438,4687,16438,2022-03-30,Experian,694,1,27
16439,2699,16439,2021-06-13,Equifax,738,4,50
16440,8271,16440,2021-03-06,Equifax,841,1,
16441,395,16441,2022-01-19,Equifax,685,0,
16442,6564,16442,2021-01-22,Experian,694,1,
16443,3840,16443,2023-09-11,Equifax,715,3,
16444,9129,16444,2023-05-29,TransUnion,597,1,
16445,3356,16445,2020-02-06,Equifax,707,0,35
16446,10119,16446,2023-09-13,Experian,657,1,
16447,14579,16447,2020-12-28,Experian,835,5,41
16448,5369,16448,2020-10-23,TransUnion,682,2,
16449,6808,16449,2023-01-24,Equifax,665,4,
16450,13783,16450,2020-08-22,TransUnion,707,0,
16451,7135,16451,2023-09-16,Equifax,766,2,31
16452,504,16452,2022-01-26,TransUnion,597,1,
16453,11838,16453,2023-12-24,Equifax,599,2,
16454,6568,16454,2020-01-30,Equifax,666,1,27
16455,11434,16455,2020-01-27,Equifax,674,5,62
16456,11995,16456,2021-02-17,Equifax,588,5,
16457,901,16457,2022-07-08,Equifax,732,2,
16458,3661,16458,2023-10-23,Equifax,603,4,23
16459,14338,16459,2023-07-31,Equifax,748,2,24
16460,9615,16460,2022-11-25,Equifax,686,5,14
16461,14211,16461,2021-09-05,Experian,819,5,
16462,3097,16462,2022-06-16,Equifax,686,5,
16463,6546,16463,2020-11-02,Experian,735,0,69
16464,13975,16464,2024-03-29,Equifax,585,0,62
16465,13150,16465,2020-03-02,Equifax,783,2,35
16466,8837,16466,2022-12-03,Experian,702,3,
16467,13839,16467,2022-06-07,Experian,663,2,55
16468,14718,16468,2022-05-28,Experian,824,0,71
16469,10165,16469,2023-07-20,TransUnion,707,2,
16470,6197,16470,2022-02-20,Equifax,687,1,
16471,12570,16471,2023-03-15,TransUnion,630,5,
16472,13692,16472,2020-11-10,TransUnion,734,0,
16473,4427,16473,2022-11-07,TransUnion,730,2,17
16474,11542,16474,2021-11-05,Experian,722,0,
16475,11710,16475,2023-09-19,TransUnion,642,1,69
16476,11283,16476,2022-06-15,Experian,761,1,45
16477,237,16477,2023-12-29,TransUnion,804,4,
16478,6267,16478,2022-12-11,TransUnion,657,4,13
16479,6307,16479,2023-01-09,Equifax,796,2,27
16480,1941,16480,2024-03-09,TransUnion,704,5,55
16481,6839,16481,2022-05-11,Equifax,652,5,69
16482,12608,16482,2020-02-20,Experian,613,5,
16483,7187,16483,2021-05-30,Experian,596,0,
16484,1115,16484,2021-08-13,Equifax,612,4,8
16485,1242,16485,2023-08-09,TransUnion,642,1,25
16486,5931,16486,2024-01-09,TransUnion,743,2,
16487,11277,16487,2021-02-17,Equifax,613,5,
16488,10816,16488,2022-10-12,Equifax,600,5,
16489,4004,16489,2023-06-12,Experian,690,2,31
16490,3442,16490,2020-03-06,Equifax,831,5,67
16491,10215,16491,2020-05-05,Experian,663,0,63
16492,6282,16492,2024-01-10,TransUnion,722,0,15
16493,4888,16493,2022-11-22,TransUnion,677,1,
16494,12233,16494,2020-10-18,Experian,688,1,
16495,9494,16495,2020-07-14,Experian,706,4,38
16496,13790,16496,2020-06-11,Equifax,673,3,
16497,13170,16497,2021-08-25,TransUnion,806,0,
16498,7737,16498,2022-05-11,Equifax,733,3,
16499,6020,16499,2023-07-04,Experian,789,1,3
16500,11675,16500,2023-07-15,Equifax,711,1,35
16501,14634,16501,2022-11-26,TransUnion,803,3,
16502,9749,16502,2020-06-05,Experian,582,3,
16503,9306,16503,2022-01-31,Equifax,589,4,
16504,8408,16504,2022-10-19,TransUnion,834,4,54
16505,10555,16505,2023-01-06,Experian,679,5,59
16506,350,16506,2022-07-30,Equifax,649,2,
16507,866,16507,2020-07-16,Experian,725,3,
16508,5834,16508,2022-12-20,Experian,650,5,
16509,3527,16509,2024-02-04,Experian,748,3,
16510,11365,16510,2022-10-10,Experian,775,3,
16511,10923,16511,2020-05-14,Experian,752,5,
16512,5807,16512,2023-04-06,TransUnion,665,0,
16513,12083,16513,2023-05-04,Experian,692,4,
16514,109,16514,2020-09-13,TransUnion,652,1,
16515,573,16515,2023-06-10,Equifax,698,5,
16516,13777,16516,2020-05-12,Equifax,741,0,
16517,14033,16517,2023-03-27,Experian,680,2,27
16518,14779,16518,2020-04-24,Experian,699,1,
16519,9347,16519,2020-01-20,Equifax,777,4,
16520,14123,16520,2021-06-27,Equifax,712,2,
16521,1963,16521,2022-06-15,Equifax,738,4,54
16522,11521,16522,2024-03-12,Equifax,710,4,67
16523,13329,16523,2022-10-17,Equifax,652,5,10
16524,6170,16524,2022-01-30,Equifax,723,1,45
16525,11425,16525,2020-05-15,Equifax,697,3,
16526,4479,16526,2020-03-30,Equifax,804,1,
16527,8232,16527,2023-09-18,TransUnion,767,2,
16528,2273,16528,2023-12-14,Experian,748,4,
16529,10597,16529,2023-07-05,Equifax,755,2,
16530,3417,16530,2023-01-08,Equifax,743,0,
16531,11116,16531,2021-07-28,Equifax,762,5,
16532,9034,16532,2024-01-21,Experian,803,4,30
16533,5624,16533,2021-11-18,TransUnion,840,2,
16534,7221,16534,2021-10-08,Equifax,666,5,
16535,1188,16535,2021-11-18,Experian,698,2,50
16536,7721,16536,2021-10-20,TransUnion,772,4,
16537,9868,16537,2023-10-26,Experian,689,1,
16538,13065,16538,2021-04-12,TransUnion,700,2,
16539,10684,16539,2023-02-24,Experian,612,1,
16540,7489,16540,2024-01-07,Experian,706,1,71
16541,6563,16541,2021-08-24,Equifax,682,4,71
16542,4590,16542,2022-07-22,Equifax,661,3,
16543,9143,16543,2021-12-05,Experian,827,4,65
16544,6130,16544,2023-02-12,TransUnion,652,0,
16545,12365,16545,2020-03-13,Equifax,621,0,61
16546,12009,16546,2024-04-22,Experian,800,5,12
16547,4779,16547,2023-04-27,TransUnion,723,0,13
16548,1858,16548,2020-10-28,TransUnion,580,5,55
16549,3406,16549,2024-04-17,Experian,730,1,
16550,2274,16550,2021-12-06,TransUnion,625,5,
16551,6794,16551,2022-06-22,Equifax,689,5,
16552,8067,16552,2021-11-25,Equifax,704,5,
16553,11248,16553,2022-11-05,Experian,683,0,
16554,9813,16554,2023-11-27,Experian,715,1,55
16555,13584,16555,2020-06-19,Equifax,721,4,
16556,12705,16556,2020-06-24,TransUnion,707,3,
16557,10372,16557,2023-12-08,TransUnion,596,1,
16558,9516,16558,2021-07-06,Equifax,697,4,
16559,11825,16559,2023-09-22,Experian,673,2,
16560,4792,16560,2023-05-17,Experian,616,3,56
16561,7921,16561,2020-10-11,Experian,769,1,31
16562,13616,16562,2023-02-01,TransUnion,816,3,
16563,12423,16563,2022-04-25,Equifax,635,3,
16564,8748,16564,2021-03-01,Experian,676,5,66
16565,10233,16565,2021-02-12,TransUnion,704,3,
16566,9874,16566,2024-03-21,Equifax,641,3,
16567,14954,16567,2022-03-18,Equifax,696,0,
16568,6110,16568,2020-01-22,Experian,701,1,
16569,14384,16569,2024-02-14,TransUnion,651,2,
16570,12011,16570,2021-02-06,Equifax,624,1,
16571,11549,16571,2021-09-22,Experian,742,1,
16572,2995,16572,2024-02-24,Equifax,743,4,
16573,14521,16573,2022-09-23,Experian,709,4,19
16574,12783,16574,2021-10-11,Equifax,678,5,
16575,5620,16575,2022-01-27,Experian,701,5,
16576,7712,16576,2020-03-25,Experian,740,4,
16577,12490,16577,2021-01-05,Experian,687,1,
16578,12348,16578,2021-12-26,Experian,689,5,
16579,5031,16579,2021-11-28,Equifax,658,0,
16580,3419,16580,2023-04-11,Equifax,659,0,41
16581,12664,16581,2020-07-14,TransUnion,808,2,
16582,12258,16582,2020-04-30,Experian,686,0,21
16583,10620,16583,2020-10-04,TransUnion,757,2,
16584,13512,16584,2024-05-27,Equifax,618,0,48
16585,6442,16585,2022-10-10,Equifax,818,0,
16586,2976,16586,2024-05-22,Equifax,672,1,
16587,10782,16587,2020-12-09,Experian,711,0,
16588,3636,16588,2021-02-22,TransUnion,735,0,
16589,13346,16589,2020-07-03,Experian,665,1,68
16590,3404,16590,2024-05-13,TransUnion,713,2,33
16591,12084,16591,2023-02-07,Equifax,699,1,
16592,5597,16592,2020-01-12,TransUnion,686,3,6
16593,11429,16593,2024-04-12,TransUnion,837,5,
16594,2879,16594,2020-10-05,Equifax,721,5,55
16595,10119,16595,2021-03-04,Equifax,657,0,11
16596,703,16596,2020-08-13,TransUnion,694,5,68
16597,339,16597,2020-01-22,Experian,781,0,
16598,2516,16598,2024-04-07,Equifax,715,5,
16599,2888,16599,2022-05-25,Equifax,668,4,
16600,11503,16600,2021-04-11,Equifax,634,5,
16601,4745,16601,2021-02-01,Equifax,740,4,
16602,120,16602,2024-02-11,Experian,674,5,6
16603,2626,16603,2024-04-05,Experian,704,2,
16604,687,16604,2021-03-22,Experian,693,0,60
16605,9715,16605,2022-08-31,Experian,591,4,
16606,307,16606,2021-02-19,Equifax,743,2,
16607,7762,16607,2020-01-19,Experian,723,5,
16608,3809,16608,2020-06-18,TransUnion,655,5,66
16609,8450,16609,2021-04-04,Equifax,742,1,
16610,10933,16610,2020-05-16,Experian,689,0,
16611,10697,16611,2024-05-07,TransUnion,610,3,48
16612,9432,16612,2021-02-09,Experian,736,5,20
16613,4217,16613,2023-06-09,Equifax,774,5,
16614,14530,16614,2020-11-25,Equifax,687,3,42
16615,14382,16615,2021-02-22,TransUnion,663,5,33
16616,6059,16616,2022-06-24,Experian,646,5,
16617,2061,16617,2022-06-14,Equifax,800,5,
16618,2003,16618,2020-06-06,TransUnion,845,5,
16619,13388,16619,2020-07-09,Experian,695,4,
16620,5645,16620,2023-10-24,TransUnion,714,5,
16621,3937,16621,2021-11-05,Equifax,833,2,63
16622,11126,16622,2021-03-12,TransUnion,840,3,
16623,14776,16623,2020-03-27,TransUnion,736,0,
16624,4879,16624,2024-03-12,Experian,721,3,53
16625,7661,16625,2023-07-13,TransUnion,617,2,5
16626,1761,16626,2020-05-07,Experian,699,4,36
16627,10083,16627,2021-04-09,TransUnion,654,5,28
16628,5353,16628,2022-06-11,TransUnion,782,1,
16629,6174,16629,2022-12-13,TransUnion,745,2,17
16630,11077,16630,2023-11-25,TransUnion,700,3,13
16631,1420,16631,2021-01-20,Equifax,724,3,46
16632,7628,16632,2022-04-28,TransUnion,666,1,
16633,2777,16633,2024-02-10,Experian,764,0,
16634,13034,16634,2023-01-08,TransUnion,705,1,
16635,3548,16635,2020-06-17,Equifax,736,0,
16636,12955,16636,2023-03-04,Equifax,672,4,
16637,6015,16637,2023-06-15,Experian,692,5,
16638,3450,16638,2024-03-23,Equifax,718,2,71
16639,1228,16639,2021-01-27,Equifax,769,4,
16640,14760,16640,2024-04-01,Experian,769,3,67
16641,11276,16641,2023-09-14,TransUnion,717,0,
16642,7537,16642,2021-05-02,TransUnion,715,3,
16643,9778,16643,2021-04-08,Equifax,598,3,65
16644,107,16644,2023-05-09,TransUnion,584,5,
16645,2755,16645,2024-04-09,TransUnion,743,0,
16646,8346,16646,2021-02-17,TransUnion,723,0,
16647,8934,16647,2021-07-03,TransUnion,736,1,
16648,14854,16648,2020-11-23,Equifax,803,0,
16649,4911,16649,2023-10-15,Equifax,717,5,71
16650,14240,16650,2023-09-15,TransUnion,717,2,
16651,2782,16651,2022-03-02,TransUnion,785,2,
16652,10073,16652,2021-07-26,TransUnion,675,3,
16653,14781,16653,2022-09-04,TransUnion,794,5,
16654,11216,16654,2023-04-14,Experian,760,3,
16655,4686,16655,2023-11-13,Equifax,643,5,
16656,11140,16656,2022-02-09,Equifax,584,4,
16657,5198,16657,2022-01-27,TransUnion,626,2,
16658,5676,16658,2022-12-01,Experian,818,1,
16659,2919,16659,2023-04-26,Experian,723,2,
16660,10429,16660,2022-05-14,Experian,659,2,
16661,9815,16661,2021-01-23,Equifax,801,3,58
16662,5589,16662,2024-01-11,Equifax,821,4,49
16663,6049,16663,2020-04-28,Equifax,709,1,
16664,3463,16664,2021-02-21,Equifax,810,2,
16665,8591,16665,2021-08-22,TransUnion,718,2,
16666,4845,16666,2021-05-28,Equifax,744,4,
16667,7532,16667,2023-06-12,Experian,737,4,
16668,5078,16668,2020-03-27,Equifax,723,5,
16669,132,16669,2021-03-09,Experian,749,3,
16670,5340,16670,2023-07-19,Experian,667,1,
16671,7174,16671,2021-10-29,TransUnion,687,1,
16672,12793,16672,2021-11-06,Experian,827,3,
16673,14730,16673,2021-12-10,Experian,737,0,
16674,7725,16674,2020-06-03,TransUnion,792,5,
16675,11135,16675,2021-11-29,Experian,803,2,
16676,12457,16676,2020-03-13,Equifax,715,2,
16677,1947,16677,2022-06-19,Experian,749,0,
16678,13979,16678,2021-10-19,Equifax,690,0,26
16679,1451,16679,2020-04-01,Equifax,747,3,
16680,3552,16680,2022-05-01,TransUnion,698,2,53
16681,2187,16681,2020-02-26,Equifax,723,3,65
16682,8822,16682,2020-10-25,TransUnion,762,1,
16683,4389,16683,2021-06-05,Equifax,742,5,
16684,10444,16684,2022-05-18,Experian,737,0,
16685,4865,16685,2020-04-23,Experian,718,1,
16686,7191,16686,2023-11-17,Equifax,616,2,
16687,13665,16687,2020-05-12,TransUnion,691,0,
16688,7883,16688,2022-02-14,TransUnion,667,4,
16689,1599,16689,2021-04-06,Equifax,599,0,68
16690,10002,16690,2020-08-30,TransUnion,703,1,
16691,14423,16691,2021-06-14,Equifax,734,1,
16692,12167,16692,2022-04-14,Experian,688,5,
16693,831,16693,2023-10-08,Equifax,738,0,22
16694,7773,16694,2021-11-03,TransUnion,732,1,48
16695,14171,16695,2022-04-25,Equifax,738,4,58
16696,13759,16696,2022-02-14,TransUnion,672,0,
16697,1222,16697,2023-08-01,Experian,645,4,
16698,5111,16698,2022-11-25,TransUnion,733,2,68
16699,9503,16699,2022-06-26,Equifax,743,5,
16700,11013,16700,2023-01-09,Experian,687,4,51
16701,1188,16701,2021-05-18,Experian,698,4,46
16702,3282,16702,2023-05-29,Equifax,679,1,
16703,14701,16703,2021-10-29,Equifax,605,1,19
16704,12303,16704,2021-08-19,Experian,597,4,
16705,9027,16705,2024-01-20,Experian,748,0,36
16706,12440,16706,2022-04-10,Equifax,667,2,
16707,501,16707,2020-02-29,Equifax,594,3,4
16708,3454,16708,2021-12-02,Experian,738,3,
16709,9913,16709,2021-09-08,Equifax,730,5,
16710,2307,16710,2021-04-09,Experian,734,3,
16711,1175,16711,2020-10-17,Experian,731,2,68
16712,12631,16712,2024-05-27,Equifax,731,2,
16713,10488,16713,2022-04-20,TransUnion,796,3,43
16714,8190,16714,2022-01-30,Equifax,801,5,
16715,4354,16715,2020-10-08,Experian,694,3,
16716,7119,16716,2020-08-04,TransUnion,651,5,
16717,14956,16717,2023-08-02,Experian,733,5,21
16718,13717,16718,2023-11-10,TransUnion,626,2,
16719,7188,16719,2020-12-02,Experian,669,1,
16720,340,16720,2024-04-13,Equifax,752,5,6
16721,12086,16721,2023-07-22,TransUnion,702,2,
16722,6032,16722,2023-01-11,Equifax,637,0,
16723,10655,16723,2022-04-28,Experian,716,2,
16724,7923,16724,2022-01-24,Experian,652,2,
16725,13072,16725,2020-10-06,Experian,782,3,
16726,2299,16726,2022-04-02,Equifax,744,4,14
16727,3332,16727,2022-01-31,Experian,679,3,
16728,9318,16728,2023-02-13,TransUnion,721,0,
16729,1582,16729,2023-10-06,Experian,591,5,
16730,1982,16730,2020-06-10,Equifax,602,2,
16731,12542,16731,2021-02-01,Experian,741,2,64
16732,6544,16732,2024-04-02,Experian,585,2,
16733,12862,16733,2021-06-22,Experian,646,3,70
16734,11353,16734,2023-07-05,Equifax,733,4,55
16735,7300,16735,2022-01-01,TransUnion,685,0,
16736,14753,16736,2021-08-08,TransUnion,605,3,
16737,1394,16737,2021-09-10,Equifax,785,3,
16738,14254,16738,2020-05-29,TransUnion,608,4,
16739,12397,16739,2021-09-17,Equifax,729,2,59
16740,1521,16740,2022-01-27,TransUnion,723,4,4
16741,9338,16741,2021-01-06,TransUnion,653,3,35
16742,1610,16742,2020-08-12,Experian,731,4,
16743,2672,16743,2023-01-10,TransUnion,801,4,62
16744,4582,16744,2022-05-01,TransUnion,735,3,17
16745,1765,16745,2024-02-13,Experian,756,0,
16746,11100,16746,2022-06-27,Experian,674,3,
16747,9591,16747,2022-02-09,Experian,727,1,
16748,12628,16748,2022-11-09,Experian,640,2,59
16749,6056,16749,2023-05-17,TransUnion,719,1,
16750,5764,16750,2021-08-03,Equifax,748,2,18
16751,5492,16751,2023-10-06,TransUnion,792,1,
16752,14374,16752,2024-03-23,TransUnion,666,1,
16753,10445,16753,2024-05-31,Equifax,784,4,
16754,12465,16754,2022-09-05,Experian,701,5,
16755,6411,16755,2024-04-05,TransUnion,728,1,46
16756,6415,16756,2020-05-31,Experian,650,3,55
16757,350,16757,2020-02-14,TransUnion,649,1,
16758,9382,16758,2023-11-18,Experian,811,1,47
16759,5345,16759,2023-09-13,TransUnion,658,1,
16760,4045,16760,2020-08-17,Experian,709,5,
16761,11130,16761,2020-10-14,TransUnion,722,4,
16762,6563,16762,2023-06-15,Experian,682,1,28
16763,9833,16763,2022-10-12,Experian,684,0,
16764,5749,16764,2022-09-07,Experian,747,4,60
16765,5929,16765,2022-06-23,TransUnion,602,5,
16766,538,16766,2023-01-25,Equifax,786,2,33
16767,2216,16767,2022-05-20,Equifax,808,1,
16768,369,16768,2021-08-15,TransUnion,757,0,52
16769,8420,16769,2020-04-09,TransUnion,695,3,
16770,7148,16770,2023-12-12,Experian,732,3,39
16771,3176,16771,2021-07-06,Experian,674,4,6
16772,8329,16772,2022-07-22,Experian,624,0,
16773,5244,16773,2022-01-07,Experian,614,0,6
16774,903,16774,2022-04-10,Equifax,820,0,
16775,4163,16775,2024-04-28,Equifax,585,4,49
16776,5282,16776,2020-04-16,Experian,749,4,12
16777,905,16777,2021-03-04,TransUnion,719,2,
16778,3983,16778,2021-07-18,Experian,833,5,
16779,4001,16779,2023-06-05,TransUnion,818,2,28
16780,4410,16780,2023-01-07,Experian,686,4,
16781,14986,16781,2020-05-17,Experian,688,1,
16782,3558,16782,2023-05-21,Experian,692,0,
16783,14890,16783,2023-05-10,TransUnion,669,3,
16784,5812,16784,2020-08-10,Experian,717,0,
16785,13838,16785,2023-03-04,Equifax,665,0,54
16786,8812,16786,2022-07-04,Experian,836,3,4
16787,2318,16787,2023-06-18,Equifax,709,0,
16788,9887,16788,2021-04-30,TransUnion,591,1,42
16789,13155,16789,2021-09-22,Equifax,609,3,
16790,2864,16790,2023-12-20,Experian,686,2,
16791,9595,16791,2023-09-19,TransUnion,664,0,
16792,10654,16792,2022-03-17,Equifax,798,2,
16793,14118,16793,2024-03-24,Experian,689,1,
16794,7964,16794,2022-02-17,TransUnion,685,4,
16795,6982,16795,2021-09-07,Experian,657,2,
16796,11913,16796,2023-11-07,Equifax,634,4,
16797,3149,16797,2024-01-21,Equifax,723,3,65
16798,2182,16798,2021-07-18,TransUnion,729,4,
16799,14036,16799,2021-08-07,Equifax,714,1,54
16800,9073,16800,2021-09-08,Equifax,756,5,44
16801,4972,16801,2022-08-16,Equifax,691,0,
16802,9181,16802,2023-09-02,Experian,701,5,
16803,7365,16803,2021-10-14,Experian,707,2,53
16804,9260,16804,2022-05-16,Experian,708,1,
16805,1525,16805,2020-06-04,Equifax,710,1,69
16806,10097,16806,2022-01-13,TransUnion,633,0,57
16807,457,16807,2021-06-17,Equifax,581,0,
16808,1651,16808,2020-08-13,Experian,589,0,
16809,5534,16809,2021-03-15,Equifax,672,5,25
16810,2931,16810,2021-07-09,Experian,675,1,
16811,13736,16811,2020-10-29,Experian,774,3,
16812,7939,16812,2022-05-30,TransUnion,665,4,
16813,3844,16813,2021-12-27,Experian,586,5,19
16814,612,16814,2020-12-29,Experian,767,2,
16815,13307,16815,2024-05-07,Equifax,672,5,
16816,11315,16816,2020-11-27,TransUnion,810,1,13
16817,4776,16817,2020-07-12,TransUnion,739,1,
16818,10422,16818,2021-06-11,Experian,610,4,24
16819,4426,16819,2023-06-26,TransUnion,738,4,
16820,11642,16820,2022-06-17,TransUnion,655,4,
16821,3449,16821,2022-12-11,TransUnion,620,0,
16822,10068,16822,2021-02-13,Experian,616,4,
16823,13891,16823,2021-01-03,Experian,750,2,
16824,6930,16824,2021-10-23,TransUnion,678,4,
16825,9399,16825,2020-01-04,Experian,633,2,51
16826,8025,16826,2022-10-05,Experian,595,1,52
16827,11276,16827,2020-06-19,TransUnion,717,4,57
16828,12473,16828,2021-12-26,Experian,733,5,
16829,11936,16829,2024-02-02,Experian,822,5,59
16830,4660,16830,2024-01-08,TransUnion,658,2,
16831,6668,16831,2020-09-09,Equifax,610,5,
16832,10678,16832,2024-02-06,Experian,773,1,
16833,12865,16833,2023-09-23,TransUnion,726,4,28
16834,4570,16834,2023-09-12,TransUnion,693,2,
16835,2882,16835,2022-07-06,TransUnion,708,3,
16836,7511,16836,2020-07-30,Experian,697,0,
16837,482,16837,2023-05-17,Experian,609,4,31
16838,14938,16838,2022-10-07,Equifax,679,5,
16839,13718,16839,2022-03-01,Equifax,681,2,19
16840,41,16840,2023-07-23,Experian,583,2,
16841,6235,16841,2020-06-18,TransUnion,628,5,
16842,1343,16842,2021-07-24,TransUnion,710,3,
16843,2268,16843,2021-04-26,Equifax,651,4,
16844,4329,16844,2023-09-21,Equifax,790,1,
16845,14347,16845,2022-06-22,Experian,711,0,
16846,4859,16846,2023-12-31,Experian,697,0,
16847,13892,16847,2023-08-07,Equifax,801,2,
16848,6972,16848,2020-02-14,Experian,663,3,10
16849,9625,16849,2022-09-02,Equifax,626,1,63
16850,10596,16850,2020-11-16,TransUnion,722,1,
16851,1977,16851,2022-08-09,Experian,720,0,
16852,8248,16852,2022-02-23,Equifax,670,2,
16853,4193,16853,2021-03-18,TransUnion,700,4,17
16854,9955,16854,2020-10-20,Equifax,748,3,
16855,10225,16855,2024-01-25,Equifax,616,0,35
16856,14820,16856,2020-05-12,TransUnion,788,3,33
16857,2559,16857,2020-10-26,TransUnion,707,2,
16858,14984,16858,2020-02-04,TransUnion,844,3,60
16859,4178,16859,2023-06-16,Equifax,739,1,33
16860,1965,16860,2021-04-02,Equifax,699,4,
16861,13915,16861,2024-03-07,Experian,840,2,70
16862,7602,16862,2023-09-28,TransUnion,687,3,35
16863,1264,16863,2020-10-15,TransUnion,657,2,
16864,10812,16864,2020-10-30,Experian,654,2,
16865,11333,16865,2023-06-24,Experian,701,1,
16866,11961,16866,2021-02-01,TransUnion,697,5,
16867,1457,16867,2020-05-09,Experian,678,0,
16868,1706,16868,2022-03-20,Experian,599,3,
16869,7045,16869,2020-06-09,Equifax,683,0,16
16870,11541,16870,2021-04-19,Equifax,624,5,35
16871,2004,16871,2023-05-30,TransUnion,730,5,
16872,1382,16872,2023-12-03,Experian,692,0,
16873,1314,16873,2020-05-18,Equifax,721,5,35
16874,355,16874,2023-04-06,Equifax,808,0,26
16875,3427,16875,2021-09-23,TransUnion,668,0,12
16876,11645,16876,2023-10-11,TransUnion,720,4,26
16877,1140,16877,2023-07-17,Equifax,761,3,33
16878,12525,16878,2020-05-13,Equifax,648,4,61
16879,3415,16879,2021-02-22,Experian,743,4,55
16880,1469,16880,2020-01-04,Experian,843,4,47
16881,1748,16881,2023-04-07,Experian,791,4,14
16882,6810,16882,2020-01-10,Experian,711,3,
16883,14475,16883,2021-05-25,Experian,762,0,
16884,9419,16884,2020-08-03,Experian,715,5,65
16885,7832,16885,2022-11-17,Equifax,707,4,20
16886,7393,16886,2024-04-30,Equifax,589,2,
16887,4845,16887,2022-02-05,Experian,744,4,35
16888,5765,16888,2022-10-12,Experian,667,1,60
16889,11299,16889,2020-08-07,Equifax,615,5,
16890,7208,16890,2021-10-05,TransUnion,833,0,
16891,6493,16891,2020-12-30,Experian,833,5,
16892,8846,16892,2024-01-23,Equifax,740,3,39
16893,6582,16893,2021-01-12,Equifax,649,3,50
16894,9698,16894,2020-05-19,TransUnion,800,0,
16895,10346,16895,2023-01-07,Experian,659,1,
16896,1667,16896,2023-01-15,Equifax,833,5,67
16897,6099,16897,2024-05-02,Equifax,723,2,
16898,11491,16898,2021-08-19,Equifax,585,5,26
16899,14379,16899,2021-12-26,Experian,612,3,
16900,6887,16900,2024-05-30,Experian,658,1,
16901,9136,16901,2022-03-26,Experian,713,1,
16902,14731,16902,2024-03-13,Experian,740,1,14
16903,10762,16903,2020-02-27,TransUnion,721,1,
16904,12799,16904,2023-11-18,Equifax,590,2,
16905,3599,16905,2023-02-24,TransUnion,677,1,
16906,12620,16906,2021-08-03,Equifax,647,4,12
16907,3622,16907,2020-04-10,Experian,704,1,
16908,5739,16908,2020-01-27,Experian,631,4,
16909,577,16909,2020-12-26,Equifax,673,1,20
16910,13759,16910,2021-04-05,TransUnion,672,4,21
16911,587,16911,2020-09-15,Equifax,739,4,
16912,12864,16912,2021-06-28,Experian,692,0,38
16913,12938,16913,2021-11-12,TransUnion,777,5,57
16914,10094,16914,2021-05-02,TransUnion,638,4,
16915,9861,16915,2023-10-06,TransUnion,649,5,59
16916,11899,16916,2022-06-01,Experian,777,5,
16917,10951,16917,2024-02-24,Equifax,757,3,10
16918,4620,16918,2022-02-14,Experian,771,4,
16919,1270,16919,2022-02-18,Equifax,789,4,59
16920,8778,16920,2022-06-05,Experian,684,1,
16921,13178,16921,2023-10-12,Experian,730,5,
16922,6595,16922,2024-03-30,TransUnion,744,0,
16923,29,16923,2023-01-24,TransUnion,779,5,
16924,11866,16924,2020-07-07,TransUnion,581,0,70
16925,3362,16925,2024-02-25,TransUnion,690,0,
16926,7466,16926,2024-02-23,Equifax,734,0,
16927,13932,16927,2021-10-24,Equifax,699,1,56
16928,503,16928,2021-04-13,Equifax,689,4,
16929,3577,16929,2020-11-16,Experian,702,0,
16930,5819,16930,2021-06-27,Experian,693,1,
16931,9089,16931,2021-11-19,Experian,697,1,48
16932,3249,16932,2020-04-13,Equifax,597,4,49
16933,10519,16933,2021-11-25,Experian,630,0,12
16934,10156,16934,2022-11-28,TransUnion,681,1,29
16935,13814,16935,2022-12-20,TransUnion,709,5,41
16936,11515,16936,2023-03-28,Equifax,700,4,
16937,9214,16937,2022-09-01,Equifax,609,1,
16938,2015,16938,2023-05-17,Experian,657,4,
16939,7859,16939,2020-10-17,Equifax,746,0,
16940,1691,16940,2023-10-11,Equifax,844,1,
16941,9593,16941,2023-03-05,TransUnion,727,2,
16942,4932,16942,2021-12-11,TransUnion,713,5,37
16943,6526,16943,2021-06-26,TransUnion,782,2,55
16944,8135,16944,2021-03-31,Experian,648,4,
16945,378,16945,2023-04-19,Equifax,785,2,41
16946,1338,16946,2020-10-11,Equifax,665,3,
16947,4000,16947,2023-12-20,Equifax,721,4,
16948,4133,16948,2022-04-26,Equifax,720,5,
16949,2102,16949,2021-01-01,Equifax,735,1,
16950,3067,16950,2023-12-01,Equifax,705,0,
16951,14397,16951,2022-07-07,TransUnion,590,0,15
16952,5987,16952,2023-07-27,TransUnion,644,1,63
16953,10870,16953,2022-07-23,Equifax,694,5,
16954,12612,16954,2020-04-07,TransUnion,843,3,
16955,13562,16955,2020-01-15,Equifax,742,0,67
16956,153,16956,2021-05-21,Equifax,780,1,
16957,7284,16957,2021-03-23,TransUnion,593,2,22
16958,854,16958,2024-03-24,Experian,616,4,
16959,4427,16959,2021-10-25,TransUnion,730,5,
16960,9366,16960,2023-11-11,Equifax,708,1,
16961,13142,16961,2020-10-24,Experian,640,0,63
16962,10475,16962,2021-01-04,TransUnion,739,3,
16963,8034,16963,2020-07-07,TransUnion,749,5,54
16964,6629,16964,2023-03-02,Experian,752,0,22
16965,14696,16965,2023-05-06,Experian,821,5,4
16966,6248,16966,2021-08-21,Equifax,699,4,
16967,11670,16967,2023-08-08,Equifax,638,3,
16968,9356,16968,2023-05-08,Equifax,682,0,
16969,13602,16969,2023-12-25,TransUnion,725,3,
16970,6604,16970,2023-02-06,Equifax,705,0,13
16971,2668,16971,2022-06-27,TransUnion,615,1,
16972,11346,16972,2021-10-22,TransUnion,721,2,29
16973,3819,16973,2023-03-04,Experian,601,1,10
16974,10886,16974,2022-01-22,Equifax,616,4,
16975,2688,16975,2021-08-04,Experian,676,0,
16976,13623,16976,2021-04-06,Equifax,719,3,25
16977,11975,16977,2024-05-06,TransUnion,723,4,
16978,7339,16978,2022-12-14,TransUnion,679,4,14
16979,1529,16979,2021-10-03,Experian,819,2,16
16980,13327,16980,2024-03-05,Experian,796,2,
16981,11582,16981,2022-06-11,TransUnion,648,4,
16982,2370,16982,2020-06-07,Equifax,651,4,43
16983,10416,16983,2022-08-23,Equifax,582,3,
16984,3045,16984,2024-01-20,Experian,598,5,
16985,2538,16985,2021-02-15,TransUnion,828,4,
16986,4259,16986,2021-06-27,Equifax,641,1,
16987,11056,16987,2023-10-02,Equifax,584,0,56
16988,7928,16988,2021-04-03,Experian,712,1,
16989,14276,16989,2022-10-23,Equifax,632,3,
16990,3954,16990,2022-08-26,Experian,817,4,71
16991,1642,16991,2022-07-26,TransUnion,661,5,60
16992,11397,16992,2023-08-11,Experian,766,5,
16993,5057,16993,2024-04-08,TransUnion,640,4,22
16994,6283,16994,2021-05-27,Experian,805,3,
16995,10249,16995,2022-07-13,Equifax,686,1,
16996,126,16996,2021-07-29,Equifax,678,3,69
16997,2651,16997,2022-03-30,TransUnion,682,4,
16998,354,16998,2022-01-11,Experian,683,3,
16999,9753,16999,2024-02-14,Experian,709,1,
17000,13448,17000,2020-12-10,Experian,678,1,43
17001,814,17001,2021-11-10,Equifax,615,0,15
17002,12401,17002,2020-10-27,Experian,803,3,
17003,1520,17003,2021-06-03,TransUnion,714,1,
17004,10983,17004,2022-09-22,TransUnion,659,3,66
17005,1012,17005,2020-03-06,TransUnion,681,5,
17006,271,17006,2023-12-16,Experian,689,1,45
17007,8786,17007,2021-05-17,Experian,740,0,36
17008,14385,17008,2020-04-28,Equifax,725,4,36
17009,12252,17009,2021-01-28,TransUnion,618,0,
17010,14264,17010,2024-02-16,Equifax,742,2,
17011,5176,17011,2021-08-21,Equifax,611,5,27
17012,4196,17012,2021-09-16,Experian,777,3,32
17013,4635,17013,2024-05-04,Experian,667,4,
17014,5287,17014,2022-09-24,Experian,731,3,43
17015,3644,17015,2021-08-18,Experian,739,0,
17016,14862,17016,2020-03-19,Experian,647,0,49
17017,13791,17017,2022-09-10,TransUnion,708,5,47
17018,1014,17018,2020-02-14,Experian,791,1,50
17019,2282,17019,2020-02-20,Experian,850,1,
17020,14847,17020,2020-11-29,Equifax,624,2,
17021,1885,17021,2020-02-13,Equifax,639,5,
17022,8453,17022,2020-04-12,Experian,731,0,
17023,4916,17023,2023-04-04,TransUnion,723,0,
17024,5223,17024,2024-02-25,Experian,796,5,
17025,53,17025,2021-04-13,Experian,675,0,
17026,9674,17026,2022-12-20,Experian,595,2,
17027,8955,17027,2022-10-15,Equifax,642,2,
17028,9124,17028,2023-06-26,Equifax,591,3,
17029,1980,17029,2020-03-29,TransUnion,756,3,
17030,1729,17030,2024-04-25,Equifax,684,2,
17031,14881,17031,2021-07-10,TransUnion,675,1,42
17032,13982,17032,2022-08-22,Experian,739,1,
17033,2928,17033,2022-08-26,Equifax,742,2,55
17034,12630,17034,2022-05-26,TransUnion,694,2,
17035,10547,17035,2021-09-24,TransUnion,710,4,
17036,8452,17036,2020-05-23,Experian,623,4,
17037,6710,17037,2024-03-08,Equifax,698,0,
17038,11833,17038,2020-12-11,TransUnion,713,3,
17039,5303,17039,2022-09-19,Equifax,631,3,
17040,4950,17040,2023-05-10,Experian,690,0,65
17041,10166,17041,2023-11-16,Equifax,740,0,
17042,5415,17042,2021-12-29,Experian,775,5,
17043,11209,17043,2023-12-04,Equifax,737,2,59
17044,410,17044,2023-06-05,TransUnion,676,1,
17045,5338,17045,2023-09-28,Experian,689,5,45
17046,11177,17046,2022-04-22,TransUnion,790,4,
17047,6863,17047,2023-08-14,Equifax,703,5,
17048,13954,17048,2020-06-12,Equifax,710,5,
17049,12578,17049,2022-03-27,TransUnion,723,2,62
17050,586,17050,2024-01-24,TransUnion,726,3,7
17051,9615,17051,2020-01-08,TransUnion,686,3,
17052,11258,17052,2024-02-10,Equifax,708,4,
17053,12915,17053,2021-06-04,Equifax,839,1,
17054,10078,17054,2021-11-21,Equifax,660,4,
17055,12155,17055,2022-06-11,TransUnion,837,2,
17056,974,17056,2022-02-24,Experian,700,3,
17057,4838,17057,2022-09-03,Experian,674,5,32
17058,14717,17058,2022-03-05,TransUnion,716,4,14
17059,3072,17059,2023-02-12,Equifax,710,5,26
17060,13608,17060,2022-11-23,Experian,716,4,
17061,13717,17061,2021-02-27,TransUnion,626,3,8
17062,3687,17062,2022-06-17,Experian,677,0,
17063,8485,17063,2022-07-14,Equifax,682,2,62
17064,14161,17064,2020-02-08,Experian,703,2,
17065,4177,17065,2022-10-15,TransUnion,743,5,
17066,209,17066,2022-01-25,Experian,672,2,
17067,11398,17067,2021-04-08,Experian,714,4,
17068,6640,17068,2020-09-21,Experian,626,3,
17069,8276,17069,2020-11-20,TransUnion,737,4,34
17070,14371,17070,2023-05-27,TransUnion,725,1,
17071,5463,17071,2022-11-10,TransUnion,649,1,22
17072,51,17072,2020-09-24,Experian,728,1,11
17073,7714,17073,2022-05-13,Experian,612,2,35
17074,13467,17074,2023-03-23,TransUnion,580,5,
17075,3811,17075,2022-02-24,TransUnion,588,4,
17076,8583,17076,2023-01-13,Experian,718,2,
17077,12983,17077,2022-03-07,Equifax,742,3,52
17078,9382,17078,2023-12-15,Equifax,811,4,64
17079,7943,17079,2023-09-21,Equifax,706,4,
17080,2553,17080,2021-11-24,Experian,797,2,
17081,3154,17081,2022-12-30,Equifax,630,0,
17082,11113,17082,2021-08-23,Experian,834,0,19
17083,10201,17083,2021-05-30,TransUnion,702,5,
17084,272,17084,2021-07-22,Equifax,703,5,
17085,12586,17085,2020-12-04,TransUnion,786,4,
17086,3490,17086,2022-09-11,Experian,844,1,
17087,2022,17087,2020-06-27,Experian,735,4,
17088,13545,17088,2022-06-09,Equifax,691,5,57
17089,14140,17089,2020-08-24,TransUnion,679,4,21
17090,13784,17090,2021-05-22,TransUnion,844,3,43
17091,3035,17091,2021-08-21,Experian,585,5,50
17092,3772,17092,2023-07-06,Equifax,607,1,
17093,9382,17093,2021-02-23,Equifax,811,3,
17094,1926,17094,2020-05-18,Experian,705,2,6
17095,11062,17095,2023-09-24,Equifax,639,2,
17096,14212,17096,2024-03-14,Experian,740,0,
17097,5660,17097,2020-01-18,Equifax,738,3,
17098,6104,17098,2022-12-01,Experian,649,1,19
17099,10680,17099,2021-01-29,Experian,645,0,15
17100,8327,17100,2020-11-27,TransUnion,599,1,
17101,9212,17101,2022-08-09,Equifax,705,3,
17102,11164,17102,2022-04-16,TransUnion,709,0,58
17103,2802,17103,2022-09-01,Equifax,693,4,
17104,7566,17104,2020-03-11,TransUnion,623,3,
17105,460,17105,2023-03-03,Experian,646,2,
17106,2619,17106,2024-05-12,Equifax,584,4,
17107,3322,17107,2020-02-24,TransUnion,712,0,
17108,1699,17108,2024-02-22,Experian,651,3,17
17109,13328,17109,2021-10-27,TransUnion,802,2,26
17110,8222,17110,2021-04-02,Experian,837,2,
17111,8159,17111,2020-10-30,Experian,583,0,
17112,4256,17112,2020-02-17,Experian,669,1,56
17113,2979,17113,2022-08-17,Equifax,841,0,61
17114,5587,17114,2023-08-26,TransUnion,823,1,25
17115,2413,17115,2023-08-15,Equifax,713,2,
17116,5527,17116,2020-01-10,Experian,734,1,
17117,11918,17117,2022-10-07,Equifax,756,0,
17118,11709,17118,2023-06-22,Experian,836,1,
17119,12984,17119,2021-07-04,TransUnion,734,0,
17120,10091,17120,2020-05-25,TransUnion,711,2,
17121,14570,17121,2023-10-30,Experian,758,4,
17122,12244,17122,2023-12-15,Experian,720,5,
17123,11959,17123,2022-06-13,Experian,706,4,35
17124,9286,17124,2020-02-26,TransUnion,756,4,
17125,8613,17125,2023-02-11,Experian,692,0,
17126,13962,17126,2021-01-08,Equifax,713,5,38
17127,6154,17127,2022-06-15,Experian,713,4,42
17128,11935,17128,2022-10-21,Equifax,712,2,25
17129,1515,17129,2023-12-21,Experian,595,5,
17130,8645,17130,2020-10-18,Equifax,702,1,
17131,9597,17131,2020-07-15,Experian,702,4,23
17132,3765,17132,2022-08-11,Experian,784,3,
17133,10446,17133,2020-04-05,TransUnion,612,4,49
17134,8181,17134,2020-09-17,Equifax,689,2,
17135,11889,17135,2024-02-28,Equifax,704,5,
17136,9098,17136,2024-02-11,TransUnion,692,5,
17137,867,17137,2024-03-11,Experian,702,2,
17138,11963,17138,2023-08-16,Equifax,583,5,
17139,10285,17139,2024-02-20,TransUnion,716,5,
17140,11086,17140,2020-12-21,TransUnion,736,1,24
17141,9917,17141,2023-11-06,TransUnion,594,4,11
17142,10626,17142,2020-06-29,Equifax,772,1,
17143,7621,17143,2020-05-05,Equifax,651,1,18
17144,4782,17144,2021-02-25,Equifax,835,3,
17145,10205,17145,2023-05-23,TransUnion,709,2,
17146,651,17146,2020-03-09,Equifax,742,2,12
17147,9715,17147,2023-08-29,Experian,591,3,
17148,623,17148,2020-09-04,TransUnion,824,4,
17149,6141,17149,2022-04-17,Equifax,688,5,
17150,8536,17150,2023-01-24,Equifax,735,5,
17151,10205,17151,2022-05-20,Experian,709,5,34
17152,5684,17152,2022-11-01,TransUnion,636,1,
17153,5301,17153,2023-04-11,TransUnion,845,5,30
17154,10322,17154,2021-06-04,Equifax,740,2,45
17155,1237,17155,2023-12-18,Experian,667,4,
17156,10502,17156,2022-04-06,TransUnion,722,5,36
17157,11933,17157,2023-01-14,Experian,705,4,
17158,3173,17158,2023-11-21,TransUnion,697,5,
17159,4517,17159,2022-12-21,TransUnion,833,5,32
17160,13755,17160,2022-12-27,Experian,787,1,
17161,12424,17161,2022-07-03,TransUnion,754,0,40
17162,9875,17162,2023-10-30,Equifax,627,1,
17163,105,17163,2020-01-13,Equifax,783,0,
17164,11909,17164,2021-09-02,TransUnion,710,1,
17165,4014,17165,2021-12-29,Equifax,726,5,
17166,4775,17166,2020-02-19,Equifax,693,4,
17167,10836,17167,2020-06-10,TransUnion,604,4,28
17168,1443,17168,2021-04-09,Equifax,694,1,
17169,10226,17169,2023-11-14,Experian,718,2,60
17170,8027,17170,2023-02-13,TransUnion,672,3,
17171,3552,17171,2024-03-24,Equifax,698,3,24
17172,1325,17172,2021-06-20,Equifax,704,4,
17173,3220,17173,2022-12-28,Experian,749,2,
17174,10785,17174,2022-12-31,TransUnion,669,5,
17175,4742,17175,2022-04-03,Equifax,650,3,
17176,7189,17176,2020-03-17,Experian,709,3,22
17177,11297,17177,2020-05-06,TransUnion,678,5,
17178,8866,17178,2020-09-30,Experian,692,2,
17179,5313,17179,2023-08-29,Experian,693,5,
17180,1783,17180,2023-09-23,Equifax,795,2,29
17181,7838,17181,2021-01-19,Equifax,653,4,49
17182,2756,17182,2020-11-17,Experian,808,2,
17183,4089,17183,2020-05-13,TransUnion,837,1,
17184,8602,17184,2021-10-02,Experian,786,3,
17185,8041,17185,2020-03-25,Experian,625,1,
17186,10071,17186,2021-12-13,TransUnion,693,2,18
17187,9790,17187,2023-10-14,Experian,711,5,56
17188,11703,17188,2023-08-03,Experian,676,4,
17189,11941,17189,2021-04-22,Experian,698,1,
17190,13992,17190,2023-12-01,Equifax,779,2,58
17191,12071,17191,2020-06-18,Experian,765,5,5
17192,8904,17192,2021-03-07,Experian,693,1,69
17193,13331,17193,2021-11-04,Experian,687,2,
17194,9097,17194,2021-11-08,Experian,692,3,60
17195,7518,17195,2020-12-31,Experian,674,0,
17196,5995,17196,2023-02-27,Equifax,716,1,
17197,630,17197,2023-12-29,TransUnion,657,3,
17198,5836,17198,2022-07-05,Equifax,723,3,64
17199,1296,17199,2021-03-15,Equifax,607,5,66
17200,10662,17200,2021-09-15,Equifax,742,2,
17201,11522,17201,2020-10-06,Experian,607,5,63
17202,1300,17202,2021-10-11,Experian,730,3,58
17203,11456,17203,2023-05-04,Experian,723,4,
17204,10051,17204,2020-08-21,TransUnion,692,5,
17205,11990,17205,2024-03-26,Experian,629,1,61
17206,11631,17206,2020-07-05,TransUnion,713,5,9
17207,2717,17207,2021-04-02,Equifax,733,4,
17208,8392,17208,2020-09-06,Equifax,673,2,
17209,14134,17209,2023-03-19,TransUnion,734,3,49
17210,5110,17210,2024-03-05,Equifax,672,4,
17211,6909,17211,2020-07-02,TransUnion,735,1,16
17212,340,17212,2022-04-02,TransUnion,752,2,
17213,7734,17213,2021-05-23,TransUnion,732,0,
17214,4608,17214,2024-01-27,Equifax,602,0,
17215,4200,17215,2021-12-10,Experian,604,4,
17216,10829,17216,2021-09-03,Equifax,767,5,24
17217,7481,17217,2020-06-03,TransUnion,794,0,
17218,12400,17218,2020-04-28,TransUnion,664,4,
17219,4881,17219,2024-04-16,Equifax,826,1,
17220,4640,17220,2020-07-25,Equifax,795,3,
17221,4869,17221,2023-07-28,Experian,840,0,
17222,222,17222,2022-05-24,Experian,676,0,5
17223,7676,17223,2020-11-09,Experian,794,0,
17224,3148,17224,2022-12-08,TransUnion,762,3,24
17225,9651,17225,2020-03-27,TransUnion,735,0,36
17226,12508,17226,2021-02-23,Experian,727,0,21
17227,8838,17227,2024-01-08,TransUnion,827,0,
17228,13319,17228,2020-09-01,Experian,714,0,40
17229,12215,17229,2020-08-12,TransUnion,829,2,16
17230,13194,17230,2020-12-26,Experian,798,3,47
17231,6680,17231,2023-03-04,Equifax,741,3,
17232,2019,17232,2022-09-15,Equifax,719,5,
17233,5403,17233,2022-04-07,Experian,760,4,23
17234,12686,17234,2020-01-25,Equifax,747,2,
17235,13802,17235,2024-03-05,Experian,747,0,53
17236,6316,17236,2020-12-08,Experian,668,0,71
17237,12381,17237,2024-05-09,TransUnion,582,5,55
17238,130,17238,2021-11-23,TransUnion,744,2,63
17239,9149,17239,2021-09-28,Experian,818,4,
17240,14017,17240,2024-04-10,TransUnion,688,2,38
17241,2664,17241,2023-10-12,TransUnion,706,1,
17242,1512,17242,2023-10-06,TransUnion,630,4,
17243,6305,17243,2020-09-03,Equifax,708,2,
17244,5558,17244,2022-08-29,TransUnion,684,4,44
17245,1108,17245,2024-05-01,Experian,715,3,
17246,12368,17246,2021-01-17,Equifax,654,3,
17247,10447,17247,2024-05-12,TransUnion,787,2,
17248,11595,17248,2022-11-28,Equifax,589,2,
17249,8194,17249,2021-07-08,Experian,690,0,47
17250,7521,17250,2021-01-02,TransUnion,643,3,29
17251,11552,17251,2024-04-16,Experian,718,5,
17252,2018,17252,2023-10-29,Experian,746,3,
17253,6718,17253,2020-01-09,Experian,758,1,
17254,14808,17254,2021-03-06,Equifax,665,0,6
17255,14085,17255,2021-07-28,TransUnion,727,3,
17256,1996,17256,2023-04-03,Experian,708,0,35
17257,627,17257,2023-10-07,Experian,790,0,
17258,13592,17258,2020-01-29,Equifax,762,4,
17259,10718,17259,2023-06-10,Experian,746,0,
17260,3951,17260,2022-06-25,TransUnion,702,2,39
17261,2139,17261,2020-10-04,TransUnion,677,0,
17262,11532,17262,2024-02-19,Experian,712,4,63
17263,3692,17263,2023-04-14,Experian,584,1,
17264,10409,17264,2021-02-11,Equifax,677,1,
17265,5138,17265,2020-03-14,TransUnion,605,3,
17266,12020,17266,2020-03-02,TransUnion,710,3,
17267,12394,17267,2023-02-01,Experian,590,0,51
17268,3667,17268,2023-12-03,Equifax,678,4,
17269,6857,17269,2022-01-15,Equifax,756,2,70
17270,11376,17270,2024-01-31,Equifax,652,0,
17271,5900,17271,2023-04-20,Equifax,606,5,
17272,14971,17272,2020-07-29,Equifax,844,2,
17273,11637,17273,2023-12-11,Experian,670,0,68
17274,10595,17274,2022-03-28,Experian,614,2,18
17275,4457,17275,2020-03-29,Equifax,806,2,
17276,10745,17276,2020-05-01,TransUnion,657,5,
17277,12395,17277,2022-07-03,TransUnion,715,2,
17278,2191,17278,2021-09-17,Experian,804,4,
17279,40,17279,2020-08-27,Equifax,638,3,26
17280,389,17280,2020-11-23,Experian,699,4,
17281,6838,17281,2021-02-24,TransUnion,656,5,54
17282,13768,17282,2021-06-11,Experian,726,1,4
17283,3869,17283,2021-12-28,Equifax,770,5,
17284,1286,17284,2023-02-07,Experian,748,0,
17285,2926,17285,2022-05-15,Equifax,651,1,36
17286,8700,17286,2022-04-07,Experian,782,4,17
17287,2659,17287,2023-09-02,TransUnion,659,4,28
17288,5123,17288,2023-07-21,TransUnion,730,0,
17289,10994,17289,2023-04-21,TransUnion,825,4,
17290,10240,17290,2021-04-01,Equifax,715,5,38
17291,3139,17291,2020-06-07,Equifax,631,4,
17292,7581,17292,2021-04-16,Experian,815,4,
17293,3521,17293,2022-08-13,Equifax,630,0,
17294,7860,17294,2020-01-22,Experian,827,3,47
17295,11622,17295,2022-09-20,Experian,685,3,67
17296,9892,17296,2020-08-05,Equifax,720,2,
17297,10310,17297,2023-11-01,TransUnion,688,3,5
17298,7637,17298,2023-08-12,Equifax,830,2,
17299,2388,17299,2020-07-26,Experian,721,1,
17300,14394,17300,2022-06-07,Equifax,606,2,
17301,13361,17301,2023-06-24,Experian,812,3,18
17302,14079,17302,2020-08-28,TransUnion,670,5,29
17303,1791,17303,2020-01-31,Experian,794,4,
17304,10546,17304,2021-05-05,Equifax,700,1,33
17305,3090,17305,2020-10-22,TransUnion,701,5,
17306,11999,17306,2020-03-12,Equifax,778,2,4
17307,4698,17307,2021-02-07,Equifax,700,5,56
17308,3093,17308,2023-10-17,TransUnion,718,0,21
17309,12666,17309,2022-08-19,Experian,803,3,
17310,2279,17310,2023-05-31,Experian,678,0,
17311,8704,17311,2020-10-11,TransUnion,697,2,
17312,4582,17312,2023-03-27,TransUnion,735,5,
17313,14284,17313,2021-01-31,Experian,621,3,
17314,8354,17314,2021-05-07,Experian,733,1,
17315,7666,17315,2022-07-05,Experian,597,1,62
17316,1122,17316,2023-03-14,Experian,675,3,27
17317,3891,17317,2022-11-29,Equifax,714,2,68
17318,14510,17318,2022-05-21,Experian,725,0,64
17319,2652,17319,2022-03-15,TransUnion,697,4,51
17320,13518,17320,2022-08-08,Equifax,765,4,34
17321,1067,17321,2020-11-10,TransUnion,751,3,
17322,12374,17322,2020-03-20,Experian,642,0,
17323,3538,17323,2020-01-21,Experian,825,2,17
17324,13923,17324,2022-04-13,Equifax,670,4,
17325,12218,17325,2022-12-15,Equifax,700,3,
17326,5258,17326,2022-09-05,Equifax,701,2,
17327,8037,17327,2023-08-07,Experian,704,5,42
17328,9827,17328,2023-07-27,Equifax,689,5,67
17329,968,17329,2020-06-23,TransUnion,723,3,
17330,3356,17330,2023-07-14,Experian,707,5,30
17331,4646,17331,2021-02-19,Equifax,750,2,5
17332,12232,17332,2022-11-14,Equifax,616,4,49
17333,2957,17333,2023-03-14,TransUnion,813,4,44
17334,13544,17334,2021-04-07,Experian,838,1,
17335,9148,17335,2022-10-01,TransUnion,745,4,68
17336,6235,17336,2024-05-18,Experian,628,0,69
17337,8783,17337,2022-10-29,Equifax,738,1,
17338,11202,17338,2023-01-16,Experian,663,4,
17339,9727,17339,2022-11-18,Experian,745,1,
17340,2595,17340,2022-10-23,Equifax,601,5,34
17341,3738,17341,2021-11-26,Equifax,582,0,46
17342,14101,17342,2024-05-02,Equifax,619,5,
17343,11924,17343,2020-12-24,TransUnion,660,5,25
17344,12568,17344,2021-08-28,Experian,715,0,58
17345,4111,17345,2020-02-03,Experian,708,0,
17346,13901,17346,2021-11-29,Equifax,694,2,61
17347,14386,17347,2024-03-11,TransUnion,727,3,
17348,12343,17348,2020-09-06,TransUnion,673,2,
17349,12802,17349,2021-05-31,TransUnion,703,3,56
17350,9183,17350,2023-07-21,Experian,696,5,
17351,8967,17351,2022-09-26,TransUnion,727,0,
17352,5983,17352,2021-05-26,TransUnion,729,3,44
17353,5809,17353,2022-02-15,Equifax,768,1,
17354,4393,17354,2023-04-15,Equifax,749,4,
17355,11798,17355,2022-09-25,TransUnion,815,0,7
17356,12633,17356,2024-02-24,TransUnion,594,3,59
17357,13349,17357,2022-08-14,Equifax,830,5,42
17358,9897,17358,2021-02-01,Equifax,698,4,
17359,9512,17359,2020-10-08,TransUnion,613,0,
17360,6684,17360,2020-06-27,TransUnion,650,5,
17361,9794,17361,2020-06-14,TransUnion,755,1,
17362,13356,17362,2024-02-17,Equifax,739,4,24
17363,8726,17363,2020-09-26,Experian,726,3,18
17364,14317,17364,2021-01-22,Experian,676,2,14
17365,2897,17365,2020-02-15,TransUnion,795,1,24
17366,1773,17366,2021-05-18,TransUnion,743,1,
17367,6725,17367,2020-11-26,TransUnion,599,5,20
17368,1907,17368,2023-09-05,Experian,803,0,33
17369,1815,17369,2022-01-12,TransUnion,814,0,
17370,9378,17370,2020-11-27,Equifax,685,0,
17371,10594,17371,2021-11-21,TransUnion,586,3,
17372,13426,17372,2022-05-09,TransUnion,685,4,
17373,13108,17373,2023-12-22,Experian,653,5,19
17374,8467,17374,2023-12-11,Experian,671,5,61
17375,9069,17375,2020-01-05,TransUnion,750,4,
17376,7272,17376,2022-02-15,TransUnion,770,4,36
17377,10810,17377,2023-04-01,TransUnion,669,4,
17378,6442,17378,2020-11-13,Experian,818,4,
17379,7416,17379,2023-12-22,Experian,848,0,43
17380,10269,17380,2021-01-24,Equifax,715,2,
17381,1419,17381,2023-06-15,Experian,720,2,
17382,1395,17382,2023-04-16,TransUnion,821,2,21
17383,9189,17383,2024-02-04,Equifax,641,1,
17384,13336,17384,2024-03-06,Experian,709,5,
17385,8378,17385,2023-04-13,Experian,730,3,50
17386,7450,17386,2022-08-21,Experian,654,4,63
17387,4623,17387,2022-05-16,TransUnion,651,4,
17388,6211,17388,2021-05-26,TransUnion,697,0,28
17389,4935,17389,2022-06-07,Experian,847,2,11
17390,2136,17390,2020-10-06,Equifax,785,3,
17391,7858,17391,2022-02-02,Equifax,768,3,
17392,730,17392,2021-10-06,Equifax,668,1,
17393,7520,17393,2024-03-03,Experian,664,4,
17394,2447,17394,2023-06-22,Experian,641,5,35
17395,4107,17395,2023-10-03,TransUnion,817,4,8
17396,5440,17396,2022-01-29,Experian,656,4,
17397,771,17397,2021-01-09,Experian,723,2,
17398,6077,17398,2021-01-01,Experian,605,4,
17399,1498,17399,2022-01-17,Experian,724,1,36
17400,13738,17400,2023-12-11,Equifax,736,4,
17401,519,17401,2020-10-12,TransUnion,658,5,
17402,13243,17402,2022-09-25,TransUnion,730,5,57
17403,5642,17403,2020-10-25,Equifax,658,3,
17404,13719,17404,2021-01-09,Experian,669,5,
17405,7296,17405,2021-08-09,TransUnion,729,5,5
17406,13506,17406,2021-03-31,Equifax,658,2,3
17407,7812,17407,2021-05-13,Experian,595,2,
17408,7636,17408,2021-11-07,Experian,772,5,32
17409,8576,17409,2022-08-21,Equifax,660,4,
17410,766,17410,2020-12-16,Equifax,734,3,
17411,9195,17411,2021-01-13,TransUnion,741,2,
17412,3353,17412,2020-02-14,Equifax,607,0,
17413,6399,17413,2023-02-08,Experian,674,4,30
17414,1861,17414,2021-02-23,Equifax,598,5,18
17415,2537,17415,2021-04-04,Equifax,655,4,28
17416,12962,17416,2022-08-27,TransUnion,729,1,34
17417,1668,17417,2021-02-21,TransUnion,743,1,
17418,9530,17418,2020-05-13,Experian,613,4,
17419,1645,17419,2022-03-09,TransUnion,747,4,
17420,3864,17420,2023-03-21,Equifax,682,2,58
17421,1819,17421,2020-04-23,TransUnion,596,1,16
17422,13725,17422,2021-02-24,Experian,735,3,39
17423,2796,17423,2021-01-24,Experian,695,5,
17424,5138,17424,2023-02-12,Equifax,605,3,
17425,2926,17425,2021-04-10,TransUnion,651,4,
17426,1200,17426,2020-04-09,Experian,807,1,30
17427,7743,17427,2022-08-09,Experian,699,5,
17428,1130,17428,2021-04-22,Equifax,751,2,
17429,2072,17429,2023-01-17,TransUnion,726,3,39
17430,14952,17430,2022-05-18,Equifax,593,1,58
17431,14412,17431,2020-08-01,TransUnion,673,5,
17432,7513,17432,2022-09-04,TransUnion,608,4,25
17433,2418,17433,2020-08-24,TransUnion,746,3,
17434,3347,17434,2020-11-22,Equifax,749,0,
17435,2425,17435,2024-03-27,Equifax,702,5,
17436,11421,17436,2023-10-13,Equifax,710,5,
17437,6990,17437,2024-04-04,Experian,797,3,6
17438,5454,17438,2021-11-26,Experian,798,4,
17439,6962,17439,2022-12-10,TransUnion,750,4,
17440,9579,17440,2021-02-02,TransUnion,626,0,
17441,13872,17441,2021-08-24,Equifax,670,3,9
17442,6462,17442,2023-04-01,TransUnion,752,4,
17443,8331,17443,2021-11-19,TransUnion,761,2,70
17444,6168,17444,2020-12-13,Equifax,739,2,25
17445,2080,17445,2020-01-08,TransUnion,796,0,
17446,1398,17446,2022-10-18,Equifax,723,2,
17447,646,17447,2022-09-13,TransUnion,584,5,
17448,8342,17448,2023-01-29,TransUnion,735,0,
17449,5511,17449,2023-02-15,Equifax,592,1,56
17450,7312,17450,2020-01-31,Equifax,746,5,
17451,5402,17451,2023-10-31,Equifax,630,2,9
17452,3329,17452,2023-04-12,Experian,674,4,
17453,3347,17453,2020-01-07,TransUnion,749,5,
17454,36,17454,2023-12-05,TransUnion,687,1,8
17455,4222,17455,2021-10-29,Equifax,787,4,
17456,13267,17456,2020-01-28,TransUnion,644,4,
17457,10099,17457,2023-08-05,Equifax,641,1,
17458,6081,17458,2022-06-07,Experian,585,0,24
17459,11311,17459,2021-10-19,Equifax,731,2,51
17460,1016,17460,2023-03-18,Equifax,671,4,
17461,2545,17461,2021-08-21,TransUnion,665,1,
17462,13047,17462,2021-08-27,TransUnion,850,2,69
17463,11336,17463,2021-04-18,Equifax,733,2,
17464,10769,17464,2021-07-24,Experian,729,3,
17465,7180,17465,2022-04-30,Experian,716,1,
17466,8776,17466,2021-05-01,Equifax,675,2,6
17467,3406,17467,2020-04-21,TransUnion,730,3,18
17468,1350,17468,2021-04-07,TransUnion,663,5,
17469,4779,17469,2022-02-26,Experian,723,4,
17470,3291,17470,2021-03-24,Equifax,814,3,
17471,4593,17471,2023-11-28,TransUnion,641,1,28
17472,11150,17472,2021-10-30,TransUnion,824,2,
17473,2876,17473,2024-05-23,Equifax,741,3,33
17474,3797,17474,2022-10-09,Equifax,631,0,
17475,2004,17475,2022-04-25,Equifax,730,1,34
17476,10624,17476,2021-07-26,Equifax,821,2,31
17477,13420,17477,2021-08-11,Equifax,685,3,31
17478,893,17478,2023-11-09,Equifax,691,3,25
17479,1956,17479,2022-12-15,TransUnion,735,3,
17480,13924,17480,2021-09-08,Experian,690,2,47
17481,5853,17481,2021-11-04,TransUnion,739,4,
17482,11466,17482,2022-11-25,TransUnion,651,3,40
17483,1568,17483,2024-04-29,TransUnion,744,0,
17484,7049,17484,2022-07-14,Experian,593,4,
17485,8726,17485,2020-10-24,TransUnion,726,4,47
17486,13915,17486,2022-05-31,TransUnion,840,5,47
17487,7455,17487,2020-04-03,Experian,833,5,
17488,7199,17488,2021-02-03,Equifax,839,3,37
17489,7836,17489,2023-05-15,Experian,587,2,
17490,13999,17490,2024-01-21,Experian,680,4,5
17491,7391,17491,2020-05-19,Experian,711,5,
17492,3780,17492,2021-01-23,Equifax,733,4,47
17493,680,17493,2020-03-31,Equifax,689,0,26
17494,6109,17494,2020-09-30,Experian,736,2,
17495,14910,17495,2020-06-13,TransUnion,597,0,
17496,942,17496,2021-06-21,Experian,720,3,60
17497,11104,17497,2023-06-26,Equifax,588,5,
17498,2094,17498,2021-10-31,Equifax,722,2,
17499,1102,17499,2023-02-19,TransUnion,700,5,
17500,517,17500,2021-02-10,Experian,835,3,35
17501,2877,17501,2021-04-21,TransUnion,613,0,
17502,4958,17502,2020-08-25,TransUnion,824,5,
17503,7372,17503,2021-09-05,Experian,634,0,7
17504,3613,17504,2022-07-06,Equifax,739,4,
17505,8890,17505,2022-05-04,TransUnion,838,4,62
17506,11240,17506,2020-01-02,TransUnion,733,1,25
17507,12447,17507,2021-12-14,TransUnion,747,1,
17508,12647,17508,2020-03-21,TransUnion,674,2,
17509,6955,17509,2020-02-03,TransUnion,678,1,
17510,7703,17510,2020-01-10,TransUnion,718,1,
17511,1579,17511,2022-09-01,Equifax,664,5,
17512,7046,17512,2020-11-20,Experian,622,3,
17513,5591,17513,2023-12-26,Experian,677,3,
17514,6585,17514,2022-07-13,Experian,727,4,53
17515,14655,17515,2020-02-22,Experian,720,0,
17516,8818,17516,2021-02-27,Experian,710,2,
17517,11147,17517,2021-07-12,TransUnion,665,4,
17518,9341,17518,2020-07-16,Equifax,606,4,
17519,7068,17519,2021-01-29,Experian,610,5,24
17520,6622,17520,2020-10-23,Experian,635,2,4
17521,9407,17521,2020-08-13,Experian,687,0,
17522,11355,17522,2024-02-19,Experian,731,0,
17523,5642,17523,2020-05-16,Experian,658,0,48
17524,7428,17524,2023-02-26,TransUnion,789,1,
17525,510,17525,2022-05-14,TransUnion,632,1,
17526,14183,17526,2022-09-24,Equifax,850,2,5
17527,7155,17527,2022-12-12,Experian,803,5,5
17528,5763,17528,2022-03-26,Experian,836,2,
17529,10238,17529,2021-01-12,Equifax,721,4,
17530,12221,17530,2023-02-04,TransUnion,761,1,
17531,10661,17531,2020-05-17,Experian,713,2,
17532,5955,17532,2022-10-07,Experian,716,1,
17533,12446,17533,2023-09-24,Experian,587,1,13
17534,9421,17534,2021-01-08,Equifax,592,3,
17535,9796,17535,2022-08-28,TransUnion,646,3,
17536,11138,17536,2023-03-29,Equifax,752,1,42
17537,8518,17537,2020-04-30,TransUnion,817,5,
17538,4643,17538,2020-04-14,Equifax,698,4,
17539,2081,17539,2021-02-07,Experian,679,4,
17540,11626,17540,2022-04-28,Experian,714,3,
17541,4088,17541,2022-10-09,Equifax,742,5,48
17542,8144,17542,2020-03-28,Equifax,701,3,53
17543,14077,17543,2021-11-30,Experian,717,2,44
17544,7982,17544,2023-06-01,Equifax,805,2,
17545,13147,17545,2021-12-16,Equifax,643,3,54
17546,1329,17546,2020-09-27,Experian,724,3,
17547,12780,17547,2023-08-04,TransUnion,674,0,
17548,14870,17548,2023-10-11,Experian,690,4,
17549,11934,17549,2023-01-17,TransUnion,845,4,
17550,1807,17550,2023-06-02,TransUnion,721,3,
17551,13209,17551,2024-04-02,Experian,683,0,
17552,10800,17552,2020-01-08,TransUnion,735,4,
17553,3425,17553,2020-08-02,Equifax,636,5,
17554,13232,17554,2020-01-10,TransUnion,697,3,
17555,9559,17555,2024-02-17,Equifax,646,4,
17556,947,17556,2023-01-09,Equifax,664,5,
17557,9302,17557,2020-08-16,TransUnion,727,1,
17558,1594,17558,2021-01-07,Experian,749,5,
17559,13541,17559,2021-10-17,Equifax,591,0,38
17560,9336,17560,2022-07-05,Equifax,597,0,
17561,5405,17561,2024-04-13,Equifax,649,4,
17562,12007,17562,2023-01-21,Equifax,652,3,
17563,4972,17563,2021-04-30,Equifax,691,1,
17564,5434,17564,2021-07-31,TransUnion,674,0,16
17565,12134,17565,2020-04-17,Experian,841,2,12
17566,11695,17566,2021-01-04,Experian,736,5,
17567,8567,17567,2021-11-11,Equifax,696,1,
17568,8209,17568,2022-11-01,Experian,634,3,
17569,13052,17569,2022-02-04,Equifax,726,2,
17570,12879,17570,2021-09-05,TransUnion,743,0,
17571,753,17571,2020-08-06,TransUnion,663,1,
17572,6223,17572,2020-02-20,Experian,673,0,23
17573,7885,17573,2022-11-02,Equifax,725,4,
17574,10792,17574,2021-10-28,Equifax,606,0,62
17575,2195,17575,2021-08-23,Experian,694,1,
17576,9682,17576,2020-02-12,Experian,712,2,
17577,8228,17577,2020-09-02,Experian,739,1,
17578,6116,17578,2022-05-21,Equifax,806,4,
17579,11964,17579,2023-10-16,Experian,640,5,
17580,8381,17580,2023-12-22,Equifax,657,0,
17581,5366,17581,2024-01-12,Equifax,700,2,
17582,5204,17582,2020-11-14,TransUnion,619,1,
17583,2848,17583,2021-05-27,TransUnion,582,2,
17584,11624,17584,2023-05-10,Equifax,587,2,
17585,12277,17585,2023-10-22,Experian,646,2,
17586,11403,17586,2023-11-07,Equifax,657,2,56
17587,9895,17587,2023-09-04,Experian,720,0,22
17588,13951,17588,2023-02-14,Experian,705,2,
17589,13964,17589,2020-11-03,Experian,825,0,
17590,12221,17590,2024-05-07,Experian,761,1,
17591,9602,17591,2023-03-13,Experian,806,4,
17592,9370,17592,2022-11-12,TransUnion,724,3,
17593,2470,17593,2024-05-25,TransUnion,738,4,
17594,10091,17594,2022-06-09,TransUnion,711,0,48
17595,8839,17595,2024-04-19,Equifax,797,4,58
17596,6102,17596,2020-02-10,Equifax,611,4,54
17597,4165,17597,2023-07-17,TransUnion,736,5,8
17598,11353,17598,2020-11-26,TransUnion,733,2,
17599,1116,17599,2021-08-06,Experian,663,0,
17600,11913,17600,2023-03-16,Experian,634,5,
17601,6613,17601,2022-02-21,Equifax,793,2,
17602,6997,17602,2023-10-09,Equifax,632,2,33
17603,12488,17603,2022-11-06,Equifax,773,1,
17604,14254,17604,2022-07-10,TransUnion,608,1,
17605,1642,17605,2021-12-27,Experian,661,1,30
17606,240,17606,2021-10-12,Equifax,586,3,42
17607,7377,17607,2023-08-06,Equifax,694,2,
17608,2815,17608,2020-02-29,Equifax,801,3,68
17609,8498,17609,2024-01-28,Experian,712,1,
17610,8261,17610,2023-11-21,Equifax,695,1,
17611,775,17611,2024-02-05,TransUnion,743,5,63
17612,7801,17612,2023-04-08,TransUnion,668,5,22
17613,8786,17613,2020-11-16,Experian,740,1,
17614,5336,17614,2024-03-26,Experian,607,3,
17615,1195,17615,2023-09-29,Equifax,742,5,21
17616,1756,17616,2023-11-18,TransUnion,631,1,6
17617,7884,17617,2021-07-21,TransUnion,602,5,5
17618,11116,17618,2020-02-22,Experian,762,5,
17619,7107,17619,2023-10-04,TransUnion,672,2,27
17620,7039,17620,2023-09-14,Equifax,667,3,
17621,12052,17621,2023-05-06,Equifax,770,1,15
17622,2746,17622,2020-02-16,TransUnion,748,5,
17623,6076,17623,2022-10-14,TransUnion,738,1,
17624,9556,17624,2023-06-08,TransUnion,744,0,
17625,13551,17625,2021-06-18,Equifax,739,2,
17626,3993,17626,2023-05-20,Experian,697,3,
17627,6568,17627,2022-04-09,Experian,666,5,
17628,8140,17628,2020-12-30,Experian,779,1,30
17629,12388,17629,2023-01-10,Equifax,784,5,
17630,6592,17630,2023-11-08,Experian,694,0,
17631,4074,17631,2020-04-09,Equifax,720,0,
17632,7048,17632,2023-11-21,Equifax,633,4,33
17633,9418,17633,2020-04-20,Equifax,727,0,40
17634,8414,17634,2020-10-28,TransUnion,730,4,31
17635,8215,17635,2022-01-13,Experian,717,4,
17636,9749,17636,2021-02-03,Experian,582,2,
17637,5265,17637,2024-04-17,Experian,716,0,
17638,3148,17638,2022-07-19,Equifax,762,2,
17639,14160,17639,2021-03-15,Equifax,834,4,
17640,5394,17640,2020-07-11,TransUnion,715,0,
17641,4480,17641,2023-04-22,Equifax,751,5,21
17642,1395,17642,2023-12-22,Experian,821,5,
17643,12955,17643,2022-12-21,Experian,672,4,50
17644,10467,17644,2021-02-16,Experian,718,2,
17645,12554,17645,2023-12-08,TransUnion,825,1,68
17646,14316,17646,2023-05-18,Equifax,629,1,
17647,12924,17647,2023-01-02,TransUnion,735,2,63
17648,11964,17648,2021-12-23,TransUnion,640,5,51
17649,6647,17649,2022-05-04,TransUnion,668,2,7
17650,10760,17650,2022-02-23,Equifax,740,1,
17651,2405,17651,2022-12-04,TransUnion,646,5,
17652,12772,17652,2022-11-09,TransUnion,652,5,66
17653,241,17653,2022-11-29,TransUnion,594,4,
17654,14846,17654,2024-04-17,Experian,627,5,
17655,3343,17655,2022-01-18,Equifax,727,4,66
17656,5749,17656,2020-01-16,TransUnion,747,2,
17657,3309,17657,2021-04-03,Experian,625,0,33
17658,2691,17658,2024-03-20,Experian,836,3,20
17659,3841,17659,2023-01-09,TransUnion,724,2,35
17660,12277,17660,2023-02-21,Experian,646,1,28
17661,10226,17661,2020-01-29,TransUnion,718,5,18
17662,14154,17662,2023-05-27,Experian,657,1,
17663,9996,17663,2023-07-01,TransUnion,725,2,56
17664,1960,17664,2021-10-22,Experian,702,0,
17665,3105,17665,2020-11-03,Experian,672,1,
17666,2191,17666,2020-03-10,Equifax,804,2,
17667,7783,17667,2024-05-22,TransUnion,735,3,11
17668,9497,17668,2020-04-25,Experian,729,1,
17669,12114,17669,2022-07-29,TransUnion,728,3,22
17670,1349,17670,2022-02-05,Experian,692,3,17
17671,13197,17671,2021-02-07,TransUnion,705,1,
17672,12760,17672,2022-10-28,Equifax,653,5,
17673,14020,17673,2022-05-16,Experian,747,0,
17674,3720,17674,2020-12-02,Equifax,737,2,
17675,5264,17675,2022-06-12,Equifax,718,3,32
17676,5526,17676,2023-03-26,Equifax,742,0,38
17677,8059,17677,2021-11-29,Equifax,701,2,30
17678,14518,17678,2024-02-11,Experian,723,3,
17679,1499,17679,2023-02-19,TransUnion,761,0,
17680,5949,17680,2021-03-13,Equifax,666,1,
17681,14538,17681,2020-04-02,TransUnion,696,3,6
17682,14804,17682,2021-11-10,TransUnion,690,1,25
17683,1489,17683,2024-02-13,Equifax,597,1,50
17684,3340,17684,2023-12-24,Experian,732,1,42
17685,3098,17685,2021-07-13,Equifax,703,1,15
17686,9982,17686,2023-06-21,Equifax,717,4,4
17687,2311,17687,2021-05-31,TransUnion,685,1,
17688,2310,17688,2023-05-03,Experian,612,2,20
17689,14497,17689,2021-06-24,Equifax,755,4,
17690,1018,17690,2021-03-02,TransUnion,719,3,
17691,14403,17691,2020-11-30,Equifax,705,3,67
17692,7759,17692,2024-04-15,Experian,699,3,15
17693,4202,17693,2024-02-07,Experian,699,0,
17694,2782,17694,2024-03-26,Experian,785,0,
17695,1768,17695,2021-11-29,Equifax,800,4,
17696,6946,17696,2022-08-20,TransUnion,685,2,43
17697,4502,17697,2024-05-18,Experian,623,0,48
17698,10273,17698,2022-05-22,Experian,737,3,57
17699,5,17699,2021-08-06,Equifax,713,2,
17700,12628,17700,2021-08-10,Experian,640,5,
17701,3504,17701,2023-09-19,TransUnion,708,2,
17702,10767,17702,2022-09-10,Equifax,632,5,38
17703,5491,17703,2021-03-21,Equifax,683,3,
17704,4818,17704,2021-01-04,Equifax,729,5,
17705,9894,17705,2021-05-16,Equifax,712,1,
17706,10847,17706,2023-08-04,Equifax,739,1,
17707,14261,17707,2023-01-25,Equifax,621,2,
17708,8833,17708,2022-11-11,TransUnion,814,1,
17709,11215,17709,2020-04-16,Equifax,691,5,
17710,7645,17710,2020-07-30,Experian,644,1,
17711,1602,17711,2021-01-15,Experian,713,5,
17712,6755,17712,2022-10-20,Equifax,635,2,26
17713,10743,17713,2023-02-07,Experian,603,3,35
17714,10220,17714,2023-05-26,TransUnion,673,2,42
17715,1852,17715,2021-05-07,Experian,726,0,
17716,9443,17716,2020-03-27,Experian,694,0,60
17717,1065,17717,2023-03-22,TransUnion,711,5,7
17718,1938,17718,2020-06-16,Equifax,647,3,62
17719,182,17719,2021-01-03,Experian,795,0,49
17720,14902,17720,2020-02-02,Equifax,666,4,
17721,6937,17721,2023-12-06,TransUnion,730,4,
17722,889,17722,2020-02-17,TransUnion,628,0,
17723,507,17723,2020-10-20,TransUnion,638,5,51
17724,6430,17724,2023-02-03,Experian,614,5,
17725,11353,17725,2024-01-24,TransUnion,733,0,12
17726,10144,17726,2023-03-04,Equifax,846,3,
17727,5099,17727,2023-07-03,TransUnion,727,5,
17728,4525,17728,2021-07-30,Equifax,835,0,41
17729,6922,17729,2021-10-23,TransUnion,749,2,
17730,9714,17730,2022-11-01,TransUnion,737,0,
17731,6485,17731,2020-07-30,TransUnion,785,4,
17732,10016,17732,2023-09-16,TransUnion,728,5,
17733,10200,17733,2020-11-13,Experian,676,3,12
17734,8390,17734,2023-12-08,Equifax,712,2,
17735,8022,17735,2023-10-30,Experian,654,0,60
17736,948,17736,2023-03-10,Experian,583,2,41
17737,4312,17737,2023-02-19,Equifax,690,5,64
17738,6445,17738,2021-07-20,TransUnion,763,0,
17739,12052,17739,2023-10-27,TransUnion,770,5,52
17740,2710,17740,2024-04-06,Experian,668,3,
17741,12625,17741,2020-06-30,Experian,599,4,
17742,13695,17742,2021-12-30,Equifax,739,1,
17743,8123,17743,2021-10-23,Equifax,701,4,
17744,14122,17744,2022-07-18,TransUnion,724,3,
17745,419,17745,2022-10-11,Equifax,779,3,
17746,10452,17746,2022-10-04,TransUnion,709,0,
17747,2170,17747,2021-09-22,TransUnion,710,3,
17748,4604,17748,2021-04-25,TransUnion,654,3,
17749,14533,17749,2021-12-20,Experian,756,2,58
17750,1330,17750,2020-11-13,Experian,785,4,
17751,10125,17751,2020-09-30,TransUnion,700,1,4
17752,1982,17752,2020-08-11,Equifax,602,4,61
17753,8157,17753,2021-12-25,Equifax,699,3,
17754,13819,17754,2020-02-12,Equifax,806,2,4
17755,9957,17755,2021-08-26,Experian,606,1,
17756,12177,17756,2022-04-11,Equifax,828,2,
17757,9930,17757,2021-05-23,Experian,720,3,
17758,1981,17758,2024-04-01,Experian,654,0,9
17759,8185,17759,2020-08-13,Experian,729,4,13
17760,52,17760,2024-02-03,TransUnion,743,5,
17761,901,17761,2023-07-09,TransUnion,732,2,
17762,14204,17762,2022-12-02,Equifax,643,2,28
17763,2383,17763,2021-08-10,Experian,748,4,
17764,421,17764,2020-04-12,TransUnion,678,5,
17765,6791,17765,2023-05-06,Equifax,805,2,39
17766,8780,17766,2023-05-28,Equifax,778,1,67
17767,92,17767,2021-11-07,Experian,835,4,
17768,9894,17768,2021-05-31,Equifax,712,5,38
17769,4859,17769,2021-03-06,Equifax,697,0,
17770,3497,17770,2020-05-30,Equifax,735,2,
17771,3287,17771,2023-09-17,Experian,778,0,
17772,3060,17772,2023-12-31,TransUnion,722,4,10
17773,8329,17773,2021-09-24,Equifax,624,2,
17774,5322,17774,2022-03-07,Experian,845,0,35
17775,958,17775,2022-08-18,TransUnion,675,1,
17776,1686,17776,2023-01-20,TransUnion,686,3,
17777,4852,17777,2023-11-15,Equifax,734,0,19
17778,10665,17778,2024-05-01,Experian,669,2,
17779,9883,17779,2021-07-01,Equifax,781,1,
17780,5909,17780,2020-12-19,Equifax,699,0,58
17781,14929,17781,2023-03-13,TransUnion,824,5,
17782,14632,17782,2020-04-07,Equifax,649,3,38
17783,5056,17783,2021-06-23,Experian,780,0,27
17784,6575,17784,2024-01-12,Experian,746,0,22
17785,12513,17785,2023-08-28,TransUnion,703,4,42
17786,5323,17786,2024-03-25,TransUnion,581,4,
17787,7569,17787,2021-01-29,Equifax,832,3,
17788,12009,17788,2023-06-19,TransUnion,800,3,
17789,3020,17789,2023-11-09,TransUnion,798,2,
17790,12362,17790,2021-03-08,Experian,769,2,
17791,1208,17791,2021-02-14,TransUnion,628,1,
17792,11991,17792,2024-02-14,Equifax,620,5,9
17793,5338,17793,2021-11-05,Equifax,689,3,
17794,14683,17794,2021-10-19,TransUnion,675,0,
17795,12946,17795,2023-01-13,Experian,737,2,68
17796,6935,17796,2020-10-06,Experian,592,1,
17797,5770,17797,2020-01-16,TransUnion,813,2,
17798,13397,17798,2020-01-22,Equifax,644,0,
17799,5273,17799,2023-08-25,TransUnion,713,5,70
17800,6606,17800,2020-11-25,Equifax,580,3,
17801,251,17801,2023-01-22,Experian,772,3,
17802,14028,17802,2022-02-28,Equifax,837,2,
17803,7633,17803,2020-06-05,Equifax,669,3,
17804,7578,17804,2020-08-28,TransUnion,711,4,
17805,2584,17805,2022-02-28,Experian,649,0,
17806,879,17806,2020-04-23,TransUnion,697,4,25
17807,2018,17807,2022-06-20,Experian,746,5,50
17808,12500,17808,2020-01-11,Equifax,680,2,62
17809,884,17809,2023-07-01,Equifax,751,0,
17810,3882,17810,2020-02-14,Experian,848,1,34
17811,2519,17811,2023-02-08,TransUnion,698,2,
17812,11117,17812,2022-08-15,Equifax,604,1,21
17813,3089,17813,2021-01-02,TransUnion,580,2,
17814,9176,17814,2021-11-19,Equifax,583,1,38
17815,4039,17815,2024-02-26,Equifax,672,4,
17816,4894,17816,2023-01-06,TransUnion,738,1,
17817,11494,17817,2020-01-17,Equifax,785,2,7
17818,7948,17818,2022-02-07,Equifax,826,4,16
17819,14473,17819,2022-05-23,Experian,602,5,
17820,11787,17820,2024-05-18,Experian,676,0,7
17821,8273,17821,2023-02-13,Experian,657,1,49
17822,11592,17822,2023-05-28,Experian,676,5,46
17823,4118,17823,2023-02-27,TransUnion,834,1,
17824,1989,17824,2020-12-10,TransUnion,698,4,7
17825,3988,17825,2022-07-04,Equifax,621,0,50
17826,12322,17826,2022-01-18,Experian,720,1,67
17827,12200,17827,2024-01-18,TransUnion,683,0,17
17828,7747,17828,2020-06-30,Experian,620,2,10
17829,3052,17829,2021-05-29,Equifax,669,5,33
17830,3010,17830,2021-10-26,Experian,779,4,
17831,2,17831,2022-08-18,Experian,719,4,69
17832,8800,17832,2022-10-12,Equifax,679,5,
17833,4690,17833,2022-06-07,Equifax,737,5,
17834,278,17834,2022-07-01,TransUnion,830,3,31
17835,9329,17835,2023-07-08,Equifax,748,5,50
17836,13150,17836,2023-09-12,TransUnion,783,1,
17837,9247,17837,2023-07-29,Experian,772,0,
17838,7139,17838,2023-06-19,Equifax,698,3,
17839,10105,17839,2020-03-20,TransUnion,605,2,23
17840,9089,17840,2023-05-01,Experian,697,5,
17841,11405,17841,2020-08-29,Experian,679,1,
17842,8544,17842,2021-09-06,Experian,615,4,
17843,10240,17843,2023-08-15,Equifax,715,2,3
17844,13727,17844,2021-01-22,Experian,728,1,
17845,420,17845,2023-03-08,Experian,745,0,37
17846,9970,17846,2024-05-10,Experian,781,2,
17847,4159,17847,2021-07-02,Equifax,604,4,
17848,9309,17848,2023-08-01,TransUnion,808,0,30
17849,11987,17849,2020-03-02,TransUnion,815,3,17
17850,10027,17850,2021-03-25,TransUnion,603,1,
17851,10796,17851,2023-10-16,TransUnion,625,5,46
17852,9572,17852,2023-02-03,Experian,714,0,56
17853,11751,17853,2024-03-19,Equifax,840,4,
17854,784,17854,2022-03-18,TransUnion,695,2,58
17855,3515,17855,2024-05-21,Equifax,836,0,8
17856,3097,17856,2022-11-26,Experian,686,4,
17857,12547,17857,2021-07-20,Experian,728,3,
17858,6919,17858,2023-08-18,TransUnion,687,5,28
17859,2780,17859,2022-06-13,Experian,681,4,
17860,3628,17860,2022-03-07,Equifax,599,2,
17861,9731,17861,2021-02-26,Experian,738,0,
17862,10857,17862,2021-12-12,Equifax,674,0,
17863,149,17863,2022-01-21,TransUnion,734,1,40
17864,5998,17864,2023-08-04,Equifax,731,3,
17865,7659,17865,2022-07-01,Experian,845,5,
17866,99,17866,2020-06-25,TransUnion,681,0,36
17867,7015,17867,2020-08-10,Experian,732,5,42
17868,12389,17868,2020-06-22,Experian,723,4,51
17869,10186,17869,2023-06-26,Equifax,747,2,
17870,5810,17870,2020-10-08,Equifax,765,5,70
17871,12055,17871,2020-02-03,Experian,720,2,
17872,10421,17872,2023-03-01,Experian,701,1,
17873,11161,17873,2021-04-24,TransUnion,745,3,
17874,12690,17874,2021-04-10,TransUnion,587,4,10
17875,81,17875,2021-06-24,Experian,718,4,3
17876,11337,17876,2021-12-11,Experian,732,2,14
17877,1375,17877,2021-10-18,Equifax,707,3,66
17878,112,17878,2024-04-10,Experian,642,2,
17879,1659,17879,2022-05-19,Equifax,679,2,
17880,6655,17880,2022-07-19,Experian,703,1,
17881,1794,17881,2023-08-31,Experian,765,3,63
17882,8010,17882,2021-12-09,Experian,587,2,
17883,7187,17883,2023-12-13,TransUnion,596,3,
17884,8714,17884,2020-02-16,Experian,656,2,
17885,5062,17885,2022-04-25,Experian,743,0,
17886,6323,17886,2023-11-08,TransUnion,686,2,
17887,6773,17887,2023-09-05,Experian,811,0,
17888,11511,17888,2022-10-09,Experian,602,0,
17889,14315,17889,2022-09-27,TransUnion,733,2,38
17890,8804,17890,2020-12-29,TransUnion,743,3,59
17891,14760,17891,2022-08-10,Equifax,769,1,
17892,4206,17892,2022-10-15,TransUnion,657,0,
17893,10845,17893,2021-01-10,Experian,605,0,
17894,14517,17894,2022-04-14,Experian,691,5,
17895,12872,17895,2021-09-29,Experian,795,1,
17896,2523,17896,2020-12-02,Equifax,676,0,
17897,9979,17897,2022-09-14,Equifax,618,0,26
17898,11487,17898,2024-03-03,Equifax,704,5,
17899,12423,17899,2022-04-24,TransUnion,635,0,
17900,455,17900,2022-10-23,TransUnion,694,3,
17901,2688,17901,2020-07-06,Experian,676,0,45
17902,3802,17902,2021-04-03,TransUnion,817,5,
17903,1337,17903,2022-07-05,Equifax,699,5,
17904,13933,17904,2020-03-09,Equifax,659,2,
17905,9070,17905,2021-11-10,TransUnion,741,5,
17906,4824,17906,2022-12-20,TransUnion,724,0,
17907,12987,17907,2020-09-30,Equifax,726,5,
17908,6685,17908,2020-12-26,Experian,724,1,43
17909,6711,17909,2023-10-05,TransUnion,733,4,21
17910,11984,17910,2020-06-16,Equifax,753,3,42
17911,4157,17911,2021-05-18,Equifax,702,4,
17912,13635,17912,2023-01-03,TransUnion,636,1,
17913,219,17913,2024-04-08,TransUnion,730,3,
17914,9657,17914,2023-01-01,TransUnion,706,1,33
17915,2719,17915,2023-05-13,TransUnion,730,5,
17916,7950,17916,2023-05-18,TransUnion,761,4,
17917,5632,17917,2020-01-12,TransUnion,725,5,
17918,1057,17918,2023-05-02,Equifax,681,2,
17919,9895,17919,2023-12-13,Equifax,720,0,
17920,1724,17920,2022-04-12,Experian,657,0,
17921,7867,17921,2022-01-03,TransUnion,735,0,
17922,7637,17922,2021-04-21,Equifax,830,2,28
17923,3703,17923,2024-03-20,Equifax,718,3,
17924,12424,17924,2021-01-21,Experian,754,2,
17925,11757,17925,2022-06-20,TransUnion,683,0,
17926,3261,17926,2022-03-14,TransUnion,612,5,
17927,3398,17927,2024-01-19,Equifax,645,4,
17928,2087,17928,2021-07-07,TransUnion,737,0,16
17929,5660,17929,2022-08-17,TransUnion,738,1,
17930,4409,17930,2023-09-20,Experian,617,2,
17931,10176,17931,2024-02-25,TransUnion,821,4,40
17932,2495,17932,2022-09-17,Equifax,730,3,8
17933,1685,17933,2022-10-13,Equifax,770,5,
17934,10244,17934,2023-12-09,Experian,727,0,46
17935,9069,17935,2023-12-09,Equifax,750,3,
17936,13160,17936,2022-11-10,TransUnion,651,1,
17937,10707,17937,2021-02-23,Equifax,704,2,27
17938,6238,17938,2024-05-27,Experian,714,2,37
17939,6895,17939,2021-10-13,Experian,793,1,
17940,10449,17940,2021-08-14,Equifax,735,3,
17941,10274,17941,2020-12-15,Experian,721,0,
17942,4898,17942,2023-11-10,Equifax,718,0,21
17943,1264,17943,2023-08-01,TransUnion,657,2,
17944,2672,17944,2024-04-07,TransUnion,801,2,
17945,3992,17945,2020-04-08,Equifax,793,0,61
17946,7902,17946,2020-10-20,TransUnion,719,2,
17947,8882,17947,2024-03-20,Equifax,710,0,
17948,13826,17948,2021-09-29,TransUnion,609,2,
17949,3697,17949,2022-07-18,Experian,693,5,
17950,7125,17950,2022-07-17,TransUnion,726,3,
17951,640,17951,2020-03-19,Experian,582,3,36
17952,9653,17952,2021-01-23,TransUnion,665,4,20
17953,9731,17953,2021-05-18,TransUnion,738,3,9
17954,1526,17954,2023-02-14,Experian,701,3,
17955,12025,17955,2023-01-29,TransUnion,770,3,
17956,13065,17956,2023-11-20,Equifax,700,0,47
17957,9127,17957,2020-02-05,Equifax,791,1,20
17958,5245,17958,2023-11-29,TransUnion,698,4,56
17959,11472,17959,2021-02-22,Experian,695,3,
17960,9793,17960,2023-10-31,Experian,634,3,34
17961,1179,17961,2024-01-19,Experian,699,5,
17962,1857,17962,2023-05-08,TransUnion,809,5,
17963,1239,17963,2020-12-11,TransUnion,605,1,
17964,10701,17964,2020-10-16,Equifax,677,0,27
17965,5197,17965,2023-04-19,Experian,705,5,
17966,6749,17966,2022-03-20,Equifax,848,5,23
17967,1797,17967,2020-09-28,Experian,668,5,
17968,13662,17968,2021-03-09,Experian,730,4,
17969,9836,17969,2022-01-24,TransUnion,802,4,68
17970,6522,17970,2021-06-06,TransUnion,745,0,
17971,9770,17971,2022-12-17,TransUnion,701,5,
17972,11952,17972,2023-10-10,Equifax,667,5,
17973,12408,17973,2022-11-14,Equifax,646,4,
17974,12172,17974,2022-09-19,Equifax,734,4,
17975,7069,17975,2021-02-09,TransUnion,641,5,
17976,9402,17976,2020-07-03,Equifax,793,3,
17977,14548,17977,2023-02-20,Equifax,702,4,
17978,760,17978,2021-12-27,Equifax,591,0,25
17979,13358,17979,2022-06-22,Equifax,741,4,
17980,7348,17980,2024-04-27,Equifax,670,2,19
17981,5147,17981,2022-08-18,Equifax,690,5,
17982,5293,17982,2023-03-23,TransUnion,617,2,51
17983,7201,17983,2020-05-07,Experian,771,0,39
17984,2640,17984,2024-05-26,Experian,666,1,
17985,9882,17985,2021-10-10,TransUnion,683,2,14
17986,7784,17986,2022-04-20,Experian,683,0,19
17987,5977,17987,2020-07-12,Experian,834,2,
17988,9800,17988,2022-07-27,TransUnion,704,5,
17989,8677,17989,2022-06-12,Experian,703,5,
17990,11368,17990,2021-02-06,Experian,698,5,
17991,541,17991,2023-03-14,Equifax,587,0,
17992,11173,17992,2021-08-04,Equifax,632,0,
17993,4876,17993,2023-09-30,TransUnion,688,3,
17994,13601,17994,2020-10-10,Equifax,704,0,24
17995,3200,17995,2023-01-08,Equifax,799,5,65
17996,13229,17996,2023-09-12,TransUnion,762,4,
17997,11606,17997,2020-10-16,Experian,660,1,48
17998,6615,17998,2024-02-29,Experian,590,0,
17999,2301,17999,2021-05-25,Experian,731,3,
18000,14004,18000,2022-08-08,Equifax,826,2,35
18001,11129,18001,2022-12-18,Experian,718,2,20
18002,14223,18002,2020-03-29,Experian,810,5,48
18003,6212,18003,2022-06-20,Experian,670,5,
18004,385,18004,2024-04-09,TransUnion,676,2,12
18005,8539,18005,2020-07-16,TransUnion,830,4,32
18006,8741,18006,2022-11-24,TransUnion,587,1,
18007,11296,18007,2021-09-27,Experian,626,2,
18008,8882,18008,2021-02-22,TransUnion,710,4,
18009,2703,18009,2022-11-29,Equifax,711,5,
18010,14702,18010,2022-10-25,Equifax,684,3,
18011,2911,18011,2022-12-07,Experian,592,3,
18012,2652,18012,2021-12-02,Experian,697,2,
18013,4109,18013,2023-03-19,TransUnion,599,2,
18014,14599,18014,2021-12-02,Equifax,600,3,21
18015,13422,18015,2021-01-24,Experian,706,4,16
18016,5980,18016,2021-02-27,TransUnion,691,2,
18017,5496,18017,2021-12-17,Experian,693,5,26
18018,11316,18018,2023-07-15,TransUnion,757,5,
18019,5150,18019,2022-05-23,Experian,730,5,
18020,10439,18020,2021-10-14,TransUnion,799,2,56
18021,3669,18021,2022-12-21,Experian,698,1,
18022,12055,18022,2023-06-21,Experian,720,3,
18023,5522,18023,2023-04-10,TransUnion,720,1,43
18024,13377,18024,2023-07-09,Equifax,714,5,64
18025,7376,18025,2021-06-11,Experian,710,3,
18026,11007,18026,2022-01-03,TransUnion,726,3,67
18027,12261,18027,2023-07-22,Equifax,731,1,20
18028,287,18028,2022-11-21,Experian,581,4,
18029,3704,18029,2021-06-29,TransUnion,599,4,22
18030,10149,18030,2020-08-20,Equifax,829,1,53
18031,13029,18031,2023-02-24,Equifax,717,5,
18032,12261,18032,2022-03-23,Equifax,731,5,
18033,10527,18033,2022-05-12,Experian,661,5,7
18034,11121,18034,2023-05-18,Experian,745,2,
18035,10336,18035,2021-10-25,Equifax,844,5,
18036,11284,18036,2023-01-20,TransUnion,755,1,
18037,9375,18037,2023-10-18,Equifax,724,0,34
18038,699,18038,2021-03-11,Experian,804,1,67
18039,7041,18039,2023-10-21,Experian,697,5,
18040,1715,18040,2022-04-16,Experian,676,4,
18041,1966,18041,2023-06-24,Experian,607,3,
18042,519,18042,2021-05-28,Experian,658,2,
18043,2053,18043,2023-11-04,Experian,842,0,
18044,4102,18044,2020-04-15,Equifax,742,2,45
18045,7558,18045,2023-10-21,Experian,711,5,
18046,8758,18046,2022-02-28,TransUnion,731,3,39
18047,6887,18047,2023-07-31,TransUnion,658,0,28
18048,9869,18048,2020-10-26,Experian,661,1,64
18049,12892,18049,2020-12-12,Equifax,769,1,
18050,5617,18050,2022-02-05,Equifax,762,0,18
18051,1964,18051,2022-02-23,Experian,714,1,17
18052,13053,18052,2021-05-16,Experian,789,0,
18053,13621,18053,2020-10-29,Equifax,767,4,70
18054,5360,18054,2021-02-08,Equifax,791,3,
18055,7167,18055,2022-11-25,TransUnion,678,3,
18056,11917,18056,2023-03-22,TransUnion,662,5,
18057,13964,18057,2021-02-02,TransUnion,825,5,68
18058,13687,18058,2022-10-04,TransUnion,678,1,46
18059,6724,18059,2020-03-14,TransUnion,667,1,
18060,7431,18060,2020-02-21,Experian,706,0,16
18061,5330,18061,2020-04-06,Experian,700,1,
18062,11254,18062,2021-02-20,Experian,674,3,
18063,2022,18063,2022-03-20,Experian,735,1,70
18064,3062,18064,2024-02-19,Experian,835,0,
18065,11921,18065,2021-03-05,Equifax,726,4,
18066,6299,18066,2020-09-22,Experian,593,2,58
18067,600,18067,2022-02-11,TransUnion,646,1,45
18068,1556,18068,2021-12-05,TransUnion,682,4,29
18069,13181,18069,2021-09-29,Experian,806,3,
18070,14997,18070,2020-11-02,Experian,707,4,
18071,4340,18071,2022-03-07,Experian,772,1,
18072,14797,18072,2021-02-25,Equifax,624,0,
18073,8691,18073,2023-06-15,Equifax,646,3,11
18074,943,18074,2020-02-16,Equifax,746,5,
18075,5039,18075,2022-07-29,Experian,697,0,
18076,8513,18076,2023-03-13,Equifax,670,5,
18077,9060,18077,2022-10-11,Experian,733,4,47
18078,4920,18078,2020-08-20,Experian,836,2,5
18079,12896,18079,2020-04-17,Experian,635,0,55
18080,2345,18080,2023-08-30,Equifax,703,4,62
18081,13045,18081,2020-04-07,Equifax,706,0,45
18082,4668,18082,2021-03-19,Equifax,713,4,
18083,8259,18083,2022-07-06,TransUnion,634,4,23
18084,5230,18084,2023-03-10,TransUnion,738,0,
18085,14913,18085,2021-04-03,Equifax,721,0,
18086,13476,18086,2023-03-15,Experian,694,4,62
18087,3210,18087,2023-04-04,Experian,743,2,6
18088,14144,18088,2023-02-13,TransUnion,758,2,
18089,12833,18089,2020-09-06,Experian,624,1,
18090,1484,18090,2022-08-11,Experian,692,0,9
18091,400,18091,2021-03-26,Experian,710,4,51
18092,880,18092,2023-08-15,TransUnion,829,0,
18093,3587,18093,2022-09-19,Equifax,735,1,
18094,8067,18094,2022-08-25,Equifax,704,2,32
18095,12682,18095,2020-08-28,TransUnion,667,4,
18096,2645,18096,2021-12-09,TransUnion,836,3,
18097,13346,18097,2022-07-22,Equifax,665,4,
18098,8839,18098,2021-12-30,TransUnion,797,0,
18099,2935,18099,2021-06-02,Equifax,721,2,
18100,12259,18100,2020-10-21,TransUnion,748,2,
18101,1529,18101,2021-10-26,Experian,819,3,58
18102,7529,18102,2024-05-30,Equifax,737,4,
18103,6001,18103,2023-03-16,TransUnion,741,2,65
18104,8787,18104,2024-01-01,Equifax,600,3,4
18105,6336,18105,2022-01-30,Equifax,816,4,63
18106,7245,18106,2024-03-13,Experian,812,3,
18107,7775,18107,2023-11-19,Experian,688,1,
18108,14464,18108,2021-11-29,Experian,624,0,
18109,82,18109,2023-01-30,TransUnion,742,2,
18110,4623,18110,2020-03-07,Experian,651,5,69
18111,5524,18111,2022-05-02,TransUnion,642,2,
18112,11495,18112,2020-01-29,Equifax,695,2,
18113,5216,18113,2022-05-29,TransUnion,709,1,
18114,14168,18114,2021-05-11,Equifax,837,3,
18115,5641,18115,2022-11-02,Experian,732,0,
18116,9404,18116,2024-01-18,TransUnion,611,5,24
18117,4447,18117,2020-08-07,Experian,661,2,
18118,3360,18118,2024-01-24,Experian,687,4,
18119,11168,18119,2024-01-02,Equifax,786,1,
18120,12162,18120,2020-11-14,Experian,770,1,33
18121,3637,18121,2020-06-28,Experian,701,4,
18122,7024,18122,2022-03-27,TransUnion,689,5,
18123,4814,18123,2021-12-02,Equifax,745,2,
18124,8097,18124,2023-08-09,TransUnion,663,1,30
18125,12754,18125,2023-06-29,Experian,651,2,57
18126,11802,18126,2021-04-23,Equifax,657,1,
18127,13132,18127,2024-02-29,TransUnion,783,4,
18128,1322,18128,2023-01-13,Experian,727,4,10
18129,7646,18129,2020-01-16,Equifax,704,0,
18130,6600,18130,2024-01-23,Experian,766,5,
18131,9741,18131,2023-08-04,Equifax,621,1,
18132,2784,18132,2022-10-25,Equifax,637,1,67
18133,5665,18133,2020-11-04,TransUnion,809,0,
18134,1394,18134,2023-02-07,TransUnion,785,2,56
18135,1101,18135,2020-05-17,TransUnion,590,0,
18136,8060,18136,2022-08-28,TransUnion,678,1,
18137,11298,18137,2023-09-10,Experian,745,4,
18138,14426,18138,2021-12-10,Equifax,680,4,20
18139,1569,18139,2020-11-17,Experian,729,0,
18140,4703,18140,2021-11-13,Experian,707,3,15
18141,4905,18141,2021-01-18,Experian,686,3,
18142,13045,18142,2020-03-30,TransUnion,706,0,63
18143,9553,18143,2022-02-16,TransUnion,593,0,10
18144,2033,18144,2021-05-24,Equifax,736,2,26
18145,2923,18145,2020-01-15,TransUnion,746,5,45
18146,11596,18146,2023-06-06,TransUnion,711,2,10
18147,2573,18147,2024-03-11,Experian,763,5,
18148,3240,18148,2022-07-09,Equifax,765,4,5
18149,7788,18149,2023-10-18,TransUnion,794,0,24
18150,13487,18150,2024-01-28,Experian,690,1,
18151,6172,18151,2023-10-30,TransUnion,781,0,
18152,9048,18152,2021-09-08,Experian,743,4,
18153,10110,18153,2021-01-08,Experian,666,5,43
18154,10112,18154,2020-02-14,Equifax,695,5,22
18155,6389,18155,2021-05-18,Equifax,688,1,
18156,662,18156,2021-07-25,Equifax,691,3,44
18157,3465,18157,2023-12-20,Equifax,617,2,
18158,985,18158,2020-01-20,Equifax,724,2,
18159,12005,18159,2023-04-27,Equifax,724,0,
18160,12032,18160,2023-03-01,Experian,620,5,56
18161,12965,18161,2022-10-30,Equifax,724,4,
18162,8027,18162,2024-04-26,Experian,672,5,
18163,2016,18163,2022-03-22,TransUnion,581,1,
18164,7319,18164,2024-03-05,Experian,751,0,59
18165,3402,18165,2021-01-01,Equifax,649,2,
18166,4814,18166,2022-09-02,Experian,745,2,30
18167,481,18167,2021-01-22,TransUnion,825,3,
18168,8271,18168,2023-06-24,Equifax,841,5,
18169,12009,18169,2020-12-01,Experian,800,3,
18170,7082,18170,2021-09-06,Experian,695,5,
18171,10317,18171,2023-04-06,TransUnion,792,0,
18172,6635,18172,2021-04-25,Equifax,754,2,
18173,10802,18173,2020-03-03,Equifax,695,4,
18174,6308,18174,2022-04-19,TransUnion,706,2,63
18175,7736,18175,2024-04-11,TransUnion,824,5,22
18176,11721,18176,2022-06-03,Experian,804,2,
18177,6862,18177,2021-09-23,Experian,692,4,
18178,9608,18178,2023-09-24,Experian,703,2,
18179,4822,18179,2024-05-22,TransUnion,767,2,48
18180,8873,18180,2024-04-25,TransUnion,673,5,
18181,9272,18181,2024-03-24,Experian,714,2,
18182,9609,18182,2020-05-13,Equifax,582,3,45
18183,3722,18183,2022-03-17,TransUnion,593,0,
18184,3374,18184,2022-02-18,TransUnion,709,5,
18185,6364,18185,2020-09-12,Experian,773,4,
18186,5801,18186,2022-12-21,TransUnion,686,3,12
18187,14777,18187,2023-10-03,Experian,715,5,
18188,10450,18188,2021-04-18,Experian,638,3,12
18189,3967,18189,2022-10-24,TransUnion,705,0,64
18190,2257,18190,2020-02-22,Equifax,679,3,
18191,13771,18191,2024-01-02,Equifax,732,1,
18192,12315,18192,2023-08-30,Experian,847,3,65
18193,4278,18193,2023-09-15,TransUnion,606,1,
18194,13579,18194,2022-10-09,Equifax,630,3,
18195,9431,18195,2020-06-11,TransUnion,679,4,
18196,2390,18196,2021-03-06,Equifax,723,4,45
18197,14197,18197,2021-03-04,TransUnion,780,2,
18198,6986,18198,2023-05-21,Experian,642,0,
18199,6239,18199,2024-02-02,TransUnion,826,5,34
18200,1564,18200,2021-02-11,TransUnion,665,2,
18201,14081,18201,2021-10-09,Equifax,778,5,8
18202,5115,18202,2023-08-18,TransUnion,581,1,26
18203,4067,18203,2021-06-13,Equifax,703,2,44
18204,4664,18204,2022-07-27,Equifax,642,5,
18205,6121,18205,2021-11-23,TransUnion,696,4,48
18206,2098,18206,2020-01-23,TransUnion,646,5,44
18207,12206,18207,2023-10-18,TransUnion,780,3,
18208,6110,18208,2022-12-13,TransUnion,701,0,45
18209,2293,18209,2024-04-08,Equifax,706,0,
18210,1886,18210,2021-09-01,Equifax,795,3,12
18211,9969,18211,2021-04-27,Equifax,605,2,
18212,6945,18212,2021-06-16,Equifax,657,5,
18213,1541,18213,2021-07-20,Equifax,685,4,61
18214,1727,18214,2023-01-29,Experian,736,1,
18215,14202,18215,2023-03-22,Equifax,785,2,
18216,2002,18216,2021-08-07,TransUnion,838,2,
18217,6483,18217,2020-04-28,Experian,628,3,
18218,10738,18218,2023-06-26,Experian,819,4,
18219,12375,18219,2020-01-03,TransUnion,730,3,29
18220,5954,18220,2024-01-24,Equifax,748,4,25
18221,6371,18221,2021-02-18,Experian,693,0,
18222,4246,18222,2023-10-03,Equifax,586,1,46
18223,2624,18223,2024-03-17,TransUnion,608,1,
18224,8680,18224,2022-12-01,Equifax,679,3,71
18225,4116,18225,2021-08-05,Experian,639,0,
18226,7200,18226,2020-06-24,Equifax,697,3,32
18227,4277,18227,2021-07-09,Equifax,611,5,26
18228,2958,18228,2021-12-26,TransUnion,762,0,
18229,1927,18229,2024-04-14,Equifax,730,4,52
18230,10481,18230,2024-01-06,TransUnion,624,0,64
18231,2943,18231,2023-06-05,Equifax,808,3,45
18232,7561,18232,2022-08-04,TransUnion,669,3,20
18233,7334,18233,2022-10-23,Equifax,690,1,
18234,1940,18234,2021-04-01,Experian,626,2,44
18235,11947,18235,2021-04-24,Equifax,611,4,11
18236,847,18236,2023-06-22,TransUnion,785,0,
18237,4743,18237,2021-10-13,Equifax,593,1,3
18238,1533,18238,2020-08-27,Equifax,722,3,
18239,4393,18239,2023-02-18,Equifax,749,3,
18240,4709,18240,2022-02-12,Experian,743,2,
18241,3399,18241,2022-04-07,Experian,588,3,31
18242,10387,18242,2023-06-01,Equifax,675,2,
18243,7501,18243,2020-06-24,Equifax,584,1,57
18244,4930,18244,2023-03-17,Experian,720,4,
18245,10399,18245,2020-01-17,Experian,586,0,
18246,2093,18246,2022-01-30,TransUnion,719,3,
18247,2333,18247,2022-03-22,TransUnion,725,4,
18248,4039,18248,2022-11-28,Equifax,672,1,55
18249,14255,18249,2022-12-19,TransUnion,694,2,30
18250,5255,18250,2022-06-17,Experian,722,0,
18251,1500,18251,2021-03-04,TransUnion,706,4,
18252,14126,18252,2022-08-14,Equifax,620,5,69
18253,1021,18253,2020-05-17,TransUnion,725,2,
18254,13297,18254,2023-04-25,TransUnion,679,5,
18255,7307,18255,2023-04-30,Experian,737,4,51
18256,11978,18256,2024-03-16,Experian,727,1,
18257,2642,18257,2020-11-27,TransUnion,667,2,
18258,2154,18258,2022-05-30,TransUnion,761,4,6
18259,418,18259,2022-07-30,Equifax,646,1,42
18260,96,18260,2023-05-09,Equifax,767,3,13
18261,9797,18261,2021-04-12,TransUnion,679,5,
18262,10532,18262,2022-11-23,Experian,718,1,
18263,124,18263,2022-07-16,Equifax,665,5,
18264,7874,18264,2021-03-25,TransUnion,695,0,
18265,11063,18265,2021-07-16,TransUnion,740,0,37
18266,847,18266,2022-12-26,TransUnion,785,1,51
18267,9409,18267,2022-11-19,Experian,651,3,49
18268,10958,18268,2022-10-17,Experian,686,0,15
18269,1441,18269,2022-09-27,Equifax,823,0,
18270,7358,18270,2023-09-14,Experian,761,2,
18271,5988,18271,2022-11-26,TransUnion,662,2,66
18272,7237,18272,2024-01-22,TransUnion,703,0,
18273,10137,18273,2023-12-31,Equifax,658,0,
18274,4649,18274,2023-03-10,TransUnion,732,5,14
18275,5064,18275,2023-07-06,Equifax,733,5,17
18276,11778,18276,2020-06-11,Experian,703,5,11
18277,3848,18277,2021-06-22,TransUnion,740,5,52
18278,9299,18278,2020-03-09,TransUnion,655,4,28
18279,11331,18279,2020-07-21,Experian,692,4,48
18280,4662,18280,2020-08-06,Equifax,581,5,
18281,9669,18281,2022-05-10,TransUnion,723,5,25
18282,11581,18282,2020-05-27,Experian,717,4,
18283,3694,18283,2022-02-04,Experian,621,2,70
18284,14804,18284,2024-05-17,Equifax,690,1,
18285,3578,18285,2020-02-08,Experian,659,2,36
18286,6445,18286,2023-09-18,TransUnion,763,0,
18287,10019,18287,2021-12-27,TransUnion,760,1,
18288,10270,18288,2021-08-19,Equifax,733,0,
18289,5337,18289,2021-05-12,TransUnion,664,0,29
18290,14965,18290,2022-05-19,Experian,617,4,
18291,13691,18291,2022-03-31,Equifax,698,4,
18292,6099,18292,2020-10-04,Experian,723,0,
18293,7474,18293,2023-04-09,Experian,700,4,64
18294,8064,18294,2024-02-14,Equifax,660,1,
18295,7846,18295,2020-08-09,TransUnion,583,0,
18296,5128,18296,2022-02-05,TransUnion,701,3,30
18297,10996,18297,2021-03-26,TransUnion,589,1,
18298,123,18298,2022-09-21,TransUnion,663,0,8
18299,9209,18299,2020-08-30,Experian,728,1,35
18300,657,18300,2020-07-18,TransUnion,702,1,35
18301,4082,18301,2024-01-10,Experian,681,2,
18302,11893,18302,2022-02-22,Experian,718,5,
18303,7241,18303,2023-06-14,Experian,654,0,
18304,7769,18304,2024-05-25,Equifax,740,1,27
18305,10839,18305,2020-02-22,Equifax,808,1,24
18306,1096,18306,2024-05-14,TransUnion,756,1,57
18307,816,18307,2022-01-13,Experian,741,3,
18308,8521,18308,2024-03-20,Experian,797,0,
18309,6095,18309,2020-09-23,Equifax,679,2,
18310,9673,18310,2023-03-10,TransUnion,704,0,59
18311,5047,18311,2021-10-05,Equifax,801,3,
18312,786,18312,2021-01-22,TransUnion,700,2,
18313,8556,18313,2023-04-19,TransUnion,769,0,44
18314,6372,18314,2020-11-21,TransUnion,770,3,
18315,4861,18315,2020-06-19,TransUnion,634,2,
18316,7124,18316,2023-09-20,Equifax,682,1,5
18317,13171,18317,2023-05-28,TransUnion,777,1,
18318,11150,18318,2023-02-12,Equifax,824,3,
18319,488,18319,2023-02-11,Equifax,720,0,
18320,13031,18320,2021-09-10,Equifax,709,3,50
18321,10803,18321,2023-08-18,Experian,831,4,35
18322,4920,18322,2020-09-07,Experian,836,3,
18323,6525,18323,2022-05-18,Equifax,785,4,
18324,11367,18324,2021-01-31,TransUnion,581,0,15
18325,43,18325,2022-05-12,Experian,697,3,27
18326,3859,18326,2023-01-12,Equifax,836,1,
18327,9822,18327,2023-12-08,Experian,720,2,
18328,6691,18328,2021-05-31,Experian,728,4,
18329,4317,18329,2021-10-25,Equifax,701,1,
18330,6854,18330,2023-12-14,Experian,673,0,
18331,1489,18331,2020-01-09,Experian,597,4,
18332,13520,18332,2020-03-05,Equifax,729,4,
18333,11061,18333,2021-01-14,TransUnion,702,1,
18334,4807,18334,2021-12-28,Experian,700,2,23
18335,346,18335,2021-06-07,Equifax,722,4,15
18336,5261,18336,2020-09-02,Experian,819,5,
18337,9883,18337,2020-10-29,Experian,781,3,
18338,6536,18338,2023-07-10,Experian,789,5,
18339,12020,18339,2022-03-12,TransUnion,710,1,
18340,9881,18340,2021-12-21,Equifax,740,3,12
18341,2329,18341,2021-01-01,Experian,778,1,40
18342,70,18342,2021-10-10,Equifax,605,0,48
18343,11563,18343,2022-02-10,TransUnion,775,4,16
18344,11767,18344,2024-01-08,TransUnion,591,3,
18345,953,18345,2020-03-28,Experian,747,1,63
18346,2224,18346,2024-01-31,TransUnion,680,0,
18347,13108,18347,2020-09-08,Equifax,653,0,59
18348,13633,18348,2022-07-05,TransUnion,783,1,
18349,12890,18349,2021-04-16,Equifax,828,2,
18350,8964,18350,2023-06-12,TransUnion,586,1,
18351,4214,18351,2021-06-23,Equifax,828,0,
18352,9393,18352,2024-01-30,Equifax,600,2,67
18353,6269,18353,2021-10-27,TransUnion,785,3,
18354,8452,18354,2022-04-17,TransUnion,623,3,71
18355,5936,18355,2024-02-09,Experian,644,5,
18356,812,18356,2023-05-31,Experian,682,3,
18357,6062,18357,2023-02-08,Equifax,830,0,
18358,13388,18358,2021-08-23,Equifax,695,4,16
18359,2799,18359,2023-04-03,Equifax,589,5,
18360,3131,18360,2022-11-05,Equifax,590,4,
18361,5064,18361,2023-04-23,TransUnion,733,4,17
18362,13805,18362,2022-11-03,Equifax,702,1,
18363,6658,18363,2022-05-24,Experian,604,4,
18364,10830,18364,2020-01-07,TransUnion,633,3,
18365,1140,18365,2023-07-24,Equifax,761,5,
18366,5953,18366,2021-11-16,TransUnion,736,3,62
18367,8773,18367,2023-11-17,Equifax,646,5,
18368,3317,18368,2022-11-12,Experian,665,0,
18369,13555,18369,2022-02-24,TransUnion,817,1,
18370,12942,18370,2023-01-04,Equifax,706,0,33
18371,12400,18371,2021-12-20,Experian,664,5,
18372,8650,18372,2023-05-31,TransUnion,712,5,20
18373,6429,18373,2022-07-25,Equifax,816,1,
18374,5636,18374,2021-08-24,Experian,716,0,
18375,10599,18375,2020-07-12,Equifax,625,2,31
18376,4140,18376,2022-04-16,Experian,605,3,22
18377,495,18377,2020-04-19,TransUnion,742,4,46
18378,896,18378,2023-02-20,Equifax,824,5,
18379,9000,18379,2023-07-15,TransUnion,594,2,
18380,8637,18380,2023-06-09,Equifax,749,0,69
18381,7488,18381,2024-02-17,TransUnion,656,0,
18382,3700,18382,2020-10-07,Equifax,723,0,18
18383,13432,18383,2020-07-14,Experian,630,5,
18384,5740,18384,2022-04-23,TransUnion,747,2,
18385,4126,18385,2020-11-24,Experian,600,3,
18386,1739,18386,2022-12-24,Equifax,707,5,
18387,5744,18387,2021-11-12,TransUnion,723,1,69
18388,13997,18388,2020-11-27,Experian,647,4,5
18389,14100,18389,2023-03-30,Equifax,739,0,
18390,4954,18390,2022-05-07,Equifax,843,5,
18391,8215,18391,2020-05-25,Experian,717,3,
18392,8247,18392,2020-03-21,Equifax,653,1,
18393,6879,18393,2023-03-22,TransUnion,769,4,58
18394,14863,18394,2021-07-18,Experian,589,2,
18395,10289,18395,2021-05-27,Equifax,803,4,21
18396,8850,18396,2023-02-20,Equifax,828,0,
18397,13741,18397,2020-03-03,Equifax,799,1,
18398,6633,18398,2023-01-25,Equifax,726,0,24
18399,263,18399,2022-06-16,Experian,673,3,
18400,6335,18400,2022-03-23,Equifax,732,5,
18401,8398,18401,2023-08-14,Equifax,710,4,16
18402,14232,18402,2020-04-05,Experian,592,0,70
18403,2346,18403,2022-01-02,TransUnion,832,3,6
18404,6073,18404,2020-08-24,Equifax,738,2,
18405,8898,18405,2021-07-14,TransUnion,724,2,
18406,12822,18406,2020-03-17,Equifax,632,4,
18407,11731,18407,2021-01-17,Equifax,743,3,
18408,12693,18408,2022-12-05,TransUnion,730,1,37
18409,9626,18409,2024-01-26,Experian,715,5,
18410,2647,18410,2021-04-20,Equifax,715,2,
18411,4874,18411,2023-01-01,Experian,662,2,
18412,9898,18412,2021-01-11,Experian,787,1,
18413,1502,18413,2023-04-07,TransUnion,828,2,
18414,7665,18414,2022-07-06,Experian,823,0,
18415,4383,18415,2023-12-12,TransUnion,821,1,
18416,12087,18416,2020-01-12,Equifax,740,0,68
18417,13596,18417,2021-09-25,Experian,722,0,
18418,1501,18418,2021-02-01,TransUnion,705,2,
18419,7289,18419,2021-10-30,TransUnion,608,2,26
18420,8206,18420,2021-09-26,Equifax,833,5,
18421,8616,18421,2021-01-27,Equifax,767,1,47
18422,6015,18422,2020-01-21,Experian,692,5,
18423,7132,18423,2024-03-10,Experian,731,1,50
18424,1995,18424,2022-05-20,Experian,674,3,
18425,549,18425,2022-03-04,Experian,795,0,
18426,5325,18426,2024-03-04,TransUnion,701,3,
18427,12501,18427,2023-10-05,Equifax,836,1,
18428,5368,18428,2022-04-30,Experian,826,2,
18429,5740,18429,2022-11-08,Experian,747,2,
18430,9681,18430,2023-04-16,TransUnion,660,0,
18431,899,18431,2021-11-27,TransUnion,655,4,
18432,9671,18432,2020-01-20,Experian,749,3,58
18433,11804,18433,2023-08-02,Equifax,600,3,
18434,2013,18434,2021-02-05,Experian,664,2,4
18435,11476,18435,2023-05-31,Equifax,708,1,
18436,12787,18436,2021-01-21,Equifax,684,1,
18437,14018,18437,2021-04-09,TransUnion,669,0,4
18438,3242,18438,2021-12-26,Equifax,729,5,70
18439,6420,18439,2021-06-06,Experian,583,4,
18440,9513,18440,2023-09-14,TransUnion,706,2,
18441,8577,18441,2020-01-06,Experian,723,4,
18442,4890,18442,2024-01-27,Equifax,667,5,
18443,529,18443,2022-04-04,Experian,817,4,
18444,10810,18444,2020-12-07,TransUnion,669,2,
18445,13406,18445,2021-10-14,TransUnion,703,3,
18446,12634,18446,2022-10-12,TransUnion,642,1,66
18447,12966,18447,2022-12-08,Equifax,722,2,
18448,12082,18448,2020-11-28,Equifax,699,0,
18449,13038,18449,2023-06-03,Equifax,736,2,29
18450,12763,18450,2022-10-18,Experian,694,4,
18451,5088,18451,2023-01-27,Experian,619,0,
18452,539,18452,2021-06-28,Equifax,662,1,59
18453,2753,18453,2023-06-03,TransUnion,698,0,22
18454,1131,18454,2023-05-09,Equifax,588,3,
18455,6611,18455,2021-03-22,Experian,831,5,5
18456,13703,18456,2023-02-11,Experian,749,0,8
18457,10729,18457,2023-07-26,TransUnion,747,1,
18458,5161,18458,2021-10-16,Experian,618,4,46
18459,664,18459,2020-04-08,Equifax,772,0,
18460,8618,18460,2024-03-28,TransUnion,686,5,
18461,10143,18461,2021-09-09,TransUnion,683,1,
18462,2913,18462,2022-11-04,TransUnion,626,0,55
18463,14662,18463,2020-04-17,Equifax,706,5,
18464,3027,18464,2021-11-28,Experian,603,3,
18465,10800,18465,2021-12-07,Experian,735,1,
18466,4912,18466,2022-12-04,Equifax,778,0,
18467,4173,18467,2023-01-02,TransUnion,602,2,
18468,3374,18468,2020-05-11,TransUnion,709,0,
18469,2217,18469,2023-03-15,Experian,586,2,26
18470,2905,18470,2021-10-09,TransUnion,599,3,
18471,6047,18471,2023-04-26,Experian,739,2,
18472,7701,18472,2020-05-06,Experian,684,2,
18473,5433,18473,2023-02-28,Experian,659,3,64
18474,4744,18474,2023-02-09,Experian,616,5,
18475,13131,18475,2022-10-04,TransUnion,807,2,
18476,10193,18476,2023-05-03,TransUnion,631,1,19
18477,8242,18477,2020-06-14,TransUnion,637,1,
18478,8386,18478,2023-02-07,Experian,653,2,19
18479,7465,18479,2022-02-02,Equifax,697,4,
18480,2457,18480,2022-02-11,Experian,697,1,8
18481,9701,18481,2020-03-24,TransUnion,594,3,8
18482,1512,18482,2020-07-28,Equifax,630,0,
18483,12935,18483,2021-06-14,Equifax,678,5,
18484,6593,18484,2023-01-01,Experian,813,5,
18485,698,18485,2021-06-26,Experian,668,1,25
18486,14932,18486,2020-06-19,Equifax,736,1,
18487,12085,18487,2022-01-16,Equifax,726,2,
18488,5910,18488,2020-12-04,Equifax,687,5,
18489,4420,18489,2021-01-29,Experian,702,1,
18490,544,18490,2020-08-11,Equifax,761,1,
18491,11293,18491,2024-04-10,Experian,690,0,66
18492,13521,18492,2023-03-03,TransUnion,662,3,
18493,5171,18493,2022-02-12,Equifax,601,1,
18494,7644,18494,2021-03-09,Equifax,742,2,
18495,13772,18495,2021-12-06,TransUnion,739,1,
18496,7175,18496,2022-03-23,TransUnion,620,5,12
18497,787,18497,2022-01-23,Equifax,800,1,
18498,9440,18498,2022-05-22,Equifax,832,5,
18499,3219,18499,2024-04-04,Experian,719,2,
18500,5986,18500,2020-07-18,TransUnion,690,3,16
18501,1873,18501,2023-11-01,Experian,642,4,
18502,10199,18502,2022-05-25,Experian,821,4,
18503,8992,18503,2021-10-31,TransUnion,632,5,68
18504,10172,18504,2023-06-15,Equifax,694,2,
18505,2327,18505,2024-04-10,Equifax,701,4,68
18506,9145,18506,2020-12-28,Experian,633,1,
18507,1088,18507,2021-12-28,TransUnion,642,5,
18508,5531,18508,2022-07-22,TransUnion,766,3,60
18509,10619,18509,2021-02-24,TransUnion,795,5,
18510,11349,18510,2021-06-26,Equifax,725,1,
18511,11639,18511,2020-01-18,Experian,606,5,
18512,13684,18512,2022-04-11,Equifax,629,0,
18513,10783,18513,2021-04-26,Experian,615,1,63
18514,1026,18514,2020-12-09,TransUnion,666,2,56
18515,10782,18515,2024-05-04,Experian,711,4,
18516,585,18516,2023-02-14,TransUnion,705,2,
18517,14261,18517,2022-05-12,TransUnion,621,1,
18518,12793,18518,2020-05-03,Equifax,827,2,
18519,1293,18519,2023-05-24,Equifax,618,4,
18520,3579,18520,2022-08-19,Experian,785,3,
18521,2772,18521,2020-08-22,TransUnion,839,0,26
18522,11019,18522,2020-03-31,Experian,611,5,20
18523,4074,18523,2021-10-21,Experian,720,2,
18524,6125,18524,2021-01-24,TransUnion,700,0,
18525,125,18525,2020-05-20,TransUnion,706,0,
18526,5101,18526,2024-03-29,Equifax,584,2,21
18527,13562,18527,2021-05-04,Experian,742,3,
18528,13444,18528,2023-03-16,TransUnion,674,0,
18529,2616,18529,2024-05-08,TransUnion,654,4,
18530,12953,18530,2021-09-29,Equifax,713,1,
18531,13636,18531,2021-12-30,TransUnion,670,1,
18532,8614,18532,2020-08-08,Experian,800,5,
18533,464,18533,2022-11-22,Experian,725,1,
18534,456,18534,2020-05-16,Equifax,850,4,7
18535,4562,18535,2023-05-24,TransUnion,717,0,
18536,6589,18536,2022-12-20,Experian,716,0,
18537,299,18537,2023-10-14,TransUnion,699,4,
18538,3601,18538,2020-10-26,Experian,837,3,19
18539,3048,18539,2021-02-04,Experian,705,3,16
18540,13349,18540,2023-07-10,Experian,830,4,
18541,9137,18541,2022-02-04,TransUnion,690,0,
18542,10567,18542,2021-09-08,TransUnion,808,0,
18543,10693,18543,2024-03-09,Experian,828,3,
18544,13341,18544,2022-12-05,TransUnion,735,4,
18545,5855,18545,2020-10-12,TransUnion,590,1,
18546,10477,18546,2020-03-09,Experian,668,2,
18547,2539,18547,2023-08-23,Experian,803,0,31
18548,8632,18548,2021-02-07,Equifax,836,0,
18549,9406,18549,2022-10-03,TransUnion,832,4,
18550,12163,18550,2023-09-21,Experian,653,1,
18551,7375,18551,2021-10-16,Experian,706,1,58
18552,682,18552,2021-07-14,TransUnion,679,5,
18553,7022,18553,2020-11-25,Equifax,723,5,
18554,3894,18554,2023-03-21,TransUnion,591,4,54
18555,5383,18555,2021-06-05,Experian,695,4,
18556,7098,18556,2022-11-16,TransUnion,728,2,
18557,8592,18557,2022-04-12,Experian,653,4,31
18558,10226,18558,2021-06-15,Experian,718,5,
18559,13194,18559,2021-06-07,TransUnion,798,5,16
18560,7052,18560,2021-11-05,TransUnion,707,3,15
18561,9038,18561,2022-07-17,Equifax,746,3,9
18562,6729,18562,2023-08-30,Equifax,720,1,
18563,14855,18563,2023-07-17,Equifax,665,1,67
18564,14005,18564,2023-12-10,TransUnion,749,0,68
18565,14471,18565,2024-02-09,Experian,707,2,
18566,13972,18566,2023-09-22,Experian,659,3,21
18567,3900,18567,2022-12-30,TransUnion,675,3,
18568,9115,18568,2020-07-18,TransUnion,669,0,62
18569,4855,18569,2020-07-10,Equifax,733,2,
18570,11651,18570,2022-01-28,TransUnion,716,0,11
18571,1192,18571,2021-08-28,Experian,687,0,
18572,9060,18572,2023-08-11,Experian,733,5,
18573,821,18573,2021-11-04,TransUnion,714,5,46
18574,1513,18574,2020-05-28,Experian,601,2,
18575,8007,18575,2023-08-06,Equifax,672,2,
18576,14749,18576,2023-01-07,Equifax,752,0,
18577,11694,18577,2023-12-14,Equifax,781,3,50
18578,6162,18578,2022-09-14,Experian,650,5,
18579,9161,18579,2021-06-27,TransUnion,648,1,19
18580,2288,18580,2020-02-07,Experian,627,3,
18581,11590,18581,2023-11-01,Experian,663,2,
18582,7648,18582,2021-04-22,TransUnion,809,1,70
18583,13108,18583,2023-01-04,Equifax,653,0,51
18584,11743,18584,2021-07-08,Equifax,664,2,
18585,9048,18585,2020-05-04,TransUnion,743,2,
18586,10485,18586,2021-01-13,Equifax,738,4,
18587,8881,18587,2022-02-09,TransUnion,681,5,19
18588,14364,18588,2020-01-19,Equifax,816,0,25
18589,3721,18589,2022-03-28,TransUnion,723,4,9
18590,13098,18590,2021-04-22,TransUnion,695,2,
18591,8384,18591,2022-07-20,Experian,730,3,33
18592,4278,18592,2020-08-05,TransUnion,606,1,
18593,4465,18593,2024-03-14,Experian,669,4,
18594,13166,18594,2023-05-15,Experian,743,2,
18595,12112,18595,2021-07-09,TransUnion,663,0,
18596,6482,18596,2023-01-31,Experian,585,0,
18597,582,18597,2024-03-16,Experian,683,1,
18598,2560,18598,2021-02-20,Experian,749,4,53
18599,5139,18599,2023-08-02,Experian,718,5,51
18600,10603,18600,2021-03-10,Experian,648,3,48
18601,13863,18601,2020-09-07,TransUnion,607,4,18
18602,5881,18602,2020-05-27,Experian,795,2,
18603,13332,18603,2022-11-04,Equifax,721,5,
18604,9198,18604,2022-10-17,Experian,837,5,6
18605,14559,18605,2021-03-10,Equifax,779,1,49
18606,4279,18606,2022-07-11,Experian,847,1,
18607,11227,18607,2024-01-10,Experian,724,5,7
18608,13176,18608,2021-03-31,TransUnion,738,5,
18609,7961,18609,2020-09-18,Experian,841,2,34
18610,11405,18610,2020-05-13,TransUnion,679,5,
18611,6567,18611,2021-03-26,Equifax,724,2,40
18612,13233,18612,2021-03-07,TransUnion,660,1,
18613,1960,18613,2023-04-17,TransUnion,702,3,
18614,2590,18614,2023-10-07,TransUnion,644,3,43
18615,14158,18615,2022-06-23,Equifax,597,2,45
18616,13473,18616,2023-08-01,TransUnion,729,5,
18617,5215,18617,2020-04-15,Equifax,671,2,
18618,1291,18618,2022-08-14,TransUnion,705,5,
18619,10689,18619,2024-01-24,TransUnion,745,5,
18620,14863,18620,2020-06-29,Experian,589,4,
18621,4486,18621,2021-11-01,Experian,829,1,68
18622,435,18622,2022-12-20,Equifax,712,0,13
18623,2682,18623,2021-04-14,Equifax,784,2,15
18624,3098,18624,2022-05-14,TransUnion,703,0,48
18625,10140,18625,2024-03-07,Equifax,786,1,5
18626,7476,18626,2020-03-23,Equifax,661,2,
18627,3915,18627,2022-12-11,Equifax,742,2,
18628,1245,18628,2021-07-28,TransUnion,669,4,14
18629,516,18629,2022-04-25,Equifax,729,2,
18630,364,18630,2023-06-05,Experian,842,1,
18631,5516,18631,2020-01-11,Equifax,644,3,
18632,1037,18632,2021-12-16,Equifax,590,0,47
18633,3318,18633,2022-07-17,TransUnion,850,0,9
18634,2749,18634,2023-09-06,Experian,607,5,
18635,13916,18635,2024-03-12,Experian,667,5,
18636,6868,18636,2023-06-25,Experian,831,1,
18637,7497,18637,2020-06-23,Equifax,730,4,
18638,2012,18638,2023-09-12,Experian,723,1,
18639,2521,18639,2020-02-02,TransUnion,691,2,65
18640,2861,18640,2020-02-15,TransUnion,671,5,
18641,12234,18641,2021-04-22,Experian,728,1,15
18642,1575,18642,2022-03-14,TransUnion,747,4,61
18643,14305,18643,2023-04-13,Equifax,622,1,
18644,3437,18644,2023-04-18,Equifax,678,1,13
18645,12232,18645,2020-12-08,TransUnion,616,2,
18646,7116,18646,2022-04-17,TransUnion,704,5,
18647,12031,18647,2022-05-25,Equifax,736,1,25
18648,10265,18648,2021-07-19,Experian,633,0,
18649,11193,18649,2024-05-30,Experian,720,1,35
18650,11256,18650,2021-11-24,Experian,618,1,26
18651,10786,18651,2021-06-28,Experian,698,2,3
18652,7972,18652,2023-06-08,TransUnion,643,5,
18653,9639,18653,2021-07-14,Experian,844,0,
18654,4769,18654,2023-06-07,Equifax,667,2,39
18655,1168,18655,2024-03-25,TransUnion,773,4,
18656,8120,18656,2023-05-18,Equifax,678,2,
18657,7294,18657,2022-10-09,TransUnion,672,4,
18658,1885,18658,2021-02-25,Equifax,639,3,70
18659,10765,18659,2021-01-21,Experian,758,5,
18660,4634,18660,2021-09-02,Experian,723,5,
18661,2639,18661,2021-06-25,Equifax,714,4,9
18662,4296,18662,2023-07-07,TransUnion,827,0,
18663,6305,18663,2020-02-22,Experian,708,4,14
18664,3121,18664,2021-03-29,TransUnion,588,2,21
18665,7436,18665,2020-04-06,Equifax,696,4,
18666,3169,18666,2020-12-12,Equifax,708,2,
18667,13273,18667,2022-10-08,Experian,592,3,
18668,12718,18668,2021-02-17,TransUnion,708,5,
18669,5071,18669,2023-09-29,TransUnion,727,3,
18670,821,18670,2022-07-28,Experian,714,3,
18671,10841,18671,2021-10-26,TransUnion,720,3,49
18672,7017,18672,2021-10-28,TransUnion,667,2,23
18673,12682,18673,2022-12-16,TransUnion,667,4,16
18674,14591,18674,2022-04-06,Experian,711,3,
18675,7034,18675,2021-05-31,Experian,732,1,29
18676,10006,18676,2020-05-27,Equifax,789,3,
18677,6787,18677,2024-02-02,Experian,670,3,
18678,2125,18678,2021-02-24,Experian,804,5,26
18679,3470,18679,2023-04-18,TransUnion,589,1,64
18680,9289,18680,2021-02-07,TransUnion,696,3,53
18681,4382,18681,2020-09-11,TransUnion,715,2,
18682,5969,18682,2020-02-03,TransUnion,707,4,
18683,6271,18683,2021-05-03,TransUnion,667,5,21
18684,12737,18684,2020-04-02,Equifax,762,2,35
18685,8410,18685,2021-06-27,Equifax,784,4,47
18686,2115,18686,2020-05-12,Experian,740,1,
18687,5025,18687,2023-10-01,TransUnion,700,2,58
18688,15,18688,2020-11-12,Equifax,664,2,
18689,14605,18689,2021-12-22,Equifax,615,1,
18690,2036,18690,2020-01-25,Experian,693,5,
18691,14171,18691,2020-03-23,Experian,738,0,
18692,1881,18692,2020-12-31,TransUnion,723,1,
18693,11150,18693,2021-09-05,Experian,824,1,48
18694,718,18694,2020-01-02,Experian,732,3,
18695,2966,18695,2020-01-27,Experian,747,5,42
18696,3216,18696,2023-08-30,Experian,586,4,45
18697,13530,18697,2021-11-28,Equifax,611,0,
18698,8240,18698,2024-03-07,Equifax,660,0,
18699,7732,18699,2020-12-31,Equifax,773,0,
18700,2814,18700,2023-04-17,Experian,748,5,45
18701,13552,18701,2021-11-29,Equifax,760,1,60
18702,12973,18702,2024-03-28,TransUnion,719,2,
18703,5056,18703,2023-07-20,TransUnion,780,5,24
18704,8237,18704,2021-04-23,TransUnion,781,3,
18705,9066,18705,2024-04-25,Experian,719,0,27
18706,1267,18706,2021-12-20,Equifax,834,0,
18707,7947,18707,2022-03-04,TransUnion,742,0,
18708,8388,18708,2020-01-29,TransUnion,769,5,11
18709,13187,18709,2023-03-24,TransUnion,653,1,3
18710,12813,18710,2023-12-26,Equifax,740,2,45
18711,5761,18711,2021-07-21,TransUnion,690,2,43
18712,4227,18712,2022-05-11,TransUnion,757,2,
18713,12841,18713,2022-08-04,Equifax,726,3,58
18714,8769,18714,2022-03-29,TransUnion,803,2,
18715,13430,18715,2023-10-20,TransUnion,648,4,
18716,3585,18716,2020-08-21,TransUnion,756,3,
18717,9067,18717,2020-02-19,Equifax,726,5,
18718,3859,18718,2022-11-21,Equifax,836,2,
18719,11961,18719,2023-06-08,TransUnion,697,5,
18720,14913,18720,2022-08-12,Equifax,721,1,
18721,11427,18721,2023-08-08,Equifax,703,3,71
18722,8961,18722,2024-01-28,TransUnion,597,2,
18723,5155,18723,2023-12-25,Equifax,708,0,61
18724,5852,18724,2020-08-12,Equifax,650,2,
18725,9084,18725,2022-01-20,Equifax,694,1,
18726,10251,18726,2023-02-20,TransUnion,612,1,17
18727,5941,18727,2023-07-06,TransUnion,735,4,
18728,13945,18728,2020-10-10,Experian,822,0,33
18729,3334,18729,2023-01-09,TransUnion,691,0,17
18730,13558,18730,2022-08-22,Equifax,719,0,
18731,14040,18731,2023-10-16,Experian,732,1,65
18732,10920,18732,2022-08-16,Experian,660,1,
18733,13326,18733,2021-12-06,TransUnion,735,0,
18734,9803,18734,2021-09-15,Experian,723,4,6
18735,10216,18735,2023-03-27,Equifax,755,2,66
18736,2146,18736,2023-10-01,TransUnion,589,0,36
18737,7911,18737,2022-09-13,Equifax,616,4,
18738,963,18738,2023-06-08,Experian,683,0,
18739,3872,18739,2020-10-07,TransUnion,620,3,
18740,13758,18740,2020-04-29,Equifax,712,1,
18741,9592,18741,2021-11-01,Experian,712,2,14
18742,10324,18742,2024-01-31,TransUnion,683,1,48
18743,8381,18743,2023-01-01,TransUnion,657,3,
18744,7212,18744,2020-06-04,Experian,807,1,39
18745,6360,18745,2023-05-24,Equifax,822,4,
18746,4482,18746,2020-10-01,Equifax,636,2,24
18747,4659,18747,2022-02-08,TransUnion,686,3,
18748,13120,18748,2022-07-04,TransUnion,630,0,35
18749,1658,18749,2021-05-14,Experian,732,0,
18750,8708,18750,2023-06-19,Experian,778,5,48
18751,3611,18751,2021-07-15,Experian,638,5,52
18752,7888,18752,2021-10-23,TransUnion,701,1,42
18753,369,18753,2023-08-05,TransUnion,757,5,21
18754,11251,18754,2021-05-11,Equifax,679,2,10
18755,2792,18755,2020-10-27,Equifax,676,3,61
18756,10566,18756,2020-04-24,Equifax,733,3,
18757,13225,18757,2023-09-10,Experian,720,1,
18758,9122,18758,2020-01-02,Experian,645,0,19
18759,5372,18759,2023-10-08,TransUnion,774,5,
18760,9554,18760,2022-10-16,TransUnion,701,1,31
18761,8646,18761,2022-08-18,TransUnion,677,3,
18762,14846,18762,2023-10-24,TransUnion,627,4,
18763,1627,18763,2023-05-29,TransUnion,715,4,
18764,7347,18764,2023-04-27,TransUnion,697,1,
18765,14829,18765,2022-12-01,Equifax,792,5,
18766,14796,18766,2020-04-13,TransUnion,679,4,3
18767,3461,18767,2021-12-08,Equifax,632,0,
18768,5894,18768,2022-12-29,Experian,616,0,
18769,14130,18769,2021-10-16,Experian,732,5,
18770,7238,18770,2020-02-29,Equifax,783,1,
18771,13487,18771,2020-01-15,Equifax,690,3,
18772,409,18772,2024-04-06,TransUnion,608,2,
18773,4145,18773,2023-04-20,Equifax,698,0,
18774,12554,18774,2024-04-13,Experian,825,1,65
18775,10264,18775,2022-10-31,Equifax,633,1,36
18776,10972,18776,2022-09-26,TransUnion,830,1,
18777,10031,18777,2023-01-26,Equifax,743,1,
18778,7722,18778,2024-03-01,TransUnion,700,4,
18779,1556,18779,2023-01-09,Experian,682,2,
18780,2365,18780,2020-11-03,TransUnion,731,1,7
18781,14091,18781,2023-06-20,Equifax,608,4,
18782,7678,18782,2023-03-10,TransUnion,722,4,70
18783,2235,18783,2021-02-03,Equifax,832,3,
18784,1718,18784,2022-01-29,TransUnion,686,3,
18785,223,18785,2022-08-12,Experian,689,5,12
18786,10039,18786,2020-11-18,Equifax,678,5,
18787,8430,18787,2020-02-25,TransUnion,691,5,45
18788,5933,18788,2021-02-15,Equifax,705,4,
18789,12639,18789,2021-11-28,TransUnion,765,2,
18790,3646,18790,2020-01-30,Equifax,739,1,20
18791,3708,18791,2021-03-20,Equifax,847,1,
18792,7146,18792,2020-06-09,Equifax,670,2,39
18793,2540,18793,2021-04-15,Equifax,656,0,
18794,8372,18794,2023-06-04,TransUnion,609,5,6
18795,5337,18795,2023-08-17,Equifax,664,4,
18796,4198,18796,2021-01-26,Equifax,618,3,34
18797,6838,18797,2020-06-22,TransUnion,656,0,26
18798,2841,18798,2020-04-30,TransUnion,730,3,
18799,3314,18799,2022-06-14,Equifax,820,2,
18800,4875,18800,2022-09-01,Equifax,676,5,
18801,1735,18801,2023-04-11,Experian,601,1,20
18802,2870,18802,2020-05-25,Experian,817,4,17
18803,8608,18803,2021-02-21,Experian,636,5,55
18804,3539,18804,2023-01-17,Experian,734,4,
18805,4356,18805,2021-04-22,Experian,822,5,44
18806,11703,18806,2023-06-10,Equifax,676,5,
18807,9930,18807,2020-05-14,Equifax,720,2,22
18808,10905,18808,2020-05-15,Experian,633,1,
18809,11303,18809,2021-06-27,TransUnion,615,2,
18810,13368,18810,2021-08-12,Equifax,823,2,
18811,1626,18811,2021-07-10,Experian,799,2,
18812,6500,18812,2021-10-17,Equifax,709,0,71
18813,2546,18813,2024-04-10,Equifax,766,3,
18814,8965,18814,2022-04-06,Experian,648,3,
18815,7028,18815,2021-10-11,Experian,724,5,
18816,6162,18816,2022-02-27,Experian,650,0,
18817,6465,18817,2022-10-19,Experian,845,5,
18818,6575,18818,2024-03-30,TransUnion,746,5,39
18819,3076,18819,2024-05-08,Experian,672,1,
18820,1016,18820,2020-07-11,TransUnion,671,0,
18821,5505,18821,2020-02-20,TransUnion,722,1,4
18822,8097,18822,2024-01-09,Experian,663,2,5
18823,5531,18823,2020-07-12,Experian,766,3,
18824,777,18824,2024-05-08,TransUnion,694,2,38
18825,10362,18825,2023-09-22,Equifax,742,0,
18826,4468,18826,2021-05-17,Equifax,778,5,
18827,5360,18827,2021-10-08,TransUnion,791,0,
18828,13277,18828,2024-01-15,Experian,692,0,21
18829,859,18829,2021-04-13,Equifax,736,2,
18830,13669,18830,2024-05-04,TransUnion,695,1,
18831,8904,18831,2020-03-23,TransUnion,693,5,
18832,5489,18832,2022-05-26,TransUnion,748,4,
18833,14027,18833,2020-02-11,Equifax,718,4,
18834,2316,18834,2021-09-27,TransUnion,784,2,33
18835,4224,18835,2020-01-02,Experian,613,4,43
18836,6541,18836,2023-03-16,Experian,798,2,16
18837,2634,18837,2020-10-28,Equifax,772,1,
18838,10070,18838,2020-11-06,TransUnion,726,4,
18839,3191,18839,2023-11-14,TransUnion,724,0,
18840,693,18840,2021-01-08,Experian,638,5,15
18841,3475,18841,2022-08-20,Experian,720,5,
18842,6250,18842,2022-10-17,Equifax,712,3,
18843,11091,18843,2022-11-03,Experian,777,0,
18844,9478,18844,2024-03-20,Equifax,690,3,
18845,14734,18845,2023-04-09,Experian,611,0,
18846,14878,18846,2022-11-14,Experian,634,4,
18847,962,18847,2022-02-22,TransUnion,671,0,
18848,3781,18848,2022-04-13,TransUnion,703,3,
18849,12972,18849,2020-02-26,Experian,773,0,
18850,7029,18850,2023-03-10,TransUnion,696,1,
18851,1241,18851,2021-09-05,Equifax,658,4,
18852,9351,18852,2021-12-08,Equifax,697,2,32
18853,9767,18853,2021-11-24,Equifax,729,3,6
18854,13940,18854,2024-04-15,Experian,766,4,
18855,4056,18855,2021-07-07,Experian,720,5,
18856,13457,18856,2024-05-06,TransUnion,705,3,
18857,12270,18857,2020-12-16,Experian,633,1,
18858,6368,18858,2020-09-21,TransUnion,807,0,43
18859,9360,18859,2020-01-11,Experian,582,0,62
18860,12607,18860,2022-06-14,Experian,731,1,
18861,611,18861,2021-08-29,Equifax,742,4,
18862,14528,18862,2021-06-25,Equifax,845,4,59
18863,5330,18863,2023-11-05,Experian,700,4,
18864,1087,18864,2020-11-15,Experian,635,1,
18865,2312,18865,2024-03-16,Equifax,731,4,55
18866,5989,18866,2022-10-16,TransUnion,843,5,
18867,12576,18867,2020-08-10,Experian,657,1,36
18868,4229,18868,2023-10-29,TransUnion,678,5,4
18869,4671,18869,2022-07-05,Experian,698,1,
18870,4936,18870,2022-11-24,Experian,607,2,
18871,14554,18871,2023-03-21,Equifax,667,3,
18872,13735,18872,2020-12-01,Equifax,733,3,
18873,7374,18873,2023-08-05,Experian,669,0,
18874,784,18874,2023-12-30,Experian,695,2,
18875,9632,18875,2022-08-08,TransUnion,692,4,12
18876,10257,18876,2020-05-01,TransUnion,720,0,
18877,11054,18877,2020-06-18,Experian,690,0,
18878,7773,18878,2022-08-15,Experian,732,5,
18879,10474,18879,2021-01-22,TransUnion,704,5,48
18880,13055,18880,2020-01-26,Equifax,835,1,26
18881,9213,18881,2024-05-16,TransUnion,666,5,60
18882,13790,18882,2020-11-04,TransUnion,673,3,
18883,8183,18883,2020-09-15,TransUnion,730,1,54
18884,3820,18884,2021-12-06,TransUnion,606,4,
18885,992,18885,2021-11-18,Experian,781,4,
18886,2264,18886,2023-03-12,Experian,667,4,43
18887,13440,18887,2020-11-09,Experian,632,4,4
18888,10353,18888,2022-03-11,Experian,689,0,13
18889,4419,18889,2020-12-15,TransUnion,645,3,
18890,11240,18890,2022-10-15,TransUnion,733,3,
18891,13846,18891,2020-01-02,Experian,644,4,47
18892,7695,18892,2023-02-27,Equifax,700,5,
18893,11320,18893,2021-11-26,Equifax,621,2,43
18894,14241,18894,2021-05-20,TransUnion,679,0,
18895,4352,18895,2024-02-04,Equifax,636,2,
18896,11173,18896,2020-05-19,TransUnion,632,4,44
18897,8919,18897,2024-03-17,Experian,727,2,25
18898,4525,18898,2020-12-05,TransUnion,835,0,
18899,12609,18899,2022-05-25,Experian,733,2,7
18900,7448,18900,2020-03-02,TransUnion,637,5,
18901,2281,18901,2022-04-14,Experian,793,2,11
18902,4690,18902,2021-07-23,Equifax,737,4,
18903,3019,18903,2020-04-29,TransUnion,734,4,44
18904,14851,18904,2023-08-02,TransUnion,697,2,
18905,7067,18905,2023-05-05,Equifax,632,1,
18906,8911,18906,2023-01-10,Experian,585,5,
18907,12912,18907,2020-11-15,TransUnion,722,5,20
18908,7352,18908,2022-04-24,Experian,727,1,22
18909,8707,18909,2023-09-07,Experian,700,1,
18910,3377,18910,2020-07-28,TransUnion,738,3,
18911,5267,18911,2022-04-01,Experian,741,5,48
18912,2230,18912,2023-02-04,Equifax,683,5,18
18913,3214,18913,2020-11-04,Equifax,780,4,22
18914,14689,18914,2024-05-19,TransUnion,741,2,29
18915,14776,18915,2023-05-03,Experian,736,5,
18916,11241,18916,2020-02-04,Equifax,705,2,
18917,10328,18917,2023-08-19,Equifax,601,0,
18918,3913,18918,2020-09-20,Experian,582,3,60
18919,12232,18919,2020-10-31,Experian,616,0,
18920,1085,18920,2021-09-29,Experian,663,4,
18921,7945,18921,2023-11-05,TransUnion,763,4,50
18922,5637,18922,2023-04-16,Experian,710,5,18
18923,8695,18923,2024-03-22,Experian,746,4,4
18924,8651,18924,2021-01-14,Equifax,745,0,
18925,4286,18925,2020-09-10,TransUnion,725,0,
18926,1933,18926,2024-05-14,TransUnion,690,5,
18927,795,18927,2024-05-07,TransUnion,660,2,
18928,9834,18928,2021-12-19,Equifax,761,1,
18929,9143,18929,2022-01-16,TransUnion,827,4,
18930,9299,18930,2021-05-12,Experian,655,3,
18931,7815,18931,2024-05-13,TransUnion,661,3,
18932,12156,18932,2022-02-01,Equifax,811,2,60
18933,13386,18933,2022-11-14,TransUnion,729,3,46
18934,81,18934,2022-12-12,TransUnion,718,5,
18935,7505,18935,2020-06-22,Experian,844,2,
18936,9876,18936,2021-12-29,Experian,694,2,
18937,4075,18937,2021-11-26,TransUnion,680,5,3
18938,9860,18938,2023-06-07,Experian,682,0,8
18939,5139,18939,2023-09-07,Experian,718,1,
18940,6703,18940,2023-03-13,Equifax,737,0,
18941,690,18941,2021-12-08,Experian,684,4,
18942,11843,18942,2020-01-04,TransUnion,743,2,
18943,2303,18943,2020-08-21,Equifax,583,2,
18944,7840,18944,2021-03-28,Equifax,723,3,16
18945,10875,18945,2023-05-16,TransUnion,713,4,
18946,4495,18946,2023-09-07,TransUnion,649,0,
18947,243,18947,2020-09-07,TransUnion,743,3,31
18948,14391,18948,2023-06-20,TransUnion,688,0,
18949,4254,18949,2023-12-07,Equifax,712,2,
18950,836,18950,2021-11-22,TransUnion,658,5,
18951,8048,18951,2023-04-16,TransUnion,823,5,
18952,180,18952,2020-11-18,Equifax,746,5,
18953,5270,18953,2021-09-04,Experian,708,1,
18954,10401,18954,2020-10-29,TransUnion,593,2,20
18955,3424,18955,2021-01-30,Experian,691,1,
18956,2470,18956,2020-04-10,Equifax,738,3,
18957,9882,18957,2022-11-29,TransUnion,683,0,
18958,4069,18958,2022-03-20,TransUnion,711,0,29
18959,460,18959,2024-04-06,TransUnion,646,1,3
18960,7130,18960,2021-04-28,Equifax,683,0,
18961,161,18961,2023-11-05,Experian,718,4,63
18962,14082,18962,2023-11-02,TransUnion,600,3,
18963,14117,18963,2023-04-06,Experian,735,4,10
18964,14501,18964,2021-03-20,TransUnion,708,0,
18965,5248,18965,2020-11-21,Equifax,655,4,67
18966,6215,18966,2022-02-24,TransUnion,686,2,
18967,3535,18967,2023-03-02,Experian,720,0,
18968,368,18968,2021-08-05,Equifax,583,4,44
18969,13976,18969,2020-04-20,Equifax,588,0,
18970,2085,18970,2023-09-07,TransUnion,727,0,
18971,12661,18971,2022-07-01,Equifax,706,4,
18972,10277,18972,2024-04-28,TransUnion,805,0,
18973,10473,18973,2020-11-22,Equifax,838,2,
18974,10379,18974,2024-03-24,Experian,749,0,41
18975,11818,18975,2021-12-26,TransUnion,814,3,
18976,3532,18976,2021-10-23,TransUnion,816,4,
18977,4099,18977,2021-11-28,TransUnion,706,5,
18978,3439,18978,2020-12-30,Experian,720,0,
18979,5656,18979,2022-07-22,Experian,706,4,
18980,14128,18980,2020-11-30,Experian,597,0,61
18981,2590,18981,2021-04-13,Equifax,644,5,
18982,7489,18982,2022-06-19,Equifax,706,4,
18983,11,18983,2022-04-25,Experian,827,5,
18984,3072,18984,2023-11-29,TransUnion,710,4,
18985,13305,18985,2020-09-04,TransUnion,649,2,
18986,4742,18986,2022-10-10,TransUnion,650,5,
18987,3641,18987,2024-05-27,Equifax,600,0,12
18988,13817,18988,2022-09-01,Experian,641,5,
18989,914,18989,2020-03-23,TransUnion,740,4,
18990,1248,18990,2021-07-28,TransUnion,808,0,
18991,440,18991,2020-05-26,Experian,653,2,40
18992,10089,18992,2023-09-23,Experian,824,4,67
18993,2626,18993,2020-07-19,Equifax,704,3,
18994,10695,18994,2020-02-15,Experian,595,2,40
18995,14641,18995,2022-07-22,Experian,796,3,
18996,11454,18996,2020-06-17,Experian,750,1,5
18997,11009,18997,2020-06-02,Equifax,689,5,
18998,252,18998,2022-08-26,Equifax,675,1,11
18999,7054,18999,2020-10-25,Equifax,609,3,
19000,3638,19000,2021-10-20,TransUnion,676,4,
19001,10984,19001,2022-12-22,Equifax,782,1,
19002,6081,19002,2022-02-28,Equifax,585,4,
19003,14988,19003,2023-03-15,Experian,620,1,
19004,9708,19004,2021-11-22,Experian,737,5,
19005,1641,19005,2020-03-12,Experian,723,4,
19006,11286,19006,2024-04-08,Equifax,654,3,
19007,2310,19007,2022-02-04,Experian,612,3,
19008,6100,19008,2022-11-01,Equifax,675,0,
19009,9429,19009,2021-06-22,Experian,636,5,
19010,13933,19010,2024-04-09,Equifax,659,2,3
19011,6947,19011,2020-02-21,Experian,669,3,19
19012,6690,19012,2023-11-28,TransUnion,668,0,47
19013,1942,19013,2021-01-22,Experian,636,1,5
19014,12948,19014,2023-09-25,Equifax,680,3,
19015,1094,19015,2022-02-11,Equifax,772,3,
19016,14445,19016,2020-10-07,TransUnion,638,5,24
19017,12621,19017,2023-02-05,TransUnion,820,5,
19018,12988,19018,2023-10-14,Experian,725,3,49
19019,6655,19019,2021-02-19,Equifax,703,1,65
19020,4969,19020,2022-12-08,TransUnion,749,4,38
19021,6495,19021,2022-10-10,Experian,587,1,
19022,12551,19022,2021-12-03,TransUnion,642,4,41
19023,13637,19023,2021-01-18,Experian,648,5,31
19024,10132,19024,2023-01-27,TransUnion,737,0,3
19025,3719,19025,2020-04-30,Experian,770,2,40
19026,4913,19026,2021-10-16,Equifax,736,0,14
19027,14539,19027,2021-01-20,Equifax,747,0,49
19028,7592,19028,2023-09-28,TransUnion,745,4,33
19029,8722,19029,2023-01-03,Experian,764,3,
19030,13857,19030,2022-11-04,TransUnion,731,3,
19031,8046,19031,2024-03-10,Equifax,769,1,
19032,5592,19032,2023-03-27,Experian,632,1,38
19033,7804,19033,2023-07-25,Equifax,678,3,3
19034,8795,19034,2021-04-09,Experian,799,3,41
19035,4494,19035,2024-03-16,TransUnion,663,4,
19036,6395,19036,2023-10-05,Experian,652,4,
19037,8697,19037,2023-08-17,Experian,737,3,59
19038,7866,19038,2022-05-12,Equifax,719,0,69
19039,4645,19039,2023-08-10,Experian,729,4,7
19040,9608,19040,2022-07-05,Experian,703,2,
19041,3592,19041,2023-10-03,TransUnion,627,2,67
19042,3191,19042,2021-09-05,Equifax,724,3,
19043,6739,19043,2024-05-17,TransUnion,693,4,
19044,7442,19044,2021-12-31,Equifax,784,2,
19045,3679,19045,2023-04-24,TransUnion,667,3,
19046,7551,19046,2024-01-15,Experian,689,3,
19047,172,19047,2022-01-19,Experian,586,1,
19048,8502,19048,2021-09-25,Experian,742,2,33
19049,14978,19049,2020-12-18,Experian,798,0,32
19050,2715,19050,2021-06-09,Equifax,710,5,59
19051,2642,19051,2021-12-11,Equifax,667,2,
19052,10115,19052,2021-02-18,Equifax,719,3,58
19053,7044,19053,2023-07-27,Equifax,743,4,
19054,8043,19054,2021-05-26,Experian,828,5,
19055,3316,19055,2024-02-11,TransUnion,766,1,
19056,2896,19056,2021-02-17,TransUnion,714,5,
19057,9047,19057,2023-12-18,Experian,580,3,
19058,3505,19058,2021-05-28,TransUnion,618,2,24
19059,7690,19059,2022-05-10,Experian,712,1,16
19060,1964,19060,2020-08-21,TransUnion,714,1,21
19061,12866,19061,2022-08-07,Experian,635,2,69
19062,9979,19062,2021-12-04,Equifax,618,1,
19063,2416,19063,2020-06-24,Equifax,643,3,10
19064,12363,19064,2021-06-13,TransUnion,720,1,
19065,4643,19065,2020-10-19,Experian,698,5,
19066,3407,19066,2023-02-27,TransUnion,726,2,68
19067,4551,19067,2020-09-13,Equifax,667,1,54
19068,3821,19068,2023-05-01,TransUnion,627,2,61
19069,11589,19069,2024-05-20,Experian,625,1,37
19070,4657,19070,2021-10-13,Experian,745,3,
19071,5336,19071,2022-05-24,Equifax,607,0,23
19072,11217,19072,2023-01-01,TransUnion,806,5,
19073,4346,19073,2023-05-17,Experian,788,0,27
19074,10788,19074,2021-04-15,Experian,719,4,21
19075,8197,19075,2023-02-11,TransUnion,679,5,53
19076,2920,19076,2020-09-16,Equifax,767,0,
19077,6807,19077,2023-02-16,TransUnion,589,4,
19078,5818,19078,2022-04-15,Equifax,690,5,
19079,5151,19079,2020-05-25,TransUnion,788,3,
19080,13908,19080,2022-07-13,TransUnion,723,5,51
19081,9479,19081,2020-04-02,Equifax,688,2,
19082,9006,19082,2024-04-10,Equifax,741,0,
19083,5024,19083,2022-03-04,TransUnion,695,2,18
19084,4503,19084,2024-01-31,Equifax,719,5,16
19085,5619,19085,2021-08-25,TransUnion,664,4,
19086,13772,19086,2023-04-10,Equifax,739,0,
19087,11912,19087,2020-06-05,Experian,595,4,
19088,3205,19088,2022-05-15,Experian,678,4,45
19089,10931,19089,2022-08-08,Experian,656,5,
19090,10047,19090,2020-12-01,TransUnion,813,5,
19091,8893,19091,2021-05-17,TransUnion,627,1,
19092,6086,19092,2024-01-04,TransUnion,677,5,
19093,1400,19093,2023-03-17,Experian,680,2,
19094,12406,19094,2023-06-14,TransUnion,845,1,53
19095,5884,19095,2020-11-18,Experian,836,0,24
19096,7014,19096,2020-05-17,Experian,719,2,8
19097,13336,19097,2023-01-19,Equifax,709,1,
19098,11861,19098,2021-06-27,Equifax,707,0,26
19099,9734,19099,2020-07-03,Experian,738,2,34
19100,5425,19100,2022-05-07,Experian,637,1,
19101,14900,19101,2021-08-30,Experian,715,4,
19102,12920,19102,2023-12-20,TransUnion,681,0,24
19103,9152,19103,2020-04-23,TransUnion,730,4,
19104,9913,19104,2022-10-26,Experian,730,5,67
19105,6748,19105,2021-12-17,TransUnion,696,4,44
19106,2987,19106,2023-03-30,TransUnion,746,2,
19107,8629,19107,2020-11-01,TransUnion,697,0,7
19108,1099,19108,2023-09-21,Equifax,581,3,
19109,6259,19109,2021-02-19,Equifax,833,2,
19110,11638,19110,2022-04-08,TransUnion,669,1,
19111,2571,19111,2023-01-29,Equifax,693,2,57
19112,4773,19112,2022-10-12,TransUnion,746,4,
19113,7987,19113,2020-05-05,Equifax,668,3,
19114,11846,19114,2020-07-18,Equifax,829,2,37
19115,12890,19115,2023-11-30,Equifax,828,1,42
19116,3696,19116,2020-01-12,Experian,653,2,51
19117,7957,19117,2020-06-09,Experian,732,4,35
19118,5976,19118,2021-12-12,Equifax,715,2,63
19119,2387,19119,2021-04-23,Experian,787,4,
19120,589,19120,2021-01-29,Experian,738,0,50
19121,1581,19121,2023-10-31,Equifax,684,0,
19122,8064,19122,2020-03-05,Experian,660,2,
19123,10689,19123,2020-04-05,Equifax,745,1,
19124,14309,19124,2020-05-18,Experian,724,5,
19125,1515,19125,2021-06-09,TransUnion,595,1,4
19126,14364,19126,2020-07-30,TransUnion,816,5,
19127,2447,19127,2020-10-15,TransUnion,641,0,70
19128,11113,19128,2024-01-30,Experian,834,5,52
19129,80,19129,2024-02-23,TransUnion,737,5,52
19130,13133,19130,2023-02-13,Experian,746,4,
19131,11007,19131,2021-09-09,TransUnion,726,5,24
19132,12392,19132,2020-07-14,Equifax,681,5,
19133,4576,19133,2022-02-11,TransUnion,830,2,
19134,8897,19134,2024-04-08,Equifax,618,3,60
19135,11039,19135,2021-02-14,TransUnion,850,0,
19136,1625,19136,2021-12-13,TransUnion,789,0,6
19137,5672,19137,2021-04-27,Equifax,677,0,
19138,11444,19138,2023-12-10,TransUnion,747,4,67
19139,10808,19139,2020-12-12,Experian,747,1,
19140,6161,19140,2023-05-28,Equifax,674,3,46
19141,6624,19141,2020-01-28,TransUnion,598,4,27
19142,14490,19142,2022-07-25,Experian,589,2,
19143,1118,19143,2023-04-11,Experian,725,0,9
19144,1447,19144,2023-07-16,TransUnion,720,5,
19145,8459,19145,2021-12-19,TransUnion,688,3,
19146,11314,19146,2020-04-03,Experian,705,5,
19147,11324,19147,2022-05-01,Equifax,709,2,
19148,14546,19148,2022-11-06,Experian,755,5,47
19149,1239,19149,2020-12-09,Experian,605,0,60
19150,12574,19150,2023-06-03,Equifax,684,0,
19151,4177,19151,2021-03-04,Equifax,743,2,70
19152,10716,19152,2022-02-04,Equifax,798,2,61
19153,7083,19153,2021-10-04,Equifax,675,0,
19154,7427,19154,2023-11-16,Experian,699,0,
19155,4741,19155,2021-05-03,Equifax,747,3,23
19156,2278,19156,2020-08-27,Experian,650,2,
19157,11014,19157,2022-07-02,Equifax,688,0,
19158,12146,19158,2020-04-05,Experian,671,1,
19159,4227,19159,2021-11-24,Experian,757,4,46
19160,11384,19160,2021-03-25,Equifax,681,2,
19161,9970,19161,2021-04-03,Experian,781,1,22
19162,14031,19162,2024-02-19,Experian,668,4,
19163,4201,19163,2021-11-13,Experian,819,1,
19164,9261,19164,2021-06-11,TransUnion,590,5,18
19165,8606,19165,2022-01-09,Experian,727,2,20
19166,8461,19166,2023-10-05,Equifax,710,2,
19167,570,19167,2023-01-24,Experian,639,5,61
19168,13964,19168,2021-11-24,Equifax,825,3,
19169,11155,19169,2020-09-07,Equifax,637,0,
19170,5587,19170,2023-07-28,Experian,823,4,
19171,701,19171,2022-05-08,Experian,749,2,
19172,7609,19172,2020-10-21,TransUnion,629,0,11
19173,3853,19173,2023-04-22,Experian,792,5,
19174,2371,19174,2020-02-10,Experian,684,1,
19175,5427,19175,2023-07-24,Equifax,721,4,
19176,2370,19176,2023-09-19,TransUnion,651,2,
19177,5082,19177,2020-02-13,TransUnion,630,4,
19178,1114,19178,2023-08-19,Experian,688,1,
19179,5629,19179,2023-05-02,Experian,824,2,69
19180,2785,19180,2022-01-17,Experian,647,5,
19181,2350,19181,2020-04-08,TransUnion,728,0,39
19182,5477,19182,2022-06-15,Experian,668,5,
19183,9313,19183,2023-12-20,TransUnion,705,5,
19184,12797,19184,2021-09-14,TransUnion,742,5,43
19185,4895,19185,2024-05-05,Experian,676,4,3
19186,5497,19186,2024-03-01,Experian,650,2,16
19187,7310,19187,2022-06-23,Equifax,718,1,
19188,7406,19188,2022-02-18,TransUnion,680,3,4
19189,5696,19189,2020-03-04,TransUnion,706,5,52
19190,12581,19190,2024-04-02,Equifax,710,1,
19191,847,19191,2021-11-15,TransUnion,785,2,
19192,4086,19192,2020-10-04,TransUnion,737,2,
19193,10776,19193,2021-02-20,Experian,798,5,23
19194,6412,19194,2022-06-21,Experian,603,1,13
19195,5066,19195,2024-02-14,Equifax,744,3,
19196,4404,19196,2021-11-25,Experian,636,5,
19197,12598,19197,2023-05-24,Equifax,590,5,
19198,12944,19198,2020-02-28,Experian,844,2,50
19199,5994,19199,2024-02-18,TransUnion,603,0,57
19200,12665,19200,2022-07-07,TransUnion,588,1,
19201,13393,19201,2020-03-30,TransUnion,600,5,4
19202,276,19202,2020-07-22,Equifax,677,2,5
19203,3501,19203,2022-09-21,TransUnion,758,0,21
19204,10663,19204,2021-11-18,Experian,692,4,43
19205,8434,19205,2023-02-06,Experian,742,4,37
19206,14585,19206,2023-11-07,TransUnion,812,1,22
19207,12952,19207,2021-02-02,Experian,608,3,
19208,10162,19208,2023-02-06,TransUnion,745,3,
19209,6944,19209,2023-02-25,Equifax,744,0,23
19210,750,19210,2020-06-16,Experian,673,5,
19211,10430,19211,2021-08-17,TransUnion,741,1,
19212,3675,19212,2022-07-26,Equifax,730,4,
19213,7133,19213,2023-09-28,TransUnion,819,4,
19214,5421,19214,2020-07-06,Equifax,699,0,
19215,3690,19215,2024-02-21,TransUnion,678,5,35
19216,574,19216,2020-01-26,TransUnion,730,4,
19217,10985,19217,2022-09-24,Experian,730,2,14
19218,8615,19218,2022-05-01,TransUnion,823,3,
19219,14067,19219,2022-08-12,Equifax,609,0,
19220,2224,19220,2023-04-28,Experian,680,5,10
19221,11882,19221,2022-07-18,Equifax,680,4,30
19222,4449,19222,2021-02-22,Experian,797,2,
19223,3096,19223,2020-05-21,TransUnion,621,3,35
19224,2930,19224,2023-10-21,TransUnion,734,3,46
19225,1480,19225,2021-08-05,Experian,742,4,61
19226,1946,19226,2024-04-02,TransUnion,659,1,
19227,4072,19227,2022-06-07,Equifax,707,1,
19228,7347,19228,2023-02-21,TransUnion,697,1,41
19229,1376,19229,2020-06-23,Experian,631,4,
19230,11363,19230,2023-04-23,TransUnion,769,5,
19231,6086,19231,2024-03-18,TransUnion,677,1,36
19232,11166,19232,2024-05-04,Experian,741,1,
19233,1615,19233,2021-05-14,Equifax,708,1,
19234,779,19234,2020-05-18,Equifax,679,0,
19235,12089,19235,2021-01-18,Equifax,678,2,39
19236,6881,19236,2022-12-26,Experian,748,4,33
19237,13801,19237,2022-08-21,TransUnion,741,5,
19238,4181,19238,2021-09-07,TransUnion,622,5,50
19239,2179,19239,2024-01-13,TransUnion,698,3,
19240,10221,19240,2020-01-28,Equifax,704,2,4
19241,3004,19241,2020-03-25,Experian,720,4,7
19242,9234,19242,2020-08-21,Experian,748,5,51
19243,9721,19243,2020-04-16,Experian,588,0,
19244,12121,19244,2024-03-17,Experian,680,1,33
19245,13308,19245,2022-10-28,Experian,624,4,
19246,2261,19246,2023-12-09,Experian,809,2,
19247,6561,19247,2022-12-08,Equifax,657,0,
19248,8070,19248,2021-09-17,Equifax,745,5,67
19249,14052,19249,2023-08-16,TransUnion,601,0,40
19250,1216,19250,2022-10-08,Equifax,674,1,
19251,3751,19251,2022-04-06,TransUnion,804,4,
19252,1763,19252,2022-05-17,Equifax,671,1,68
19253,6019,19253,2023-11-03,Experian,642,4,
19254,2765,19254,2022-02-09,Experian,798,1,48
19255,2405,19255,2022-03-21,TransUnion,646,5,
19256,3554,19256,2020-05-20,Equifax,690,5,
19257,11039,19257,2024-01-20,Equifax,850,5,4
19258,13808,19258,2022-08-01,Experian,626,4,47
19259,3681,19259,2023-03-15,TransUnion,749,1,65
19260,2256,19260,2024-01-27,TransUnion,712,2,
19261,4953,19261,2020-08-08,Equifax,715,3,3
19262,789,19262,2021-12-28,TransUnion,671,4,57
19263,1386,19263,2024-05-21,Experian,674,2,
19264,5538,19264,2022-02-08,Equifax,720,3,46
19265,9870,19265,2024-05-07,Equifax,755,5,4
19266,4759,19266,2023-09-06,Equifax,602,3,
19267,10450,19267,2021-02-07,TransUnion,638,3,
19268,493,19268,2021-07-13,Equifax,708,0,
19269,9434,19269,2021-03-03,TransUnion,679,5,51
19270,7787,19270,2023-10-29,TransUnion,680,2,56
19271,6224,19271,2021-11-02,TransUnion,605,1,
19272,4968,19272,2021-07-02,TransUnion,793,2,
19273,3381,19273,2023-12-20,Experian,666,1,3
19274,1345,19274,2024-05-25,Experian,595,1,
19275,10683,19275,2020-08-21,Experian,709,3,61
19276,13581,19276,2022-06-10,Equifax,722,5,
19277,356,19277,2023-12-19,Equifax,647,5,23
19278,3132,19278,2020-02-19,Equifax,813,4,
19279,14813,19279,2022-02-16,Equifax,649,4,
19280,2072,19280,2021-07-05,Equifax,726,3,
19281,13076,19281,2020-11-11,Equifax,731,0,13
19282,13354,19282,2021-06-14,Experian,714,4,19
19283,7847,19283,2022-09-29,TransUnion,719,4,
19284,7466,19284,2022-07-01,Equifax,734,5,
19285,7356,19285,2021-01-31,Experian,717,3,47
19286,10080,19286,2024-01-16,TransUnion,624,5,
19287,11505,19287,2023-03-15,Experian,638,5,
19288,9689,19288,2020-01-09,TransUnion,728,3,
19289,10745,19289,2021-07-09,TransUnion,657,5,5
19290,10475,19290,2020-04-06,Equifax,739,3,20
19291,6765,19291,2021-04-03,Equifax,831,4,
19292,11900,19292,2023-10-15,Experian,734,3,
19293,13473,19293,2021-06-20,Equifax,729,4,17
19294,6556,19294,2023-12-20,TransUnion,734,0,
19295,10665,19295,2021-10-10,TransUnion,669,3,70
19296,14093,19296,2021-11-25,TransUnion,780,5,
19297,4145,19297,2021-11-20,Experian,698,5,59
19298,14233,19298,2020-04-06,TransUnion,740,4,
19299,7528,19299,2022-09-11,Equifax,709,2,
19300,2821,19300,2020-03-20,TransUnion,583,5,
19301,10813,19301,2022-01-04,TransUnion,833,4,
19302,4380,19302,2023-01-13,Equifax,696,0,9
19303,14438,19303,2022-11-15,Experian,632,4,23
19304,11838,19304,2022-06-11,TransUnion,599,1,27
19305,3099,19305,2022-06-10,Experian,626,0,
19306,7253,19306,2023-03-16,Equifax,670,1,
19307,8253,19307,2020-08-20,Equifax,692,0,
19308,3580,19308,2020-05-20,Equifax,706,1,71
19309,8548,19309,2021-03-02,TransUnion,631,5,
19310,11270,19310,2021-01-22,Equifax,675,2,
19311,10909,19311,2021-06-20,TransUnion,595,2,
19312,14447,19312,2022-10-02,Experian,665,0,
19313,13192,19313,2024-02-03,Equifax,661,0,
19314,5122,19314,2023-07-27,TransUnion,720,0,4
19315,4745,19315,2024-04-19,Experian,740,1,
19316,12849,19316,2020-06-16,Experian,663,1,
19317,6503,19317,2020-11-11,TransUnion,661,0,55
19318,2043,19318,2024-01-09,TransUnion,771,3,16
19319,2021,19319,2023-12-04,Equifax,641,2,
19320,13300,19320,2020-08-27,TransUnion,698,1,27
19321,13954,19321,2021-03-16,Experian,710,2,34
19322,6007,19322,2023-05-09,Experian,679,0,
19323,14395,19323,2020-03-01,Experian,628,3,
19324,756,19324,2022-07-18,TransUnion,702,0,46
19325,12201,19325,2022-06-03,TransUnion,722,2,
19326,13742,19326,2021-03-06,Experian,809,5,
19327,9201,19327,2023-03-20,TransUnion,634,3,
19328,2097,19328,2024-02-11,TransUnion,614,4,
19329,13266,19329,2020-04-20,Experian,668,0,4
19330,12665,19330,2022-09-28,Experian,588,2,66
19331,1085,19331,2021-05-17,Equifax,663,2,45
19332,2742,19332,2020-02-16,Experian,691,0,70
19333,6426,19333,2020-06-18,TransUnion,838,2,
19334,4455,19334,2020-02-27,TransUnion,806,1,50
19335,1875,19335,2022-07-15,Equifax,669,2,
19336,8149,19336,2023-11-30,Experian,622,4,
19337,13475,19337,2020-11-03,Equifax,831,3,
19338,12821,19338,2024-02-28,TransUnion,636,4,
19339,7208,19339,2020-09-13,TransUnion,833,2,29
19340,122,19340,2020-02-01,Experian,612,5,
19341,4362,19341,2020-08-30,Equifax,673,0,20
19342,921,19342,2023-05-30,Experian,670,1,59
19343,4705,19343,2021-05-14,TransUnion,741,1,
19344,804,19344,2022-12-28,TransUnion,689,1,
19345,1546,19345,2023-06-21,Experian,738,4,50
19346,13400,19346,2024-01-12,Equifax,623,2,
19347,374,19347,2022-08-31,Experian,626,3,
19348,6032,19348,2020-03-13,TransUnion,637,3,26
19349,7608,19349,2023-04-21,Experian,735,5,
19350,10381,19350,2022-01-19,TransUnion,827,2,
19351,3703,19351,2023-06-18,Experian,718,3,57
19352,6118,19352,2024-05-23,Experian,644,4,3
19353,6808,19353,2023-10-05,TransUnion,665,2,24
19354,303,19354,2024-04-05,TransUnion,641,2,
19355,7687,19355,2021-07-19,Equifax,607,3,
19356,3834,19356,2021-09-25,Experian,666,1,60
19357,13814,19357,2022-05-14,Equifax,709,2,70
19358,14776,19358,2023-09-05,Equifax,736,4,46
19359,1381,19359,2020-10-02,Experian,728,0,
19360,14854,19360,2022-10-25,Experian,803,2,
19361,1653,19361,2020-01-18,Experian,745,1,50
19362,14627,19362,2021-08-13,Experian,745,0,39
19363,9873,19363,2022-04-20,TransUnion,670,0,62
19364,7119,19364,2022-06-28,Equifax,651,5,
19365,6913,19365,2023-09-26,Equifax,791,3,
19366,14656,19366,2023-12-26,Equifax,711,1,3
19367,1724,19367,2021-03-01,TransUnion,657,4,22
19368,2765,19368,2022-02-11,Experian,798,5,
19369,12796,19369,2022-05-01,TransUnion,730,4,34
19370,586,19370,2024-04-18,Equifax,726,0,
19371,13337,19371,2023-09-15,Experian,717,1,18
19372,1240,19372,2023-01-31,Experian,657,5,
19373,3282,19373,2022-11-14,TransUnion,679,0,
19374,3226,19374,2024-01-21,Equifax,677,2,
19375,8349,19375,2024-04-30,Equifax,727,0,
19376,8231,19376,2020-03-09,Equifax,816,5,46
19377,1254,19377,2024-05-26,Experian,845,1,
19378,4727,19378,2022-08-16,TransUnion,631,1,
19379,4135,19379,2024-03-01,Experian,663,3,42
19380,11133,19380,2023-05-05,TransUnion,724,0,
19381,8688,19381,2024-01-13,TransUnion,754,0,46
19382,8756,19382,2020-11-14,TransUnion,673,2,23
19383,3095,19383,2022-03-16,Experian,740,2,9
19384,14822,19384,2021-05-05,TransUnion,743,2,
19385,8704,19385,2023-08-28,Equifax,697,4,49
19386,2809,19386,2020-12-30,Experian,703,0,
19387,2642,19387,2024-05-31,TransUnion,667,5,
19388,2987,19388,2023-09-03,Equifax,746,5,
19389,2052,19389,2024-02-09,Experian,712,2,57
19390,3672,19390,2024-05-02,TransUnion,788,4,13
19391,7483,19391,2023-01-22,TransUnion,829,4,
19392,12137,19392,2020-09-23,Equifax,695,0,
19393,9193,19393,2020-01-26,Equifax,697,1,
19394,5230,19394,2022-06-09,Equifax,738,3,9
19395,14536,19395,2021-09-05,Equifax,669,4,
19396,5227,19396,2023-01-19,Equifax,832,3,39
19397,7026,19397,2023-09-16,Equifax,696,0,
19398,8481,19398,2022-11-11,Equifax,615,4,
19399,3547,19399,2022-03-14,Equifax,706,1,
19400,2423,19400,2020-08-02,Equifax,747,2,
19401,7228,19401,2023-05-02,TransUnion,721,3,
19402,13339,19402,2021-01-08,Equifax,587,5,
19403,8639,19403,2023-01-31,TransUnion,772,3,
19404,2050,19404,2020-06-04,TransUnion,708,0,71
19405,5959,19405,2021-10-16,TransUnion,657,4,
19406,717,19406,2020-11-20,Experian,804,3,64
19407,5716,19407,2021-09-13,Experian,823,3,
19408,1022,19408,2020-05-27,Experian,724,1,42
19409,8627,19409,2021-05-17,Equifax,728,0,
19410,9608,19410,2021-01-17,Equifax,703,2,26
19411,9583,19411,2023-11-10,Experian,605,2,
19412,14187,19412,2024-02-02,Experian,696,5,
19413,7550,19413,2021-12-10,TransUnion,665,2,
19414,3587,19414,2022-05-09,Equifax,735,0,65
19415,171,19415,2024-04-13,Experian,735,2,53
19416,13675,19416,2023-10-02,TransUnion,694,4,41
19417,8328,19417,2024-05-13,TransUnion,813,1,
19418,7440,19418,2023-07-17,TransUnion,806,3,6
19419,12213,19419,2020-01-02,TransUnion,608,5,9
19420,14781,19420,2021-12-10,Equifax,794,3,
19421,13801,19421,2024-04-27,TransUnion,741,1,39
19422,2812,19422,2022-05-08,Experian,614,2,
19423,14571,19423,2021-06-12,Experian,753,4,
19424,7400,19424,2021-03-02,Experian,723,4,67
19425,8037,19425,2022-11-04,Experian,704,1,9
19426,12633,19426,2021-10-17,TransUnion,594,5,
19427,7386,19427,2020-08-31,TransUnion,650,1,66
19428,759,19428,2021-10-10,Experian,687,3,
19429,1311,19429,2022-05-22,Experian,744,5,23
19430,3876,19430,2023-07-07,TransUnion,746,0,35
19431,4142,19431,2023-05-14,TransUnion,651,5,
19432,12066,19432,2023-10-03,TransUnion,628,5,4
19433,13381,19433,2022-11-04,Experian,833,1,6
19434,8199,19434,2024-04-15,Equifax,647,2,
19435,6070,19435,2020-03-10,TransUnion,749,2,9
19436,12885,19436,2023-09-09,TransUnion,605,1,
19437,770,19437,2022-08-13,TransUnion,778,4,
19438,13296,19438,2023-09-04,Equifax,780,0,
19439,8589,19439,2020-06-05,TransUnion,719,1,
19440,10908,19440,2021-06-14,Equifax,727,2,
19441,3066,19441,2023-12-31,Equifax,748,2,
19442,8088,19442,2020-05-06,Experian,700,1,
19443,7430,19443,2020-10-09,TransUnion,741,1,16
19444,6864,19444,2024-01-29,TransUnion,684,1,
19445,11273,19445,2024-02-27,TransUnion,609,4,46
19446,5008,19446,2020-12-01,TransUnion,739,4,45
19447,3708,19447,2021-08-06,Equifax,847,1,62
19448,9419,19448,2020-06-30,Equifax,715,5,
19449,1927,19449,2020-03-30,TransUnion,730,0,30
19450,7095,19450,2022-11-28,Equifax,748,0,
19451,8365,19451,2021-05-28,Equifax,650,1,
19452,5194,19452,2022-09-10,Experian,713,1,
19453,660,19453,2022-03-30,Equifax,741,4,
19454,755,19454,2022-09-13,TransUnion,778,3,
19455,9316,19455,2024-01-27,TransUnion,681,3,55
19456,13815,19456,2023-01-23,TransUnion,715,1,56
19457,1408,19457,2024-01-11,Equifax,669,4,
19458,6225,19458,2020-11-10,TransUnion,645,4,
19459,10477,19459,2024-02-27,Experian,668,0,
19460,12996,19460,2021-06-10,Experian,702,4,25
19461,2661,19461,2022-11-16,Experian,706,0,34
19462,10708,19462,2022-04-06,Experian,702,2,35
19463,9560,19463,2020-12-10,Equifax,672,5,
19464,5817,19464,2021-01-17,TransUnion,682,3,
19465,12328,19465,2021-04-13,Equifax,685,2,40
19466,7194,19466,2021-10-05,Equifax,644,4,33
19467,3823,19467,2022-12-06,Experian,833,2,67
19468,8988,19468,2022-05-08,TransUnion,733,4,
19469,1775,19469,2022-11-28,TransUnion,832,4,
19470,9227,19470,2022-10-12,Experian,687,0,
19471,2247,19471,2023-12-10,Equifax,689,5,
19472,7141,19472,2022-06-16,Experian,661,3,69
19473,14762,19473,2022-12-10,Equifax,762,1,
19474,9682,19474,2020-12-29,Equifax,712,4,
19475,67,19475,2023-12-28,Equifax,672,2,68
19476,4622,19476,2020-05-29,TransUnion,662,2,32
19477,11246,19477,2024-03-02,TransUnion,748,0,71
19478,13116,19478,2024-02-05,Equifax,699,4,
19479,14853,19479,2023-06-24,TransUnion,709,1,
19480,5705,19480,2024-05-25,TransUnion,737,5,48
19481,11296,19481,2020-05-11,TransUnion,626,3,
19482,11538,19482,2020-01-04,Equifax,636,3,
19483,7493,19483,2022-03-23,TransUnion,727,1,31
19484,8433,19484,2023-06-10,Experian,752,3,45
19485,3130,19485,2024-02-14,Experian,639,0,43
19486,11150,19486,2023-01-11,TransUnion,824,0,5
19487,12469,19487,2020-12-01,TransUnion,702,5,
19488,9930,19488,2022-08-22,Equifax,720,1,
19489,12802,19489,2021-07-22,Equifax,703,3,
19490,3602,19490,2024-02-20,Experian,714,1,41
19491,10116,19491,2024-01-03,TransUnion,744,4,
19492,6143,19492,2021-10-13,Experian,681,1,
19493,6142,19493,2024-04-30,TransUnion,747,4,
19494,3242,19494,2024-04-30,Equifax,729,5,
19495,7363,19495,2020-09-19,Experian,670,2,12
19496,1480,19496,2020-03-05,Experian,742,2,
19497,10864,19497,2023-07-06,Equifax,636,2,17
19498,14514,19498,2023-04-02,Equifax,709,3,
19499,5020,19499,2022-09-15,TransUnion,774,1,
19500,8742,19500,2023-12-12,Experian,805,5,38
19501,14746,19501,2023-02-24,TransUnion,658,3,10
19502,14009,19502,2023-11-28,Equifax,632,1,37
19503,6189,19503,2023-08-31,Experian,690,1,41
19504,12991,19504,2022-01-25,Experian,744,3,
19505,962,19505,2024-04-02,Equifax,671,4,32
19506,13660,19506,2023-03-29,Experian,610,3,9
19507,13990,19507,2024-05-27,Equifax,684,3,
19508,7748,19508,2023-11-18,TransUnion,715,4,
19509,9119,19509,2021-08-29,Experian,761,2,70
19510,9372,19510,2021-01-04,Equifax,627,1,22
19511,9964,19511,2023-02-28,TransUnion,705,4,
19512,9875,19512,2020-10-07,Experian,627,0,
19513,2847,19513,2020-01-04,Equifax,706,4,37
19514,14294,19514,2024-05-04,Experian,708,0,
19515,4358,19515,2023-11-18,Experian,704,1,
19516,8656,19516,2022-05-16,Equifax,757,4,21
19517,2458,19517,2021-12-29,Experian,627,3,
19518,12443,19518,2021-10-09,Experian,749,2,16
19519,8964,19519,2020-10-27,TransUnion,586,0,
19520,9531,19520,2021-05-03,TransUnion,731,5,29
19521,1171,19521,2020-08-27,Equifax,680,4,26
19522,12348,19522,2020-01-28,TransUnion,689,4,27
19523,13157,19523,2023-08-07,Experian,717,4,
19524,506,19524,2023-09-13,Equifax,822,1,50
19525,8583,19525,2020-09-15,Equifax,718,0,8
19526,3109,19526,2022-02-28,Experian,641,0,
19527,7291,19527,2021-06-01,Equifax,773,4,16
19528,9998,19528,2022-06-05,Experian,588,4,42
19529,13795,19529,2021-01-01,Equifax,696,4,46
19530,8095,19530,2020-07-03,Equifax,599,3,
19531,6568,19531,2023-09-14,Experian,666,1,45
19532,11481,19532,2022-02-20,TransUnion,712,4,
19533,13105,19533,2023-05-14,Equifax,712,2,
19534,6723,19534,2023-05-05,Experian,718,2,
19535,8342,19535,2020-06-07,Experian,735,4,
19536,13913,19536,2023-07-22,Equifax,627,0,
19537,7530,19537,2020-10-08,Experian,741,4,
19538,14196,19538,2021-03-01,Experian,760,3,13
19539,7434,19539,2022-07-27,Equifax,721,1,50
19540,8960,19540,2022-05-12,TransUnion,844,5,34
19541,11782,19541,2021-11-14,Experian,788,3,45
19542,6205,19542,2024-04-18,Experian,710,0,42
19543,5661,19543,2023-04-29,TransUnion,782,3,
19544,11966,19544,2020-04-07,TransUnion,720,0,
19545,1683,19545,2023-06-28,Equifax,747,2,22
19546,8146,19546,2024-04-13,TransUnion,628,4,
19547,2612,19547,2021-11-12,Equifax,682,2,20
19548,10268,19548,2024-04-11,Equifax,848,0,33
19549,13901,19549,2023-05-01,Equifax,694,1,
19550,342,19550,2023-05-01,Experian,850,1,
19551,14624,19551,2024-01-07,Experian,721,5,
19552,1171,19552,2023-03-16,Equifax,680,0,
19553,3585,19553,2023-08-31,TransUnion,756,4,
19554,351,19554,2020-11-21,Equifax,695,5,
19555,11396,19555,2023-05-12,Experian,637,1,16
19556,8063,19556,2024-02-13,Equifax,636,3,
19557,3324,19557,2024-04-26,Experian,667,4,32
19558,5972,19558,2020-08-19,Experian,734,4,
19559,10462,19559,2020-08-17,Equifax,723,2,
19560,3929,19560,2024-03-08,Equifax,664,4,
19561,2571,19561,2023-07-20,TransUnion,693,1,
19562,1335,19562,2021-03-12,Experian,769,1,
19563,2443,19563,2024-02-27,Equifax,645,4,
19564,12022,19564,2021-01-09,Equifax,696,0,70
19565,14644,19565,2021-12-02,Experian,726,5,62
19566,14209,19566,2020-11-05,Equifax,622,4,
19567,11555,19567,2023-07-09,Equifax,586,2,68
19568,4929,19568,2021-12-20,Experian,708,4,50
19569,8576,19569,2021-05-20,Equifax,660,3,
19570,1320,19570,2020-05-11,Experian,809,5,
19571,6560,19571,2022-05-13,TransUnion,726,4,41
19572,11587,19572,2021-06-17,TransUnion,746,4,
19573,9181,19573,2022-04-20,Experian,701,0,19
19574,13274,19574,2021-08-12,Equifax,720,2,
19575,5887,19575,2020-01-11,TransUnion,751,3,
19576,3802,19576,2024-03-24,TransUnion,817,4,54
19577,2536,19577,2020-11-26,Equifax,728,4,
19578,14073,19578,2021-03-22,Equifax,780,2,
19579,7475,19579,2023-11-14,Experian,718,1,
19580,8035,19580,2021-12-15,TransUnion,651,5,63
19581,1369,19581,2020-03-17,TransUnion,716,0,
19582,14194,19582,2020-12-22,Experian,746,0,62
19583,12332,19583,2021-07-15,TransUnion,671,3,
19584,4667,19584,2022-12-24,Equifax,633,1,
19585,13716,19585,2023-09-06,Experian,650,5,5
19586,6829,19586,2021-12-31,TransUnion,606,0,
19587,627,19587,2024-04-11,Experian,790,3,21
19588,2636,19588,2021-11-18,Equifax,721,5,
19589,9576,19589,2020-09-25,Experian,583,0,
19590,10561,19590,2022-06-07,Experian,587,4,
19591,11608,19591,2021-01-27,TransUnion,640,5,9
19592,10887,19592,2020-12-12,TransUnion,722,0,17
19593,10984,19593,2020-07-09,Equifax,782,0,71
19594,10636,19594,2023-05-10,Equifax,774,4,11
19595,2649,19595,2021-07-09,TransUnion,626,0,
19596,3715,19596,2021-03-07,Experian,758,4,13
19597,6594,19597,2020-03-16,TransUnion,668,2,
19598,804,19598,2021-03-17,Experian,689,1,
19599,7250,19599,2023-10-12,Equifax,653,4,45
19600,9165,19600,2020-10-22,Equifax,681,3,39
19601,3214,19601,2021-02-11,Experian,780,1,
19602,10248,19602,2024-04-16,Equifax,707,4,
19603,9908,19603,2022-08-08,Experian,724,5,
19604,2429,19604,2022-09-23,TransUnion,587,4,18
19605,9499,19605,2023-08-07,TransUnion,749,1,
19606,3572,19606,2023-06-22,Equifax,723,5,
19607,14439,19607,2022-01-31,Equifax,744,2,
19608,13278,19608,2024-02-03,TransUnion,726,1,
19609,9344,19609,2021-03-02,TransUnion,745,4,
19610,1388,19610,2024-02-12,Experian,749,2,
19611,10763,19611,2021-06-18,Equifax,740,1,
19612,6232,19612,2023-10-04,Equifax,679,4,14
19613,880,19613,2023-07-02,Equifax,829,5,19
19614,14219,19614,2023-08-16,TransUnion,586,0,
19615,8486,19615,2023-03-07,Experian,664,5,57
19616,7482,19616,2020-10-07,Experian,705,2,58
19617,14455,19617,2021-09-26,TransUnion,581,2,20
19618,14669,19618,2023-12-26,Equifax,694,2,35
19619,2893,19619,2020-11-09,Equifax,806,0,
19620,3808,19620,2022-02-13,Experian,735,3,64
19621,11221,19621,2020-10-06,Experian,754,3,70
19622,7182,19622,2023-01-28,Experian,684,2,
19623,468,19623,2024-05-31,Equifax,755,5,51
19624,4525,19624,2021-04-07,Equifax,835,0,48
19625,8381,19625,2020-12-29,TransUnion,657,5,
19626,9235,19626,2020-05-25,Equifax,703,5,
19627,4130,19627,2021-03-18,Experian,827,2,43
19628,10191,19628,2024-01-08,Equifax,740,3,30
19629,4577,19629,2022-06-09,TransUnion,598,0,21
19630,11354,19630,2024-01-10,Equifax,590,2,38
19631,11604,19631,2021-07-12,Experian,835,5,31
19632,4059,19632,2023-11-03,TransUnion,599,1,
19633,5888,19633,2023-04-13,TransUnion,604,4,54
19634,13049,19634,2021-08-22,TransUnion,782,2,
19635,11468,19635,2021-03-29,Experian,736,5,10
19636,10259,19636,2022-09-24,Experian,689,5,33
19637,6096,19637,2020-07-25,Equifax,701,0,17
19638,1899,19638,2022-01-07,TransUnion,709,3,
19639,12650,19639,2023-05-07,Equifax,581,3,
19640,5140,19640,2021-04-17,Experian,699,4,31
19641,12410,19641,2020-12-24,TransUnion,697,3,
19642,4016,19642,2023-10-04,Experian,683,0,
19643,7026,19643,2023-05-08,Equifax,696,3,
19644,7198,19644,2020-08-22,Equifax,584,1,
19645,13859,19645,2020-03-24,TransUnion,741,0,58
19646,3298,19646,2023-06-24,Experian,729,4,
19647,4776,19647,2024-02-14,Equifax,739,2,5
19648,3635,19648,2022-11-01,Experian,687,3,
19649,8777,19649,2022-04-19,Equifax,703,0,
19650,11128,19650,2022-07-22,Equifax,692,0,
19651,5010,19651,2024-01-30,TransUnion,705,2,25
19652,1863,19652,2021-01-24,Equifax,849,0,
19653,4110,19653,2021-03-28,TransUnion,738,2,
19654,11526,19654,2022-01-06,Equifax,757,0,
19655,3432,19655,2020-03-19,TransUnion,730,2,49
19656,12981,19656,2020-06-27,Experian,694,1,
19657,5512,19657,2023-07-13,Equifax,644,5,21
19658,7950,19658,2021-08-26,TransUnion,761,3,
19659,13906,19659,2020-11-12,TransUnion,717,4,
19660,4073,19660,2023-04-22,TransUnion,754,3,
19661,3625,19661,2024-02-24,TransUnion,723,5,
19662,2152,19662,2020-12-23,TransUnion,742,0,45
19663,10943,19663,2022-05-03,TransUnion,826,2,
19664,11962,19664,2023-07-14,Equifax,668,4,29
19665,8321,19665,2023-03-21,Experian,730,4,14
19666,10003,19666,2024-05-02,TransUnion,639,5,
19667,3257,19667,2020-02-22,Equifax,729,3,49
19668,2984,19668,2022-07-20,Experian,584,5,29
19669,11947,19669,2020-11-16,Experian,611,3,
19670,1679,19670,2023-04-21,Equifax,820,4,
19671,4056,19671,2023-11-26,Experian,720,5,
19672,6746,19672,2021-11-10,TransUnion,614,5,
19673,7134,19673,2023-04-10,Experian,733,0,
19674,12727,19674,2020-04-02,TransUnion,767,5,
19675,4023,19675,2021-06-13,TransUnion,812,5,31
19676,9648,19676,2024-01-22,Equifax,660,4,
19677,10122,19677,2023-09-28,TransUnion,746,4,
19678,4558,19678,2024-03-07,Equifax,683,1,27
19679,7662,19679,2022-05-28,Equifax,744,1,53
19680,8961,19680,2023-11-11,Experian,597,0,
19681,1396,19681,2021-10-25,Experian,845,4,
19682,11317,19682,2020-03-08,Experian,686,2,
19683,11291,19683,2020-10-29,Equifax,672,1,
19684,9607,19684,2020-09-08,TransUnion,630,2,
19685,12525,19685,2020-04-25,Experian,648,3,
19686,7638,19686,2023-01-30,TransUnion,587,1,
19687,14252,19687,2023-12-04,Experian,704,1,
19688,13957,19688,2021-06-01,Experian,692,2,
19689,8083,19689,2023-02-05,Equifax,662,1,
19690,5399,19690,2024-05-29,Experian,747,4,45
19691,6755,19691,2022-05-21,Experian,635,2,
19692,1697,19692,2021-04-13,TransUnion,721,3,
19693,12698,19693,2022-01-20,Equifax,743,5,65
19694,4607,19694,2022-11-29,TransUnion,687,1,
19695,4068,19695,2024-05-21,Equifax,755,2,
19696,8069,19696,2022-09-10,Equifax,731,3,11
19697,5167,19697,2023-07-08,TransUnion,649,0,41
19698,6685,19698,2023-04-08,Experian,724,0,
19699,10117,19699,2020-06-04,Experian,718,4,
19700,2328,19700,2022-11-22,TransUnion,659,1,39
19701,6244,19701,2021-07-21,Experian,721,2,53
19702,4199,19702,2022-11-11,TransUnion,733,0,
19703,2491,19703,2023-04-13,Equifax,713,1,
19704,10242,19704,2022-09-26,TransUnion,726,0,61
19705,4962,19705,2022-12-09,TransUnion,679,2,
19706,6199,19706,2023-11-01,Equifax,846,3,
19707,1948,19707,2023-07-26,Experian,774,3,
19708,4085,19708,2024-02-13,TransUnion,686,4,
19709,2480,19709,2021-05-21,Experian,603,5,
19710,4964,19710,2020-02-21,Experian,754,3,
19711,9768,19711,2024-02-18,Equifax,712,4,
19712,3078,19712,2022-02-24,Equifax,719,3,54
19713,2602,19713,2023-06-14,Equifax,694,2,
19714,7870,19714,2022-05-30,TransUnion,610,0,56
19715,12213,19715,2023-04-12,TransUnion,608,4,53
19716,4437,19716,2024-03-02,Equifax,713,1,25
19717,10220,19717,2022-02-19,Experian,673,1,
19718,11518,19718,2020-12-09,Equifax,707,5,62
19719,7995,19719,2020-05-29,Equifax,769,3,
19720,5429,19720,2020-09-09,TransUnion,735,2,
19721,10403,19721,2023-12-20,TransUnion,716,0,
19722,10673,19722,2020-09-06,Equifax,738,4,14
19723,3716,19723,2020-06-29,Experian,746,5,
19724,1053,19724,2020-05-03,Experian,844,1,62
19725,14048,19725,2023-05-19,Equifax,689,3,
19726,11973,19726,2022-08-19,Equifax,592,0,
19727,3199,19727,2022-02-24,Experian,762,3,4
19728,3529,19728,2023-09-29,Experian,720,5,66
19729,1395,19729,2021-10-06,Experian,821,3,
19730,10567,19730,2023-08-19,TransUnion,808,0,
19731,4756,19731,2022-03-30,Experian,681,5,
19732,13272,19732,2020-12-30,Equifax,799,0,65
19733,13092,19733,2021-03-14,Experian,727,0,
19734,10599,19734,2020-01-28,TransUnion,625,4,29
19735,9983,19735,2022-01-18,TransUnion,719,0,
19736,864,19736,2022-03-25,TransUnion,693,5,46
19737,7652,19737,2020-01-10,Equifax,710,2,55
19738,743,19738,2022-01-29,Equifax,742,2,
19739,8340,19739,2024-02-29,Equifax,607,1,
19740,1508,19740,2020-01-26,TransUnion,615,4,
19741,10517,19741,2020-11-03,Experian,732,1,
19742,5353,19742,2022-09-07,TransUnion,782,2,69
19743,13396,19743,2022-04-20,Experian,741,1,
19744,5729,19744,2021-11-14,Experian,768,3,69
19745,11590,19745,2023-10-03,TransUnion,663,4,4
19746,6559,19746,2022-04-04,TransUnion,709,5,
19747,5403,19747,2020-07-18,Equifax,760,1,36
19748,14007,19748,2023-02-01,TransUnion,595,5,
19749,14572,19749,2024-02-22,Experian,590,0,
19750,14727,19750,2020-02-12,Experian,742,2,
19751,13201,19751,2020-07-20,TransUnion,693,2,
19752,6391,19752,2020-10-13,Equifax,676,1,
19753,14935,19753,2020-10-24,Experian,790,0,49
19754,5716,19754,2023-04-03,Equifax,823,2,
19755,3018,19755,2023-01-26,Experian,668,4,
19756,1570,19756,2020-01-26,TransUnion,615,3,
19757,8169,19757,2023-06-02,TransUnion,778,2,50
19758,7396,19758,2022-09-09,TransUnion,690,5,33
19759,6508,19759,2024-04-30,Experian,607,4,
19760,12084,19760,2021-05-02,Experian,699,3,
19761,11032,19761,2020-02-20,TransUnion,674,1,60
19762,12153,19762,2023-04-13,Equifax,631,0,
19763,443,19763,2021-03-28,Experian,726,0,
19764,10312,19764,2021-04-17,Equifax,713,5,66
19765,7577,19765,2023-12-01,Experian,725,1,60
19766,8544,19766,2024-04-15,Experian,615,2,
19767,12818,19767,2022-05-17,Equifax,663,5,
19768,2242,19768,2020-08-27,Equifax,735,2,
19769,10442,19769,2020-07-21,TransUnion,788,5,
19770,14881,19770,2020-11-04,TransUnion,675,4,27
19771,12936,19771,2024-05-16,Experian,713,2,41
19772,14266,19772,2022-12-03,Equifax,726,0,64
19773,9249,19773,2024-04-08,Experian,675,2,
19774,13331,19774,2023-12-17,Equifax,687,3,
19775,5846,19775,2020-12-09,Experian,706,2,
19776,3055,19776,2020-11-15,TransUnion,802,0,69
19777,11841,19777,2021-10-25,TransUnion,763,2,
19778,9797,19778,2021-01-27,TransUnion,679,0,4
19779,7330,19779,2020-12-10,Equifax,683,5,63
19780,8392,19780,2020-02-09,Experian,673,2,47
19781,1806,19781,2020-12-18,Experian,693,0,
19782,1578,19782,2020-08-01,TransUnion,633,4,
19783,14107,19783,2020-07-04,Experian,626,1,46
19784,14456,19784,2022-09-16,TransUnion,718,0,9
19785,450,19785,2023-08-06,TransUnion,720,2,
19786,14718,19786,2023-06-28,Equifax,824,1,
19787,14283,19787,2022-03-04,Experian,735,3,
19788,9164,19788,2020-02-10,Equifax,731,1,24
19789,13434,19789,2021-08-10,Experian,839,3,
19790,5266,19790,2021-03-01,Equifax,646,5,
19791,1606,19791,2021-10-12,TransUnion,661,3,
19792,8837,19792,2023-02-10,Experian,702,1,14
19793,8645,19793,2022-12-24,Equifax,702,2,
19794,11529,19794,2023-09-21,TransUnion,691,3,50
19795,9645,19795,2020-02-11,Experian,634,1,
19796,13102,19796,2022-02-22,Equifax,721,4,23
19797,9030,19797,2021-06-11,Equifax,726,4,61
19798,11657,19798,2021-05-07,Equifax,583,0,
19799,2090,19799,2021-10-29,TransUnion,715,5,11
19800,3477,19800,2023-03-25,TransUnion,737,2,12
19801,9506,19801,2021-09-08,TransUnion,849,0,
19802,5058,19802,2021-02-12,Experian,720,0,
19803,3975,19803,2023-11-17,Equifax,654,2,
19804,7539,19804,2023-10-04,TransUnion,699,4,8
19805,7371,19805,2022-06-28,Experian,605,2,34
19806,3545,19806,2022-02-21,Experian,696,5,
19807,14824,19807,2024-01-22,Equifax,646,1,
19808,11085,19808,2024-02-19,Equifax,803,2,
19809,10231,19809,2022-09-07,TransUnion,580,1,
19810,4720,19810,2020-10-02,TransUnion,824,5,
19811,12134,19811,2020-08-10,Equifax,841,4,
19812,2200,19812,2021-04-01,Experian,784,3,54
19813,1893,19813,2020-11-16,Experian,662,4,
19814,748,19814,2020-08-13,Equifax,705,0,
19815,8901,19815,2021-01-07,Experian,585,3,67
19816,2838,19816,2020-04-23,TransUnion,739,1,25
19817,6846,19817,2021-10-03,TransUnion,637,2,
19818,9050,19818,2023-10-24,Experian,829,3,60
19819,12482,19819,2024-04-05,Experian,667,0,
19820,9730,19820,2020-10-17,TransUnion,590,0,67
19821,5372,19821,2021-10-11,TransUnion,774,4,
19822,14612,19822,2022-04-04,TransUnion,679,1,
19823,5935,19823,2020-07-02,TransUnion,690,0,51
19824,13888,19824,2023-03-26,TransUnion,691,3,56
19825,1256,19825,2020-04-18,Equifax,801,1,6
19826,896,19826,2020-12-14,TransUnion,824,0,
19827,6107,19827,2021-03-05,TransUnion,730,3,60
19828,12622,19828,2021-01-21,TransUnion,701,5,4
19829,7479,19829,2021-05-04,Experian,708,0,
19830,5748,19830,2023-09-14,Experian,804,2,
19831,345,19831,2022-03-11,Experian,711,1,
19832,4375,19832,2023-11-12,TransUnion,678,0,
19833,7689,19833,2021-09-18,Equifax,628,0,68
19834,7783,19834,2022-02-13,Equifax,735,1,
19835,3011,19835,2021-11-29,Experian,587,0,
19836,12251,19836,2024-05-02,Experian,676,3,
19837,12328,19837,2020-05-08,Equifax,685,5,67
19838,11727,19838,2021-03-24,Equifax,580,5,
19839,5693,19839,2024-03-10,TransUnion,695,1,45
19840,8763,19840,2021-12-30,Experian,676,0,
19841,7486,19841,2024-02-10,Equifax,720,5,17
19842,12820,19842,2022-12-30,TransUnion,617,4,
19843,10296,19843,2023-08-25,TransUnion,721,3,
19844,195,19844,2022-03-06,Equifax,752,5,59
19845,11204,19845,2024-01-18,Experian,679,2,46
19846,4110,19846,2022-08-04,Equifax,738,5,
19847,6766,19847,2023-04-22,Equifax,711,4,19
19848,8169,19848,2023-11-03,Equifax,778,5,
19849,5924,19849,2022-04-21,Experian,742,2,61
19850,958,19850,2023-12-05,Experian,675,3,
19851,9941,19851,2024-02-22,Experian,727,3,
19852,9624,19852,2024-05-05,Experian,676,2,
19853,9823,19853,2021-03-01,Experian,800,4,25
19854,5666,19854,2022-10-31,TransUnion,848,0,56
19855,7062,19855,2024-04-13,TransUnion,592,1,
19856,8410,19856,2023-02-05,Equifax,784,5,
19857,3514,19857,2023-05-12,Experian,659,2,55
19858,10474,19858,2023-02-12,Experian,704,3,44
19859,13258,19859,2022-07-26,TransUnion,697,4,39
19860,13860,19860,2021-06-12,TransUnion,712,3,
19861,4275,19861,2022-09-23,TransUnion,667,3,
19862,14543,19862,2023-07-14,Experian,846,4,42
19863,3745,19863,2021-01-04,Experian,697,2,
19864,2647,19864,2023-06-13,TransUnion,715,0,
19865,11237,19865,2024-01-03,Equifax,820,2,37
19866,13885,19866,2022-07-13,Equifax,638,3,
19867,814,19867,2022-12-22,Equifax,615,4,
19868,251,19868,2022-03-21,Experian,772,5,
19869,87,19869,2022-08-29,Equifax,840,4,
19870,6367,19870,2022-05-01,Equifax,690,1,59
19871,2834,19871,2021-06-19,Equifax,745,4,64
19872,6858,19872,2023-04-26,TransUnion,703,2,
19873,12168,19873,2020-03-18,Equifax,739,0,
19874,4328,19874,2021-02-20,Equifax,701,5,
19875,8657,19875,2024-01-08,Experian,785,3,
19876,7162,19876,2023-08-12,Experian,654,3,
19877,1772,19877,2023-01-13,Equifax,684,3,30
19878,5130,19878,2021-05-20,TransUnion,629,2,
19879,1299,19879,2021-07-10,TransUnion,727,4,30
19880,11029,19880,2022-12-28,Equifax,748,0,
19881,4042,19881,2022-06-16,Equifax,775,4,
19882,945,19882,2020-01-29,TransUnion,702,2,
19883,5280,19883,2023-04-18,TransUnion,605,5,59
19884,12311,19884,2020-09-04,Equifax,597,3,
19885,7572,19885,2020-09-10,Experian,604,5,65
19886,3622,19886,2020-12-15,Experian,704,0,
19887,11640,19887,2020-03-17,Equifax,820,5,
19888,9568,19888,2021-09-13,Equifax,701,2,30
19889,12747,19889,2022-11-15,TransUnion,807,5,
19890,3129,19890,2020-08-05,TransUnion,714,2,
19891,14661,19891,2022-10-02,Equifax,796,4,
19892,7876,19892,2023-11-18,Equifax,813,2,
19893,4693,19893,2020-05-30,TransUnion,656,0,9
19894,7527,19894,2024-02-23,Experian,765,2,
19895,1168,19895,2024-01-27,Experian,773,0,
19896,3046,19896,2024-03-24,TransUnion,668,3,
19897,3618,19897,2020-05-27,Experian,819,3,
19898,13137,19898,2020-07-10,Experian,688,3,12
19899,13752,19899,2023-01-18,Equifax,768,5,32
19900,13447,19900,2022-03-23,Experian,693,2,
19901,4379,19901,2021-08-28,TransUnion,722,4,
19902,6723,19902,2021-05-22,Equifax,718,2,23
19903,14227,19903,2020-05-01,Experian,604,5,
19904,7050,19904,2021-05-31,Equifax,625,0,
19905,10563,19905,2020-07-25,TransUnion,691,0,
19906,11837,19906,2021-08-28,Experian,681,2,
19907,13012,19907,2022-11-15,Equifax,676,1,15
19908,891,19908,2020-06-06,TransUnion,840,0,36
19909,5170,19909,2024-01-05,Experian,838,3,
19910,1608,19910,2020-10-02,Equifax,604,0,
19911,14426,19911,2021-09-30,TransUnion,680,1,41
19912,8544,19912,2020-05-11,Experian,615,3,
19913,10435,19913,2020-07-01,TransUnion,762,0,
19914,10246,19914,2024-01-04,Equifax,634,0,36
19915,14331,19915,2023-05-12,Experian,719,3,
19916,4572,19916,2021-05-13,TransUnion,786,5,
19917,3028,19917,2021-02-08,Equifax,800,1,
19918,12203,19918,2024-04-15,Experian,736,3,15
19919,14430,19919,2022-08-15,Equifax,585,0,47
19920,4936,19920,2020-09-15,Equifax,607,4,16
19921,5723,19921,2022-01-27,Experian,712,0,33
19922,7385,19922,2023-03-11,TransUnion,741,1,
19923,10949,19923,2021-07-23,TransUnion,715,5,
19924,13035,19924,2022-05-27,Experian,777,5,56
19925,11557,19925,2020-04-05,Equifax,835,2,36
19926,9243,19926,2020-09-30,TransUnion,732,0,51
19927,4185,19927,2023-11-22,Equifax,621,5,39
19928,10956,19928,2020-01-09,TransUnion,685,5,38
19929,12496,19929,2024-05-28,TransUnion,679,3,3
19930,12812,19930,2021-10-26,Experian,823,1,
19931,10671,19931,2021-02-19,Experian,778,2,52
19932,3727,19932,2020-03-18,Equifax,607,0,
19933,7286,19933,2022-02-04,TransUnion,716,2,64
19934,3575,19934,2021-02-05,TransUnion,603,2,
19935,6276,19935,2023-07-05,Equifax,718,0,45
19936,8976,19936,2020-10-18,TransUnion,649,2,
19937,5230,19937,2023-07-19,TransUnion,738,2,54
19938,8121,19938,2022-11-10,TransUnion,648,5,
19939,14232,19939,2021-02-03,Equifax,592,4,
19940,5096,19940,2020-05-01,Equifax,761,2,44
19941,11648,19941,2021-01-21,Equifax,721,4,33
19942,4602,19942,2021-08-20,TransUnion,698,1,61
19943,12881,19943,2023-01-07,Experian,758,1,
19944,4991,19944,2020-09-05,TransUnion,613,0,
19945,3241,19945,2020-03-23,Experian,632,0,67
19946,14579,19946,2020-06-01,TransUnion,835,3,
19947,9894,19947,2022-05-22,TransUnion,712,1,
19948,8129,19948,2021-06-20,Equifax,608,5,15
19949,5851,19949,2021-11-30,Experian,713,5,
19950,3419,19950,2020-08-26,Experian,659,3,50
19951,8079,19951,2023-11-02,Experian,774,1,50
19952,5770,19952,2022-06-11,TransUnion,813,3,17
19953,13224,19953,2021-09-14,Equifax,677,1,
19954,11320,19954,2022-09-13,Experian,621,1,
19955,4637,19955,2024-05-10,Experian,669,5,33
19956,9201,19956,2023-01-06,TransUnion,634,2,
19957,14016,19957,2022-02-03,Experian,675,3,
19958,9451,19958,2021-05-17,Experian,819,3,70
19959,7314,19959,2023-05-13,Equifax,736,5,
19960,2787,19960,2024-05-06,TransUnion,823,2,60
19961,1876,19961,2021-10-17,TransUnion,591,3,
19962,9217,19962,2024-04-28,Experian,837,2,64
19963,8549,19963,2024-04-09,TransUnion,687,1,
19964,3402,19964,2023-08-14,Equifax,649,5,22
19965,12738,19965,2021-06-25,Experian,700,0,
19966,14796,19966,2022-04-21,Experian,679,1,59
19967,6494,19967,2021-03-08,TransUnion,730,5,
19968,11638,19968,2021-07-12,Experian,669,2,
19969,2609,19969,2020-08-03,Experian,694,2,14
19970,4232,19970,2023-12-03,Equifax,675,0,6
19971,10122,19971,2022-09-23,TransUnion,746,4,26
19972,7104,19972,2021-01-08,TransUnion,726,0,12
19973,13789,19973,2020-10-23,Equifax,598,0,
19974,5928,19974,2024-02-29,Experian,836,1,
19975,8216,19975,2023-05-17,Equifax,585,3,
19976,6971,19976,2020-04-09,Equifax,614,5,18
19977,2309,19977,2022-10-03,Experian,698,1,41
19978,8497,19978,2022-02-04,Experian,693,3,69
19979,8446,19979,2020-06-24,Equifax,634,2,
19980,9193,19980,2021-12-11,Equifax,697,4,69
19981,3759,19981,2020-06-29,Experian,734,5,22
19982,6113,19982,2020-11-20,TransUnion,661,2,
19983,14645,19983,2024-01-03,Equifax,739,4,22
19984,12533,19984,2023-07-13,TransUnion,713,4,50
19985,8671,19985,2023-11-23,TransUnion,724,3,
19986,13056,19986,2021-12-06,Experian,661,5,
19987,3724,19987,2022-04-26,Experian,678,0,
19988,6157,19988,2023-02-26,TransUnion,592,0,46
19989,4053,19989,2021-12-17,Experian,619,4,
19990,7438,19990,2020-06-13,Experian,804,4,
19991,6774,19991,2022-03-18,TransUnion,629,0,
19992,257,19992,2023-01-28,Equifax,644,1,
19993,8969,19993,2022-09-25,TransUnion,814,5,
19994,11019,19994,2023-04-07,Equifax,611,3,19
19995,4670,19995,2022-08-24,TransUnion,774,0,
19996,1363,19996,2023-11-28,Experian,829,3,
19997,12010,19997,2020-09-18,Experian,700,1,
19998,14766,19998,2021-10-05,TransUnion,677,1,
19999,13235,19999,2022-09-18,Equifax,677,3,7
20000,6142,20000,2020-05-02,Equifax,747,4,
